Metabolite,BC1,BC2,BC3,BC4,BC5,BC6,BC7,BC8,HFD1,HFD2,HFD3,HFD4,HFD5,HFD6,HFD7,HFD8
(+)-Carpaine,0.267206107,0.442208738,0.186837204,0.08276914,0.049805039,0.061907631,0.277181797,0.037427584,0.085500811,0.037774504,0.149029164,0.032406116,0.029856229,0.257449823,0.10191724,0.071891733
(+)-Eudesmin,0.10116307,0.142520812,0.084643,0.111166457,0.077100621,0.077043319,0.082863654,0.107642168,0.085649361,0.104052666,0.09531757,0.088579791,0.089322997,0.107834673,0.137800635,0.090930849
(+)-Nootkatone,0.357794153,0.442151086,0.239642035,0.419998939,0.513031072,0.416984281,0.492520464,0.436890421,0.306015875,0.282793176,0.333732849,0.303130303,0.249218938,0.304007458,0.449849903,0.50336544
(+)-[6]-Gingerol,0.604567878,0.604923648,0.654258118,0.554358041,0.48030083,0.54836717,0.458797089,0.373724077,0.312807974,0.44561324,0.390597708,0.555380009,0.522188233,0.503701276,0.812692834,0.823858097
(+)-cassaine,2.176586578,2.03092652,2.15061438,1.294318355,3.246542576,2.036880199,3.016485613,1.41021197,2.418748894,2.101774739,1.17788337,2.277900142,1.657905112,2.618739209,1.664881508,1.974512087
(+)-castanospermine,0.71414764,0.184720454,0.635466109,0.658686632,0.212137074,0.527656929,0.603886356,0.72025689,0.270705649,0.154586955,0.219691428,0.636173576,0.671178766,0.756558271,0.412924877,0.407871201
(+)-fawcettimine,0.044294976,0.059697686,0.031640143,0.043240981,0.030127788,0.037146636,0.034108214,0.049810946,0.029902989,0.053940236,0.037664405,0.055511644,0.034712919,0.041656244,0.054262487,0.041868315
"(10E,15Z)-9,12,13-Trihydroxy-10,15-octadecadienoic acid",0.280639274,0.360295027,0.136438854,0.10121658,0.124763453,0.098976779,0.187557106,0.157849657,0.16465817,0.687951659,0.113340612,0.106073099,0.498093614,0.222711644,0.186604331,0.165030098
(1E)-N-Hydroxy-4-(methylsulfanyl)-1-butanimine,0.196798357,0.060664893,0.123270022,0.047433592,0.094053588,0.113601226,0.093077018,0.271282335,0.183582924,0.35935118,0.250553514,0.172359331,0.510860284,0.252088044,0.172756841,0.07839549
"(1R,2R,3S,5R,7R)-2-Acetamido-7-(1,2-dihydroxyethyl)-3-hydroxy-6,8-dioxabicyclo[3.2.1]octane-5-carboxylic acid",6.456320994,3.383061604,4.116068251,5.324162961,6.177560007,6.425967102,5.564330373,6.223837369,6.294475633,10.84577704,4.146350038,8.600135158,4.110799942,5.765126487,11.51836772,5.201212216
"(1R,5R)-3,3,5-Trimethylcyclohexyl 5-oxo-L-prolinate",0.039875297,0.072143356,0.03686564,0.025618277,0.034911405,0.041130171,0.04187322,0.029232073,0.073791114,0.052229037,0.065913697,0.023964827,0.028390314,0.074409445,0.086653404,0.069750792
"(1S,16R)-7,11-Dihydroxy-8,8,10,16-tetramethyl-12-methylene-3-[(1E)-1-(2-methyl-1,3-thiazol-4-yl)-1-propen-2-yl]-17-oxa-4-azabicyclo[14.1.0]heptadecane-5,9-dione",1.179226344,0.085500089,0.044520946,0.644797999,0.033034183,0.071482658,0.040029051,0.060517806,0.034856079,0.049801433,0.048359253,0.035953732,0.049694256,0.049946866,0.07761753,0.052407262
"(1S,2R,5S)-2-Isopropyl-5-methylcyclohexyl 3-oxobutanoate",0.228266378,0.389963807,0.246180515,0.151740292,0.112076222,0.166973456,0.271152508,0.368070771,0.204796161,0.224880048,0.443231212,0.336605737,0.199265651,0.245095757,0.10100691,0.259421408
"(1S,2R,7R,8R,11R,12R)-12-Methyl-6-methylene-17-oxa-14-azahexacyclo[10.6.3.1~5,8~.0~1,11~.0~2,8~.0~14,18~]docos-7-yl acetate",0.560817334,2.516113135,0.999821715,1.507428159,6.412116943,0.21248258,0.02759839,0.035648691,9.992727555,4.333763094,1.961795172,0.479849011,1.377687511,4.036930133,0.182536044,0.103750923
"(1S,5R,9R,13R)-1,5,9-trimethyl-11,14,15,16-tetraoxatetracyclo[10.3.1.0â´,ÂaÂl.0â¸,ÂaÂl]hexadecan-10-one",0.949433698,0.200659313,0.868246842,0.552043261,0.589204934,1.52133409,1.815981472,2.320675562,1.727604894,3.477201479,0.837196693,2.536886543,1.244128496,0.931392302,1.199343809,0.35675148
"(1S,6S)-6-Aminooctahydro-1-indolizinyl acetate",74.17874719,16.80628725,40.48461242,28.61767037,0.467252935,0.053228679,0.094834477,0.168570974,9.625328018,0.292052533,0.050765991,0.177989076,0.036974102,7.2115958,0.243992076,0.05461275
"(1Z,4E,6E,8E,10E,12Z)-N-(1,4-Dihydroxy-2-butanyl)-4,8,10,12-tetramethyl-3-oxo-4,6,8,10,12-tetradecapentaenimidic acid",0.126882618,0.070514553,0.056380554,0.067930214,0.36065372,0.726171006,0.293013984,0.68958439,0.798394874,1.248903504,0.237689933,3.237392184,2.043723768,1.009106677,2.77655566,1.307518148
(2-(Dimethoxymethyl)-1-heptenyl)benzene,0.23617212,0.422028668,0.334863694,0.361125391,0.286342061,0.377218702,0.349023333,0.406366427,0.250815274,0.373931481,0.331873121,0.260724628,0.326625384,0.396859621,0.599955813,0.36455389
(2E)-3-(4-Hydroxyphenyl)-N-[2-(1H-indol-3-yl)ethyl]acrylamide,0.03837156,0.063983608,0.043099205,0.04840038,0.039903424,0.044664464,0.04201694,0.065089122,0.049364614,0.056454585,0.052552016,0.048098389,0.04506978,0.061088767,0.079084316,0.048807953
(2E)-hexadecenoylcarnitine,3.94851157,8.556003985,2.210822127,4.062604307,4.334489879,3.630361874,3.498585411,3.1270077,8.374540623,4.131109006,4.094941488,5.92140027,4.901553095,3.847635005,4.762103601,3.072214607
"(2E,4E,12Z)-N-Isobutyl-2,4,12-octadecatrienamide",0.012954295,0.019769176,0.007107894,0.015017843,0.005649556,0.014338605,0.008075389,0.010585463,0.240275339,0.009828507,0.009400084,0.00624759,0.007745032,0.010088552,0.014150634,0.009679727
"(2E,4Z)-N-Isobutyl-2,4-octadecadienamide",0.421863014,2.671364029,0.474507321,0.757955179,0.373190639,0.850639988,0.669004134,0.383027423,0.364595706,0.445617502,0.721545654,0.58103744,0.523876635,0.574704874,0.820761359,0.388456019
(2R)-3-{[(2-Aminoethoxy)(hydroxy)phosphoryl]oxy}-2-hydroxypropyl laurate,0.147553525,0.067404345,0.175119097,0.054892632,0.050592605,0.081246278,0.045493817,0.155726272,0.056721959,0.058750451,0.072714692,0.048895427,0.04618201,0.061485696,0.076456896,0.057083927
(2R)-3-{[(2-Aminoethoxy)(hydroxy)phosphoryl]oxy}-2-hydroxypropyl pentadecanoate,79.36295089,27.57262217,148.3483162,64.19047742,19.42079344,43.23304246,53.1515527,74.09832134,64.06498869,32.78026616,48.26979762,32.2682824,29.94708245,25.54954025,58.64270579,26.623212
"(2R,4aR,6bS,12aS)-1-Hydroxy-1,2,6b,9,9,12a-hexamethyl-10,13-dioxo-1,3,4,5,6,6a,6b,7,8,8a,9,10,11,12,12a,12b,13,14b-octadecahydro-4a(2H)-picenecarboxylic acid",0.05831273,0.128686561,0.067424516,0.072290594,0.059291802,0.064775461,0.065867387,0.076538118,0.079163258,0.10652794,0.131581887,0.133425266,0.101448818,0.100763778,0.16131518,0.125431839
(2S)-2-Amino-8-hydroxyoctanoic acid,0.306476,0.204711404,0.61977252,0.297878088,0.331533451,0.175637053,0.28899188,0.331949535,0.42880035,0.229507621,0.265994085,0.267694794,0.15798742,0.417316807,0.319934237,0.390896924
(2S)-2-[(1-Carboxyethyl)amino]-4-(dimethylsulfonio)butanoate,0.3354473,0.122952517,0.290581221,0.306720553,0.308605297,0.151954531,0.179106269,0.15189249,0.525560319,1.131777457,0.206158768,0.387081194,0.528065288,0.346847081,0.108525233,0.093817546
"(2S)-4-Methyl-2-({[(3S,4S,5R)-2,3,4-trihydroxy-5-(hydroxymethyl)tetrahydro-2-furanyl]methyl}amino)pentanoic acid (non-preferred name)",0.464662221,0.519196274,0.379297359,0.528586556,0.559365005,0.538641569,0.527245034,0.638426332,0.712014837,0.778119999,1.560222771,0.567627525,0.489085193,0.716635818,0.614243186,0.441723054
(2S)-5-Carbamimidamido-2-(2-oxo-1-azetidinyl)pentanoic acid,1.32179957,1.03678049,2.220122162,0.843668946,0.794079066,0.734019157,0.760887899,1.284380249,0.545273455,0.60478904,1.732154015,0.481989557,0.406148971,0.510290133,0.394923116,0.501023928
"(2S,3S)-2,3-dihydro-3-hydroxyanthranilic acid zwitterion",10.51552158,6.522283208,10.26450226,15.71913987,9.441520782,8.26618887,13.56715701,7.752489413,8.142515018,6.816423983,12.79648468,7.399265214,6.274758797,6.014227508,6.838682173,9.205870148
"(2S,8R)-2-Amino-8-hydroxydecanoic acid",0.133509705,0.132247444,0.08354473,0.116945376,0.141129873,0.118157376,0.081951179,0.0732263,0.166367851,0.138235792,0.083955958,0.10748596,0.114352929,0.165054919,0.0741932,0.11848134
"(2Z)-3-(3,4,5-Trimethoxyphenyl)-2-propen-1-yl acetate",0.344128952,0.518995891,0.670612455,0.366845996,0.752183256,0.470499529,0.774119649,0.336722802,0.520968895,0.355402731,0.222813614,0.596942211,0.693304035,0.874907888,0.852639362,1.164704977
(2Z)-3-Phenyl-1-(1-pyrrolidinyl)-2-propen-1-one,0.511338755,1.467073353,2.110175123,8.022875028,1.611940618,1.056728215,1.730564366,1.077579183,1.194846031,0.404927877,1.625896387,0.311988713,0.495177036,1.823670321,1.731393901,1.42353168
"(3R,2′S)-Myxol 2′-(2,4-di-O-methyl-α-L-fucoside)",0.306019059,0.391184332,0.31906636,0.352133727,0.529091122,0.361231689,0.521127455,0.893422508,0.583782406,0.663085075,0.384667938,0.472602574,0.506397844,0.827952114,0.470901462,0.461297515
(3S)-3-hydroxy-L-enduracididine,0.15706232,0.152033727,0.162764853,0.150760073,0.15167428,0.174260854,0.167449303,0.1445786,0.106183368,0.135439371,0.182286798,0.144768903,0.131926017,0.138632244,0.173293434,0.179850719
(3S)-3-{(Z)-[(3S)-3-{(Z)-[(3R)-3-Amino-1-hydroxy-4-methylpentylidene]amino}-1-hydroxybutylidene]amino}-5-methylhexanoic acid,0.430656603,0.434741486,1.153657032,0.384733786,0.191335449,0.57398466,0.75956315,1.824114537,0.117962758,0.243781905,0.703222566,0.351411798,0.108511044,0.059697997,0.11617376,0.238228209
(3Z)-3-Hexadecylidene-4-hydroxy-5-methylenedihydro-2(3H)-furanone,0.162075836,0.74412891,0.072600949,0.297943638,0.025563033,0.020934096,0.012780209,0.01718013,0.024630097,0.016791779,0.016685214,0.013658474,0.01463719,0.016828816,0.025240187,0.02165644
"(3aR,4R,5R,6aS)-5-Hydroxy-4-[(1E,3S)-3-hydroxyoct-1-en-1-yl]hexahydro-2H-cyclopenta[b]furan-2-one",0.457343656,0.757732501,0.167283418,0.306220341,0.555658158,0.385596643,0.328883719,0.626685801,0.766380986,1.071415979,0.673559485,0.869757595,0.782172669,0.632021048,0.254308504,0.591008267
"(3β,17E)-17-{[3-(1-Pyrrolidinyl)propyl]imino}androst-5-en-3-yl acetate",0.027093057,0.056385717,0.020506019,0.047608774,0.067940046,0.091454032,0.018794106,0.025863069,0.044491099,0.059282879,0.02935242,0.096036105,0.024735908,0.060316739,0.074644208,0.036774146
"(3β,24R,24′R)-fucosterol epoxide",18.03513404,18.08744692,17.39818267,12.54932676,8.645065584,8.897425501,21.96077687,28.86912088,13.03322332,18.2332743,17.45549819,12.51267614,0.271293996,16.3983372,32.56918466,24.01200879
(4-Ethoxyphenyl)urea,1.222268801,1.098052741,0.931296772,1.087918622,1.164955789,2.348417398,1.933327791,2.462977128,1.381189012,2.09556786,1.472402144,1.209704096,1.031799576,1.57404093,1.401701008,1.147950426
(4-Hydrazinophenyl)methanol,0.033038466,0.045460291,0.032443061,0.035108332,0.096335113,0.069479597,0.032781131,0.168857436,0.095600814,0.096275479,0.039186539,0.145906497,0.10235846,0.222528963,0.332833964,0.210037138
"(4E)-2-Amino-4-octadecene-1,3-diol",3.658364948,7.056029928,6.383251698,12.37727341,5.935104214,11.18296538,5.445933354,9.667438343,7.540860463,10.67404562,9.947747097,9.921234937,3.634817618,10.19773602,18.05798929,7.28797349
(4S)-4-[(6-Carboxyhexanoyl)oxy]-4-(trimethylammonio)butanoate,2.965656644,0.829576662,3.443165343,1.206371341,1.805989143,3.277621038,5.264296027,3.16929212,1.383436632,3.549385917,1.403949044,3.43557481,1.198079783,3.067339315,3.538096952,2.16937253
"(4S)-4-[(9Z,12Z,15Z)-9,12,15-Octadecatrienoyloxy]-4-(trimethylammonio)butanoate",33.62832089,34.79528113,21.81099698,19.04982516,18.54208538,12.35296849,13.64877653,16.53184125,20.79041847,26.90980262,23.79313295,37.64497999,29.71436984,25.26869895,36.51391703,29.98840117
(4S)-4-{[(9Z)-3-Hydroxy-9-hexadecenoyl]oxy}-4-(trimethylammonio)butanoate,1.615768295,2.267497998,2.090738247,2.086003612,1.717223332,1.604195813,0.633333826,3.383481788,0.773021197,1.198324465,1.337128349,1.410365296,1.359753032,0.765899413,2.505411664,1.233444538
(4S)-4-{[(9Z)-3-Hydroxy-9-octadecenoyl]oxy}-4-(trimethylammonio)butanoate,24.90838832,38.06877162,21.94147916,22.01844991,17.68700332,12.67776512,18.48613142,19.88240044,27.88175547,22.78425099,19.05311758,26.14400274,19.43479574,23.33306192,25.8981731,29.37010085
"(5E)-7,7-Dimethyl-4-oxa-8-thia-2,5-diazanon-5-en-3-one",0.126699082,0.038126825,0.029159395,0.036586738,0.024896082,0.028566744,0.03061833,0.086720254,0.030456684,0.056053655,0.03488644,0.177997075,0.124641205,0.115908971,0.338234226,0.033237488
(5E)-7-methylidene-10-oxo-4-(propan-2-yl)undec-5-enoic acid,0.050367745,0.426718246,0.308618406,0.330348532,0.46092005,0.595536943,0.637924243,0.195881867,0.352354343,0.445807409,0.915616718,0.054018213,0.641145324,0.490870821,0.754009297,0.786615507
"(5E,7E,10R,12R,13E,16R,17R,18S,22S)-22-Ethyl-10,12,16,18-tetrahydroxy-17-methyloxacyclodocosa-3,5,7,13-tetraen-2-one",123.1363442,124.0887116,111.3861462,168.2661525,144.2642471,128.9890215,125.9707183,132.2772301,117.0453445,126.2004406,91.74920437,127.0927763,143.100118,132.4924516,167.916987,136.3337105
"(5S)-5,6-Dihydrothymidine",6.52335353,5.783146314,7.233302296,6.082465491,4.928154035,7.795589085,7.861697155,9.069808791,4.8413579,6.572384355,7.987176662,6.100063625,6.35333785,6.883418002,6.832948145,5.897941273
"(6R,10S)-13-[(2S)-6-Hydroxy-2,5,7,8-tetramethyl-3,4-dihydro-2H-chromen-2-yl]-2,6,10-trimethyltridecanoic acid",50.28508318,46.08397682,29.30261118,34.00714675,41.9690273,53.00400659,38.41766093,39.24995794,29.55801612,38.39689733,22.17333804,36.03130991,25.65491473,29.87038317,54.3382457,12.43704529
"(6Z)-6-Tetradecene-1,3-diyne-5,8-diol",0.399882312,0.481530966,0.491105003,0.335936916,0.402309186,0.059603347,0.321787377,0.167338008,0.303274036,0.713185884,0.676299417,0.28633143,0.286571552,0.753548358,0.659110187,0.61041317
"(6aR,11aR)-10-(3-Hydroxy-3-methylbutyl)-6a,11a-dihydro-6H-[1]benzofuro[3,2-c]chromene-3,9-diol",0.062740278,0.098285181,0.076163227,0.060596927,0.044303781,0.053082778,0.064534385,0.080422357,0.06049947,0.068401014,0.073470857,0.059937867,0.057291998,0.079673635,0.107824471,0.06847447
"(8E)-2-Amino-8-octadecene-1,3,4-triol",3.216035247,10.72497756,3.851103363,5.626656349,2.987924965,5.059822919,3.311566874,6.438670515,4.003844514,3.498935465,5.74924791,2.037836902,4.101748279,3.291671432,6.906313935,4.623835086
(Ac)2-L-Lys-D-Ala,0.282270077,0.142630096,0.137119017,0.297505004,0.070458738,0.428807966,0.249891013,1.176349589,0.175645485,0.36253465,0.286717908,0.613927569,0.497921237,0.113138844,0.305270233,0.383994656
(Carbamoylamino)(4-hydroxyphenyl)acetic acid,0.51031157,0.39687034,0.554100549,0.515085669,0.080911934,0.04045051,0.162364445,0.350218914,0.187897079,0.075584172,0.081575202,0.047104984,0.047563608,0.307469065,0.078877659,0.046491163
(E)-Ferulic acid,0.165412632,0.07689646,0.044487649,0.04076129,0.109506591,0.036904368,0.037391484,0.133037586,0.179263756,0.038115938,0.168636088,0.142111716,0.034549224,0.184729241,0.059238521,0.166638975
(E)-Ranitidine,0.865725873,0.730327141,0.28208038,1.512880493,1.157109629,0.697005433,0.758732953,0.744031294,0.790172818,0.876942827,0.464965068,3.047714187,1.428074049,0.697938058,1.428874091,0.403358952
(E)-p-coumaric acid,178.2268736,141.5803733,136.0342828,149.946566,141.0692759,210.5316552,188.6059429,148.6381744,76.55201808,55.23999117,197.2923717,81.27063021,84.43093227,48.09439341,65.21802918,203.8528796
"(E,Z)-2,6-Nonadienal",0.322932286,0.63355561,0.080391854,0.405293327,0.313819241,0.378275771,0.424401146,0.147986276,0.106559035,0.67396476,0.112192973,0.577616229,0.081777523,0.116508617,0.169239916,0.097044619
(R)-3-hydroxybutyrylcarnitine,0.264502945,0.335018534,0.342525358,0.447276041,0.31940086,0.341406718,0.468275677,0.470336116,0.744448392,0.494212744,0.348103797,0.24176935,0.228375728,0.899067391,0.347410821,0.380104126
(S)-(+)-Bulbocapnine,0.041375325,0.054062419,0.076848442,0.047921732,0.03310979,0.042480286,0.036829551,0.04498865,0.040861492,0.06351723,0.0466809,0.066436967,0.039497758,0.050362064,0.067206601,0.045457933
(S)-2-hydrazino-3-(4-hydroxy-3-methoxyphenyl)-2-methylpropionic acid,0.063746405,0.044954596,0.131523593,0.09142196,0.074779735,0.082027175,0.103310971,0.343502912,0.102863832,0.047164993,0.092014416,0.082543629,0.152089252,0.12396227,0.085678766,0.07280462
"(S)-3,5-DHPG",0.233243905,0.319234184,0.302045606,0.319530203,0.281653968,0.301059167,0.411552922,0.256423322,0.205505578,0.39392986,0.406221771,0.231322457,0.193951421,0.273261613,0.326773131,0.335183304
(S)-3-(indol-3-yl)-2-oxobutyric acid,1.074226701,1.105608076,0.495514618,0.685285753,1.316180425,1.913471539,1.273754778,1.118363037,1.934985467,1.616406119,1.299851936,1.765065111,0.978854289,2.497787606,1.635174618,1.285508556
(S)-piperazine-2-carboxamide,0.496956737,0.292898489,0.240398152,0.316250147,0.275461269,0.37468114,0.326646417,0.732604296,0.524269717,0.850634936,0.645144441,0.524786136,0.496299906,0.659230231,0.416166677,0.367498342
"(Z)-N-(6-Amino-2-{(Z)-[(2,3-dihydroxyphenyl)(hydroxy)methylene]amino}-1-hydroxyhexylidene)serine",2.096869751,2.024513687,1.503197626,0.638429645,2.275241512,1.779250743,2.499550202,1.949549709,2.016598082,2.191529661,1.618826833,2.363384851,1.573017646,1.162597593,2.979242776,3.952022429
(Z)-thiofanox,0.03322819,0.047660373,0.032964087,0.038991278,0.029911128,0.037744921,0.037708365,0.04344214,0.055991317,0.066051313,0.039240427,0.056238214,0.041484736,0.0433993,0.193285475,0.069213005
(cyclohexylmethyl)pyrazine,0.046216617,0.05564892,0.045357697,0.048074888,0.046129403,0.040955276,0.044399689,0.050277515,0.040644044,0.05430526,0.055057753,0.043994834,0.041105926,0.050878111,0.07301697,0.047532761
(±)-(2E)-Abscisic acid,4.939457961,4.230932571,7.109057801,4.001994153,5.844473626,6.207971492,7.372551897,5.347214039,5.697605001,8.031439555,4.153675723,6.277541937,4.934617967,7.03584932,4.560949574,3.385977235
(±)-Albuterol,0.246405075,0.095074209,0.062875548,0.138512521,0.379132242,0.141616725,0.125229395,0.375386901,0.326975735,0.845544156,0.60269054,0.080768299,0.299290397,0.197564747,0.39256022,0.060584886
(±)-Metanephrine,0.185539994,0.12771708,0.148026682,0.191716538,0.126259789,0.22538203,0.226407897,0.524600971,0.261437169,0.478934094,0.116533547,0.368996912,0.207872591,0.121868277,0.124965778,0.237170193
(±)-Tropinone,0.824196677,1.243397912,0.56216898,0.602320182,1.156974695,1.666392538,1.310139755,1.22930673,2.064207461,3.208121207,1.355168012,2.008418724,1.735566504,1.671654985,1.685243725,1.444132214
(±)-Usnic acid,0.020449725,0.033628016,0.023548508,0.0266808,0.018542169,0.021471452,0.023147738,0.03086447,0.023634542,0.029798951,0.030951729,0.032488632,0.028482193,0.032479498,0.045152093,0.02654794
(±)-nicotine,0.066900538,0.130885096,0.013118398,0.044420424,0.051273434,0.017841432,0.030719727,0.03441631,0.01930849,0.009081047,0.031743635,0.02195232,0.042758547,0.031101937,0.039939555,0.009792763
(−)-Brucine,0.055941742,0.063339352,0.052874184,0.04491763,0.038241665,0.073736333,0.082940772,0.113616296,2.054917493,1.080118216,0.086239791,0.437751727,0.991349348,1.548636895,0.286500806,0.055503434
(−)-Indolactam V,1.969755861,1.03359624,2.137690178,2.022558162,1.174606238,1.050553544,1.452491249,2.831940699,0.990926839,1.992875609,1.664594891,0.5593883,0.790858358,0.848881512,1.256066147,1.596884336
(−)-Oxycodone,0.025816432,0.036933048,0.027505817,0.03175023,0.032441164,0.031095692,0.026734413,0.030961187,0.025091345,0.032018617,0.032716423,0.03214453,0.027173855,0.053681713,0.054186864,0.031957188
(−)-Riboflavin,4.683040603,4.28758129,4.469429277,3.66709703,7.354558578,5.551225053,5.29399516,4.10066136,5.984753917,6.831634657,5.25851794,5.611136352,5.1811036,4.960797879,4.646401535,5.658520224
(−)-codeine,0.02570699,0.031999746,0.023184775,0.026409824,0.015483555,0.022345632,0.020395105,0.034250115,0.022260403,0.027985873,0.032252579,0.027359842,0.022931594,0.028445731,0.055728414,0.028225955
(−)-pinellic acid,0.076428797,0.081377799,0.060418113,0.06486098,0.047496133,0.062410602,0.069812472,0.079090546,0.054087099,0.088878848,0.075160757,0.073394635,0.065695506,0.075228816,0.106600206,0.081586118
(−)-swainsonine,11.15043787,9.627240066,11.60858533,8.975581017,5.68166033,10.72032342,14.48625294,13.86951494,4.836913056,4.43073912,4.207148664,5.895101434,6.877991849,7.065012375,7.7067494,5.38430107
(−)-α-Santonin,3.669642384,3.177902754,5.333666077,3.089181373,4.313960337,4.586417479,5.570486206,3.912366029,4.281506257,5.826413701,3.112345073,4.665735173,3.722459828,5.312179736,3.362739242,2.648087102
.alpha.-Aminoadipic acid,17.64725983,22.42940671,19.96199623,23.73717516,2.082722618,16.52892191,16.01219451,22.23569383,22.40476446,21.96613815,16.86145915,19.01515463,16.00850977,13.85905257,29.57369275,26.38668031
"1,2,3,6-Tetrahydrophthalimide",0.871617916,1.527106518,0.909649041,1.542674363,1.668488586,1.103193065,0.986621695,1.240315185,2.872704623,2.132684224,1.158260941,0.968795991,2.111547027,1.621966938,1.414896923,1.670034656
"1,2-dihydroxy-3-keto-5-methylthiopentene",0.656340732,0.832551068,0.85815411,0.645442931,1.079933082,0.878388224,0.937138308,0.815363835,1.169481565,1.462724274,0.916107627,1.259422826,1.869266756,0.808165795,0.833268111,1.053051965
"1,4,5,6-tetrahydro-6-oxonicotinic acid",13.96646493,4.918080255,36.01502519,10.60186152,2.076109046,6.974191707,2.117464914,7.130464423,4.503945945,5.19035358,10.48664223,9.871465192,9.373342223,5.619532953,8.293824575,11.06846253
"1,4-Dimethylimidazole",0.16472031,0.264316499,0.150165478,0.239320643,0.18057763,0.186756017,0.148081132,0.163908418,0.32450059,0.680273342,0.423249146,0.254319659,0.407633131,0.458642929,0.66435481,0.298133572
"1,5-DAN",2.323324474,2.068417544,1.908841359,2.465558808,2.035164962,3.03974129,2.557729142,2.202097256,1.098395135,1.277759468,3.046648719,1.515045789,1.213338215,0.978982826,1.470981273,2.659364328
"1,5-Isoquinolinediol",0.593533261,0.451278149,0.503615001,0.637853702,0.701667649,0.629936022,0.8393755,2.204543832,1.713460726,1.251310744,0.590297631,0.548097442,1.107083051,0.797812392,0.706365125,0.7734703
1-(14-methylhexadecanoyl)pyrrolidine,0.014180626,0.024420918,0.015207906,0.016735109,0.014641562,0.015317987,0.016488259,0.020137625,0.015427957,0.019503207,0.019025414,0.017420801,0.016669602,0.020845764,0.029910541,0.019843204
"1-(3-Hydroxypropanoyl)-1,3,6,8-tetramethyl-1,2,4a,5,6,7,8,8a-octahydro-2-naphthalenecarboxylic acid",0.052978737,0.283288798,0.229102955,0.231015317,0.047612234,0.269140434,0.241790526,0.090624724,0.065186608,0.045436954,0.344623183,0.304225843,0.35136234,0.063832786,0.402427794,0.325492482
1-(4-Aminobutyl)urea,3.809445721,1.705705139,7.866022038,3.343399672,0.416273149,2.349842239,1.839776349,1.066752713,0.658877372,0.921308816,6.155076004,2.355201699,0.511584974,0.797369234,1.502895615,1.115946213
"1-(4Z,7Z,10Z,13Z,16Z,19Z-docosahexaenoyl)-sn-glycero-3-phosphocholine",12.51099048,4.078077968,0.729747247,3.036409291,0.960438248,8.546002656,5.797901959,4.179645311,1.858757033,16.18189716,6.796597465,16.50919962,19.74380951,3.519187238,18.96046266,6.198854769
1-(Decanoyloxy)-3-(octanoyloxy)-2-propanyl tridecanoate,0.020785406,0.035448372,0.024084492,0.025503519,0.02021501,0.024627807,0.059963662,0.0627384,0.025630605,0.033723679,0.029250353,0.027188257,0.026765759,0.030629272,0.0435897,0.030440986
"1-(β-D-Ribofuranosyl)-1,3,4,7-tetrahydro-2H-1,3-diazepin-2-one",0.585314949,0.513886191,0.635539841,0.590790724,0.158009474,0.220810177,0.221521387,0.401692569,0.233846167,0.178285706,0.127837373,0.085534593,0.184462809,0.352659533,0.123760472,0.216181168
1-(β-D-ribofuranosyl)thymine,0.051778944,0.04370039,0.06054596,0.055426583,0.832934477,0.161285697,0.133598805,0.483400529,1.321285009,1.238175622,0.350828893,0.561011162,3.525343762,1.788346184,0.344444584,0.157553374
1-Deoxy-1-(4-morpholinyl)-α-D-fructofuranose,203.859629,251.1405114,466.1869457,464.7038626,40.07007107,41.34269658,31.79002671,20.94978984,31.44952948,9.454838107,58.89879967,12.37823885,9.890391468,22.28742058,11.41072792,72.33762423
1-Hexadecyllysophosphatidylcholine,18.55082357,16.47534946,20.79402221,16.10651028,2.568424448,16.25636722,8.082765431,15.50059112,13.34693003,6.173017253,26.55247034,9.079516931,8.618427845,10.87049059,16.90459713,17.80460946
1-Linoleoyl-2-Hydroxy-sn-glycero-3-PC,97.9059223,26.98605659,34.54738852,100.5466412,23.65523035,69.37396562,104.950718,115.4114854,34.92187118,115.3491799,118.8540146,76.70328534,43.91188842,51.55478059,166.2853997,65.50444274
"1-Methyl-1,9-dihydro-6H-purin-6-imine",2.352618655,4.377437803,3.821273422,2.459280612,4.24921271,2.804224151,4.333808169,2.687250384,2.550494569,3.126503069,4.602879639,2.303020052,2.648378961,2.542011458,3.062825106,4.789860997
1-Methyladenine,1.644413882,3.372324107,3.525148868,2.026612079,10.3814075,3.520184248,3.719641346,3.662839402,12.32277825,14.84296789,3.684701104,4.911847861,18.77027464,16.47614907,5.733413172,6.714981889
1-Methylhistamine,4.472151109,2.901335583,6.592572914,2.264733827,8.961006032,2.721822153,2.170179627,5.240203871,6.386352184,9.919545239,9.771624444,4.680664775,14.2628159,14.96153288,4.342504505,3.215821255
1-Myristoyl-2-hydroxy-sn-glycero-3-PE,14.99777008,4.704965863,23.91879869,9.607931295,1.595958148,6.006939378,6.207696419,16.87745724,7.331851752,3.04831783,5.22579372,6.450484095,4.44761717,3.077201553,8.914873796,2.992380578
1-Palmitoyl-2-hydroxy-sn-glycero-3-PE,68.15090594,47.12195668,129.7841999,64.77303336,14.85044955,42.22975082,44.87386536,128.7391749,58.27337323,34.46260495,53.89004965,41.09709033,43.8150215,38.21049453,120.4716594,37.76721506
"1-Pentofuranosyl-2,4(1H,3H)-pyrimidinedione",1.795549222,1.365437103,1.870887954,2.498676371,1.942456371,1.761646243,1.415531056,3.784180158,2.866493103,6.134660098,1.479416416,3.594647182,5.483086217,5.300170574,6.027103661,2.222369454
1-Stearoyl-2-hydroxy-sn-glycero-3-PE,3.464849466,6.78209867,6.445619671,4.082783817,0.877827132,2.839319447,2.491427795,9.979512021,2.65893947,4.278702728,6.720985751,2.377438982,5.003931476,3.40680932,14.89075392,5.13811542
1-Tetradecylamine,0.382745589,1.118053696,0.408898662,0.821920254,0.331898835,0.474725066,0.395244704,0.702982901,0.506361772,0.421761928,0.833931949,0.628804397,0.732539297,0.625218676,1.189926325,0.772468483
1-U,1.163978672,1.3257455,1.354103755,1.235804346,1.87205288,1.174335518,1.617544997,1.213104176,1.337193191,1.612476142,1.095749418,1.350207837,0.514087852,1.67874323,0.388473773,0.810199165
"1-[(11Z,14Z)]-icosadienoyl-sn-glycero-3-phosphocholine",3.815136438,4.758401797,2.146203425,4.810720572,2.541155918,4.134953372,4.128480816,3.158122472,3.356114379,3.379943625,7.491886103,3.168183835,2.602348846,3.100925344,7.066193925,8.00050157
"1-[(8Z,11Z,14Z)-icosatrienoyl]-sn-glycero-3-phosphocholine",14.87548016,3.273337904,3.199103672,13.54068024,3.01492603,12.93593489,15.84003826,25.2739218,5.16790735,37.79698803,22.1354986,15.61183821,10.5820425,11.15630785,32.80504045,12.29208032
1-[(9Z)-hexadecenoyl]-sn-glycero-3-phosphocholine,0.034363912,0.193728318,1.494649396,0.617617246,0.051412274,0.485115722,0.064841603,0.045095921,0.560125645,0.044703364,0.209119632,0.039384539,0.148430604,0.531531915,0.88047426,0.415425945
"1-[5-(2,3,4-Trihydroxybutyl)-2-pyrazinyl]-1,2,3,4-butanetetrol",0.627003431,0.131704564,0.476244304,0.236845175,0.107199651,0.119763206,0.155776244,0.085062816,0.075890049,0.662533173,0.106826946,0.080921977,0.452267769,0.423735153,0.549587263,0.363464717
1-arachidonoyl-sn-glycero-3-phosphocholine,58.19093092,14.12386677,9.536083757,66.02785186,9.199171401,52.34953563,49.79815257,73.76478865,15.51009364,98.03205449,70.82248436,75.12074313,56.95359584,28.2844618,198.6553734,43.94518661
1-heptadecanoyl-sn-glycero-3-phosphocholine,2.06285742,1.990747214,1.606740684,1.144729857,0.480464071,1.67131499,0.478412268,1.052044751,1.9708623,1.807479882,2.23720406,2.167780879,1.633113692,0.657493589,3.526368266,1.510039505
"1-methyl-1,2,3,4-tetrahydro-β-carboline-3-carboxylic acid",3.726378273,4.500654016,3.202551022,3.50880825,3.747393397,3.686693377,2.83723342,3.858188317,3.586120424,4.145019718,2.437424122,3.53164053,3.541364775,3.68333645,3.917297459,2.968539478
1-methylhypoxanthine,0.45495191,0.36966475,1.133448015,0.983631521,1.147018237,0.365654585,0.469896714,0.110707667,0.220005063,0.048220568,0.231243999,0.076839157,0.102992136,0.160911504,0.06804185,0.552489955
"10,16-Dihydroxyhexadecanoic acid",0.453328963,0.139176517,0.100768924,0.099137904,0.35222478,0.458164445,0.475888904,0.589429076,0.436853049,0.666923109,0.144166158,0.128950003,0.449796349,0.640422671,0.190268474,0.120010548
10-Nitrolinoleate,0.039737506,0.078816063,0.045653575,0.048310282,0.037567372,0.042393995,0.041850992,0.049023865,0.046715008,0.055201602,0.056095752,0.050419053,0.120739096,0.057389775,0.155067735,0.048013347
"10-[(5E)-3,4-Dihydroxy-5-isopropyl-5-hepten-2-yl]-5,6-dihydroxy-7a,9a-dimethylhexadecahydro-3H-benzo[c]indeno[5,4-e]oxepin-3-one",0.047253004,0.059110079,0.041880093,0.051819283,0.033386554,0.040685783,0.050749659,0.047518737,0.045404215,0.064432961,0.050951845,0.035379378,0.048813153,0.057313535,0.064461975,0.048305459
11-Aminoundecanoic acid,0.034428374,0.043838743,0.027525903,0.029728152,0.040161944,0.025821986,0.025952873,0.033370004,0.307345911,0.039815936,0.08227281,0.039577695,0.047726232,0.088245394,0.047921584,0.065401824
"12,13-Epoxytrichothec-9-ene-4,7-diol",0.2991583,0.504823135,0.070328959,0.310907037,0.399077737,0.431290086,0.388718437,0.442123485,0.421541566,0.532962278,0.112294554,0.481694474,0.495648588,0.246932295,0.562026828,0.212771077
12-HSA,45.63029865,98.57700576,86.75382885,51.83300888,80.40280739,54.14314794,40.49128805,21.25261004,29.89759999,23.830047,42.87356401,35.26523525,36.42251147,52.59695128,52.56229401,71.97799314
12-oxo-ETE,2.07585309,2.703806709,1.999272844,4.674311906,0.668956642,0.685535575,0.389429429,0.211520087,1.05145012,0.384462424,1.082286134,0.213305875,0.153080472,0.941512522,0.105558327,0.074616373
1228222,0.065623888,0.049185574,0.062017317,0.03016649,0.027580233,0.026552209,0.044556887,0.082260038,0.04791549,0.055434395,0.071043782,0.027501798,0.051312232,0.038919835,0.07127051,0.037630933
"12α-hydroxy-3-oxochola-4,6-dien-24-oic acid",0.334690641,0.722222986,0.287814739,0.305138727,1.472361867,1.295967711,2.032780281,2.003413968,0.978771927,0.9303468,0.337437934,1.773833045,3.89273666,0.429644932,2.109363019,1.749600929
13(S)-HOTrE,0.23695514,0.370429389,0.316825441,0.285671939,0.575539071,0.467833853,0.443378048,0.227004189,0.501075603,0.564922343,0.2625933,0.617870215,0.219926751,0.605042246,0.451733766,0.55031649
13-deoxytedanolide,189.7092144,211.6226689,142.1585379,291.8092819,249.2133413,166.1565773,187.0371277,147.3597192,353.1381335,633.95734,286.435404,373.4140254,313.4058282,322.9217244,405.7147195,246.1439812
"13-oxotrideca-9,11-dienoic acid",1.641616992,0.763829156,1.880457987,0.934433591,1.676762006,1.274712806,1.779662735,0.751982121,1.118524107,1.692995817,1.002984201,1.641343359,1.151871732,1.372502353,1.26832599,1.330756756
15-OxoEDE,0.042927424,0.119172436,0.025889489,0.080968578,0.038254172,0.025191363,0.024450242,0.032216743,0.027474441,0.041744868,0.034144273,0.028786246,0.027386778,0.030786016,0.051966549,0.033945374
17-Hydroxy-6α-methylcorticosterone 21-acetate,2.449454968,1.07810546,1.443541985,1.693760936,0.195863116,3.995886371,8.290972543,9.119515451,1.124315581,3.956267666,1.375056158,10.93166016,3.443489591,1.33126276,10.86320822,5.381229283
1N19AGY57Y,0.082449613,0.13818008,0.068259013,0.07679313,0.319035085,0.093924043,0.107223074,0.121066609,0.115453255,0.14658281,0.896341271,0.117711433,0.124894867,0.138589944,0.162932672,0.12391335
1β-Hydroxycholic acid,0.072540098,0.194663283,0.189498691,0.198557953,1.325406765,0.094537052,0.291456866,0.144524524,0.204486289,0.10750331,0.171583041,0.267239916,0.214621639,0.183324445,0.28899589,0.207117221
2'-Deoxyadenosine,59.93216128,53.371087,82.43314331,81.10281684,42.2708796,83.22947309,96.59421882,76.02642291,39.11713541,53.76886926,70.3848904,45.17076901,40.76922455,18.63387665,64.68687032,80.07750839
2'-Deoxyinosine,1.699143782,14.48621862,25.08234457,19.11986303,16.03647147,17.34506285,16.00015972,8.401019618,5.627444295,4.003926095,10.98247635,1.240614302,0.998126637,3.90481,5.469271036,18.38726676
"2,2′-Iminodipropan-1-ol",6.377335726,5.794694884,6.100039677,7.166957939,15.05185816,10.38043583,9.882257648,43.17904799,72.2766653,84.52280869,6.137701642,16.73477362,84.16871398,18.7101924,19.88410683,13.54018702
"2,3,4,5-tetrahydrodipicolinic acid",27.65186883,22.58227628,24.81080098,20.66242956,26.95099391,19.10643045,24.97821623,29.66993576,38.21830512,32.64189452,18.25220125,33.85617438,30.86263777,30.39620789,63.39034534,31.71209635
"2,3,4,9-Tetrahydro-1H-β-carboline-1,3-dicarboxylic acid",0.038113245,0.047528795,0.033544752,0.036795873,0.033289957,0.033665815,0.033661426,0.040179591,0.036013639,0.046039171,0.043849294,0.03701361,0.036419117,0.044161819,0.063116125,0.040590751
"2,3,4,9-Tetrahydro-1H-β-carboline-3-carboxylic acid",1.040426149,0.427111135,0.265210123,0.320619211,0.287999476,0.341423771,0.31074706,0.401475157,0.807584752,0.490663365,0.24399574,0.467202256,0.522561784,0.432844047,0.487406864,0.455137454
"2,3,6-trihydroxypyridine",0.521221029,3.497928563,1.746433709,0.852982944,3.226576827,1.372647346,2.324520335,0.296203955,0.233133254,0.361191971,1.266083894,0.256315529,0.252606506,1.080610974,0.314336902,2.583001257
"2,3-Bis(octanoyloxy)propanimidic acid",0.607613324,0.518000735,0.692534232,0.811682837,0.042121557,0.058850614,0.184468281,0.486974555,0.176018981,0.121311739,0.152976948,0.174330084,0.234781251,0.283285325,0.319406876,0.045082397
"2,3-Dimethyl-5-[(2Z,6E)-3,7,11-trimethyl-2,6,10-dodecatrien-1-yl]-1,4-benzoquinone",1.003192596,2.154024004,0.972361605,1.415758325,1.203657153,1.319515989,1.446525466,1.63498512,1.153390134,1.050449385,1.16088336,1.377337302,1.892551495,0.947633004,1.718609464,1.709861832
"2,3-dinor-8-epi-prostaglandin F2α",0.418076207,0.619723156,0.298742618,0.637007126,1.114447896,0.577338562,0.478086256,0.802121279,0.625062246,0.950128017,0.790713333,0.502954019,0.712731689,0.67858774,0.419119686,0.575645301
"2,4,6-Triisobutyl-1,3,5-dithiazinane",0.131674631,0.180449785,0.146665011,0.0251529,0.115632505,0.022750181,0.022952876,0.177947076,0.160579423,0.186715195,0.028007015,0.023571509,0.027186813,0.219442772,0.261843452,0.026591315
"2,4,6-triaminotoluene",0.217142977,0.269880032,0.143967094,0.165558398,0.398147362,0.242270035,0.193392183,0.248027413,0.757823703,0.450008013,0.294782406,0.330677758,0.539942391,0.690237108,0.256475414,0.330899085
"2,4-DIMETHYL-5-VINYLTHIAZOLE",2.969855236,1.134649301,1.637773175,3.946733137,1.249059842,3.225496563,3.511205301,4.515515745,4.767741538,2.052607883,2.954640849,4.203472181,4.73958735,3.00039697,5.770516773,2.710699884
"2,4-Diamino-6-nitrotoluene",0.041866481,0.092509263,0.305375518,0.587704685,0.168295004,0.394201822,0.455573679,0.619609019,0.540519431,0.472419021,0.584037123,0.420480694,0.320025681,0.596467789,0.64226588,0.554165721
"2,4-Diaminotoluene",0.202860763,0.3084642,0.214190952,0.252038616,0.162627451,0.180433782,0.180670732,0.211434136,0.266693167,0.407856867,0.346289476,0.31319385,0.184166264,0.346907608,0.500072061,0.267023432
"2,4-Dimethoxy-6-[(8Z,11Z)-8,11,14-pentadecatrien-1-yl]phenol",2.326723423,4.691627783,2.311021711,3.30706093,2.666421891,3.346448488,2.465207817,5.545086765,2.319707834,1.981369772,2.639191493,3.017585432,3.188639803,1.615925782,5.76213892,5.245803346
"2,4-Quinolinediol",0.20993943,0.22614071,0.210036043,0.20404841,0.222884579,0.419773414,0.368951274,1.208475319,0.487431234,0.551797545,0.235592091,0.469124046,0.721064985,0.558554719,0.698413771,0.380507579
"2,4-dihydroxyheptadec-16-en-1-yl acetate",0.207462774,0.278663721,0.199886389,0.231192935,0.11392705,0.210895508,0.270154221,0.2859329,0.232707024,0.277351709,0.28226895,0.257524549,0.208872058,0.199144767,0.435286583,0.251446324
"2,5-Dihydroxy-3-[(2E,6E,10E)-3,7,11,15-tetramethyl-2,6,10,14-hexadecatetraen-1-yl]-1,4-benzoquinone",0.08895796,0.067077333,0.06996439,0.080461919,0.107085399,0.076276125,0.110365368,0.078206435,0.049522428,0.08686407,0.036567419,0.150049518,0.124367829,0.052725925,0.187994334,0.131343573
"2,6-Diamino-4-hexenoic acid",4.655513816,2.572839425,3.544190537,3.478447221,1.132699368,1.3152834,1.861583939,3.79450345,2.022402819,1.886057472,1.832986482,1.168621483,1.270916522,2.474685502,1.579558507,1.374925675
"2,6-Diamino-4-methyleneheptanedioic acid",0.634237207,0.75026414,0.929968528,0.758343349,0.474701977,0.547796495,0.458569947,0.642084038,0.615955429,0.793283529,1.200354446,0.341423835,0.384238654,0.892323364,0.577527349,0.469120878
"2,6-di-tert-butylhydroquinone",0.117000743,0.174700941,0.121637847,0.125020973,0.023809558,0.025472411,0.13279485,0.179201167,0.170766889,0.184806149,0.220940538,0.159696974,0.026433761,0.03611889,0.048870154,0.030976181
2-(2-Furfuryl)furan,0.087878522,0.160019676,0.066165221,0.084717273,0.088404475,0.104589287,0.093909444,0.112088028,0.092686564,0.114063554,0.119427791,0.101748357,0.103920984,0.115988674,0.173611241,0.112945426
2-(2-Methylpyridin-3-yl)ethanol,8.822287187,21.19899166,1.098822793,45.5910074,32.756955,17.34316576,25.33600386,10.94917772,14.46869134,18.93463303,10.4539548,8.670630646,3.575768756,7.664985227,16.63508575,20.85516735
2-(3-Ethyl-5-(4-methoxyphenyl)-1H-pyrazol-4-yl)phenol,0.085649189,0.044615059,0.02864519,0.028834771,0.035860586,0.078610288,0.094974999,0.14503245,0.106955199,0.033101344,0.031803644,0.088117471,0.11003863,0.036691148,0.12117514,0.05374791
"2-(3-Hydroxy-3,7,11,15-tetramethylhexadecyl)-3,5,6-trimethyl-1,4-benzoquinone",19.59179944,20.61688728,18.61574594,13.42762513,9.514764416,9.518316343,23.55239576,31.08251586,14.13489456,19.77395538,18.92499817,13.56677993,0.338187564,17.85503251,35.15577904,25.91239529
"2-(4-Isopropyl-4-methyl-5-oxo-4,5-dihydro-1H-imidazol-2-yl)-4-methylbenzoic acid",2.655208458,1.080753327,4.229436026,2.125276563,0.67948603,0.609331325,1.794480013,1.738715843,0.752683425,0.45374975,0.817270963,0.582251346,0.650942603,0.722543854,0.454706369,0.664610072
2-(6′-methylthio)hexylmalic acid,0.81394473,0.320105285,1.392299395,0.898421903,0.628762455,0.798013155,0.713520282,1.149797844,0.411651186,0.553602545,0.60939868,0.610428555,0.668601106,0.326877296,0.276444372,0.731392227
2-(Diethylamino)ethanol,12.9489728,15.04022596,8.993417955,13.58324445,18.82900207,13.14621073,11.42863708,13.34729825,8.079923013,7.73920142,8.112699387,13.87756978,13.36377116,12.33433049,14.77612419,16.23891644
"2-(Dimethylamino)-5,6-dimethylpyrimidin-4-ol",0.048433369,0.07266054,0.053760231,0.052554222,0.044893518,0.04853562,0.047690584,0.052410811,0.042706785,0.053775415,0.067871127,0.050852974,0.054379647,0.053319342,0.074495502,0.058657199
"2-(Hydroxymethyl)-1-methylpiperidine-3,4,5-triol",3.432219864,1.037980734,2.940612076,3.139753305,1.149382592,1.984054371,2.063852409,2.220471652,1.076955414,2.249367575,1.500462846,2.493851581,2.019184556,1.035004494,2.444601973,2.063480571
2-(Methylsulfanyl)-5H-purin-6-amine,0.579031682,0.404159138,0.366555195,0.461091237,0.736435719,0.597833647,0.553379255,0.497656843,1.067358685,0.586582959,0.393023251,0.871176588,0.848548372,0.91279097,0.71593294,0.737211111
2-Acetamido-2-deoxy-D-gluconolactone,0.57318789,0.725596462,1.230285443,0.885312357,0.734234007,0.935217413,1.374553016,0.658250811,0.648222169,0.886813594,0.618297877,0.569204102,0.881246552,0.60543329,0.667794721,0.686969626
"2-Acetyl-6-hydroxy-7-(hydroxymethyl)-1,5,6,7-tetrahydro-4H-azepin-4-one",0.201980542,0.460394597,0.329089899,0.314503922,0.145906543,0.112673466,0.309410158,0.315395865,0.28239823,0.36472832,0.126726219,0.27638892,0.24637169,0.364086738,0.449856307,0.128308581
2-Acrylamido-2-methyl-1-propane sulfonic acid,0.430358077,0.336859983,0.59773732,0.322344609,0.465404763,0.532246419,0.528189775,0.568210236,0.537224094,0.041146518,0.342792399,0.547526023,0.68347046,0.448591059,0.529267467,0.579660606
"2-Amino-1,3,4-octadecanetriol",1.00542595,1.503528864,0.832821817,1.356863517,1.613022077,1.144654296,1.043912638,1.432943382,2.024871323,1.551101023,2.035061634,1.130372691,1.086287782,1.448926022,2.176605968,1.251390481
2-Amino-3-hydroxy-15-methyl-1-hexadecanesulfonic acid,2.0460346,4.627022913,2.961609624,2.50738625,2.181545741,1.868382441,1.465694222,2.490455924,2.296286101,1.349833662,1.918219823,1.560896316,1.794021385,2.659709888,1.498362128,1.22568198
2-Amino-3-methoxybenzoic acid,1.571476984,1.445595438,2.052616732,1.047314714,0.683485816,1.282990973,1.098344302,1.108376923,0.987996824,1.072622166,1.358564391,0.796131254,0.801874472,1.330494835,1.802209157,0.851246243
2-Amino-4-[(4-aminobutyl)amino]butanoic acid,0.452681156,0.397438329,0.491524965,0.456916107,0.044684559,0.034468598,0.144028333,0.310668055,0.16667752,0.059168381,0.072362766,0.048705179,0.042029556,0.272746024,0.083746167,0.041240831
2-Amino-6-[(E)-(5-amino-5-carboxy-2-hydroxypentylidene)amino]-5-hydroxyhexanoic acid (non-preferred name),2.334457974,1.820791339,3.704633575,3.015032932,1.62901349,0.572575643,1.155679435,1.653599319,1.166145109,0.642283045,1.056129149,0.525846237,0.516120293,1.640171313,0.32026802,0.819792469
2-Amino-p-cresol,0.142944022,0.612264844,0.113678682,0.079824298,0.080370936,0.395840278,0.090363104,0.159542434,0.319143492,0.716925995,0.09485664,0.576762506,0.111867522,0.626618332,0.079756199,0.180892414
2-Aminoenanthic acid,478.8555082,467.9813811,483.3861998,430.8038636,967.5376397,772.1777112,687.4397906,665.2853342,615.37498,789.2027141,545.6267556,844.7101357,903.3026886,712.8429408,1148.765608,748.0744175
"2-Aminooctadec-4-yne-1,3-diol",19.32181952,35.43640779,23.99555936,29.92564765,15.99773759,22.8526258,14.69757435,14.26629113,18.91075726,17.10117435,22.35418771,14.42890956,16.25071439,16.91362111,27.05010893,27.02424563
2-Carboxyindole,0.320099232,0.099909064,0.218348174,0.20146774,0.228882223,0.379641229,0.382332406,0.902327869,0.778955657,0.719078939,0.305061232,0.268211268,0.541217436,0.356416288,0.316910724,0.342015127
"2-Deoxy-2,3-dehydro-N-acetylneuraminic acid",4.563179724,0.78443007,6.210963107,4.042811495,0.369285,1.808929789,2.703169139,2.078171599,0.713972187,1.132395369,4.176677065,1.443695768,1.081407946,0.311668018,1.974200781,0.402616506
2-Deoxyhexopyranose,0.900155345,0.555971401,0.439546412,0.582501296,0.269596274,0.381848785,0.483901592,0.65883955,0.832226914,0.810226013,0.841107355,0.658738658,0.66648725,0.565642061,0.859392095,0.684896904
2-Deoxypentitol,0.480231303,0.32354953,0.535021118,0.448187391,0.722832213,0.608046319,1.046457964,0.789238632,1.272310165,0.955828018,0.453669372,0.671300137,1.306640246,2.273007146,1.336451555,1.284793879
2-Ethyl-2-phenylmalonamide,0.861217719,0.729730996,0.636874528,0.800554584,0.788117279,1.097490964,1.045796371,0.603761153,0.389365587,0.339651825,1.297681328,0.542967082,0.432705935,0.178644491,0.370737494,1.336278826
"2-Ethyl-4,5-dimethylthiazole",21.99996187,13.72173148,27.06282831,16.27904079,27.28976079,12.47386046,18.6091151,12.77792625,17.36334366,12.96648064,23.51841396,12.65371736,20.53082585,30.24000568,12.22604815,23.54501514
2-Guanidinobenzimidazole,0.796618553,0.931104123,1.170569634,0.827395803,0.501094881,0.665407656,0.586748118,0.200643363,0.293796371,0.076113082,0.551392443,0.165930059,0.257828279,0.180628585,0.072379094,0.765103656
2-Hexenoylcarnitine,1.175278971,0.343123716,1.58040256,0.618274411,1.130878321,0.844416879,0.977276708,0.493025829,0.73294076,0.795772474,1.123388888,1.332840397,0.567492511,0.941489653,0.413652304,1.550435323
2-Hydroxyethylclavam,7.45701528,8.842481548,7.237774159,11.30596749,6.451366758,6.578799827,7.479955126,1.160513036,1.359938036,1.439111986,6.612363402,3.569535463,1.435809278,1.176430416,2.326684217,7.69679304
2-Hydroxyfelbamate,0.055340305,0.059779234,0.047047806,0.05528472,0.042218094,0.055801338,0.051142995,0.056592387,0.044278227,0.046795767,0.068130617,0.047864607,0.041669756,0.048324747,0.066483197,0.063359824
2-Hydroxyquinoline,2.096341683,1.894308907,1.53810204,2.275681295,2.17896089,2.570260733,2.004981763,2.952376484,2.847950774,4.480391586,1.576270336,3.208767294,3.385578471,2.818761229,4.178738689,2.567288041
2-Isobutyl-3-methoxypyrazine,0.081593457,0.235295869,0.090572976,0.157993059,0.148525202,0.080792527,0.122457078,0.06836809,0.050165095,0.066234783,0.138673695,0.078333674,0.062524172,0.0753396,0.076988248,0.172587048
2-Isocapryloyl-3R-hydroxymethyl-γ-butyrolactone,8.549785876,3.657097393,9.240902237,4.592535648,7.915678637,6.643781791,9.010454003,4.032304727,6.258006649,8.419154156,5.596475065,9.21167602,5.307314104,7.874986145,6.225404532,7.595066927
2-Isopropyl-3-methoxypyrazine,0.044645591,0.050181056,0.047588215,0.052544797,0.035742308,0.05380004,0.052729715,0.076086765,0.055128215,0.073161701,0.070764514,0.06578855,0.055826078,0.062264222,0.092636256,0.050753043
"2-Methyl-1,2,3,4-tetrahydro-4,6,7-isoquinolinetriol",0.452419587,0.452837006,0.476032883,0.552420062,0.806562761,1.220099704,0.833744086,0.806013885,4.155717459,4.291550033,0.689108378,1.754163175,0.920637157,2.987613549,0.488128817,1.035172335
2-Methyl-3-methoxypyrazine,1.271393938,1.356789071,1.4110198,1.203983655,2.261372159,1.323276291,1.295558893,2.619244278,1.932389111,2.143084042,1.287172825,1.266464206,2.551153637,2.341491017,1.607634613,2.297324355
2-Methyl-4-quinolinol,0.724721262,0.720448603,0.591326884,0.856911395,0.571921467,0.996157078,0.819366806,0.819872722,0.320938869,0.366119205,0.896866146,0.473758047,0.333094547,0.267440109,0.40475473,0.833269144
"2-Methyl-5,6-diethylpyrazine",0.073783716,0.087889232,0.061790728,0.079879435,0.084792621,0.067574251,0.072329846,0.070678593,0.080238928,0.101034674,0.072997488,0.066463869,0.07174186,0.09301402,0.094351735,0.076748508
2-Methylthiazolidine,5.185407608,5.280878844,4.061142928,5.78555653,4.968020865,6.533741483,6.320219724,4.858686677,2.893310399,2.563071536,5.828067689,3.919657536,2.991638385,1.932060551,4.064512639,5.709203474
2-Oxosuberate,2.955654609,0.668650226,9.644789063,2.821963634,1.367824931,0.810070021,1.274152163,1.268841706,1.164254523,0.743288957,2.225119831,0.95590024,0.926215045,1.67276043,0.689692524,2.559204027
2-Quinolinecarboxylic acid,0.713227494,0.64993921,2.725742226,0.911509174,0.929429573,0.309294755,0.69893017,0.135551207,0.306428199,0.419743145,1.269981376,0.698078163,0.646662926,0.4877234,0.401183147,1.307374391
"2-[(2S,4bR,6aS,12bS,12cS,14aS)-12b,12c-Dimethyl-3,4b,5,6,6a,7,12,12b,12c,13,14,14a-dodecahydro-2H-chromeno[5′,6′:6,7]indeno[1,2-b]indol-2-yl]-2-propanol",0.709226872,0.598452734,0.542546363,0.611755693,1.706969734,1.385403159,0.784110849,1.418052959,1.21204011,1.279829918,0.780086211,1.277993486,0.858086083,0.881229687,1.031866965,0.889855311
2-[(2Z)-2-({4-[(3-Aminopropyl)amino]butyl}imino)-2-hydroxyethyl]-2-hydroxysuccinic acid,0.381884088,0.224761219,0.130509784,0.25994035,0.160514978,0.715685945,0.425038693,0.719455376,0.16795217,0.354414453,0.465889154,0.762904512,0.518275569,0.165216605,0.402130562,0.238842997
2-[(4-Nitrophenoxy)methyl]oxirane,0.405251175,0.082119367,0.28261732,0.130710642,0.075462399,0.085044527,0.073802061,0.145353377,0.12086132,0.165722234,0.073964719,0.065455684,0.119736735,0.097120483,0.10984363,0.072732176
2-[(5Z)-5-tetradecenyl]cyclobutanone,2.520256193,5.190406516,4.575768841,2.545024857,4.119180911,2.964389433,2.146905168,1.126908781,1.280970861,1.211585279,2.433174945,1.875879123,1.972541867,2.544654131,2.82153119,3.717029962
"2-[(5Z,8Z,11Z,14Z,17Z)-eicosapentaenoyl]-sn-glycerol",0.907187976,1.498397201,1.208566138,1.176004954,0.349860283,0.708247261,1.944108803,1.249523489,0.949016032,1.059201021,1.036168832,0.670871333,1.33954908,1.56495911,1.652463043,1.487909496
2-[(Carboxymethyl)amino]-7-octenoic acid,0.132855383,0.228011935,0.060044951,0.156537926,1.24621211,0.198092474,0.244302679,0.639862285,1.13514454,1.276345677,0.202998519,0.71390271,2.601705537,5.46418852,1.011460069,1.229970991
"2-amino-2,3,7-trideoxy-D-lyxo-hept-6-ulosonic acid",0.699096361,0.669438656,1.199703152,0.971973678,0.523480945,0.634426426,0.611938334,0.447887795,0.60604259,0.573146069,0.703095353,0.482456526,0.462594213,0.645649317,0.5281169,0.608958052
"2-amino-6-hydroxymethyl-7,7-dimethyl-7,8-dihydropteridin-4-one",0.082431657,0.054957592,0.113585492,0.058613232,0.031083493,0.038895933,0.038178061,0.041555533,0.034870914,0.035895341,0.349088814,0.034096152,0.036666597,0.037352051,0.051611717,0.043839656
2-arachidonyl-sn-glycero-3-phosphoethanolamine,3.497279039,1.584734621,1.381051061,2.548537128,1.666994199,2.667432425,4.024956261,1.535292017,2.361294453,2.025279851,2.754271593,2.433653063,1.715096377,2.452711143,2.374617974,2.65325705
2-deoxyglucose,0.769644282,0.179762993,0.763710093,0.432272094,0.164839133,0.162181729,0.15444945,0.162984615,0.425972133,0.213492612,0.320950544,0.401940053,0.409376803,0.348581881,0.442940066,0.357586112
2-methylbutyrylcarnitine,0.222753679,0.169157945,0.741631298,0.338490905,0.214320573,0.248488733,0.400495806,0.340661707,2.191230636,0.639233444,0.277780896,0.228950342,0.207249801,1.387244309,0.645445064,0.190235017
2-methylcitric acid,2.28250787,3.775684405,2.628230421,3.781233829,3.783498844,2.262588599,2.44722907,0.681084488,0.548909764,0.400201254,2.565391747,0.866935622,0.686923043,0.709570083,1.585295313,4.494222252
2-methylguanosine,0.607464522,0.249376618,0.736127534,0.562797025,0.403785258,0.989716715,0.737795184,0.627864025,0.366606185,0.754651001,0.544053499,0.500967094,0.806753864,0.308473914,0.47070923,0.472569636
2-monolinolenin,0.073208968,0.122815302,0.130906,0.081582811,0.037476501,0.09269183,0.063738343,0.100899319,0.082117099,0.099751399,0.099606393,0.090874648,0.076384786,0.096428554,0.152500508,0.088729778
2-morpholinoacetic acid,6.2726812,2.6265857,4.836244663,12.8394442,6.46655424,4.415946334,5.96370701,5.827070611,4.949463575,5.863519294,8.007863258,4.917118846,5.135538093,16.07988807,19.18425581,10.51243189
"23-(1,4-Dimethyl-2,8-dioxabicyclo[3.2.1]oct-4-yl)-23-oxodaphnan-22-yl acetate",8.238873093,3.598945956,17.64265361,5.93047227,0.263221657,0.107175663,0.122494296,0.321222652,2.930268582,1.497420483,0.834519461,0.138303099,0.074319201,1.803868202,0.116011763,0.077674581
2H-Pyran,415.8064099,246.8394059,440.6228879,415.347004,43.38744712,27.1609543,107.0801685,227.902038,93.077003,27.08005855,40.0760285,18.20063917,15.7140806,123.4337893,31.05886819,13.34242333
2S-Amino-tridecanoic acid,1.110503604,0.379611651,0.116179939,0.121839423,0.06469198,0.072132614,0.059151726,0.102472457,0.043576888,0.100756744,0.130531603,0.100576956,0.186220929,0.084770708,0.247082213,0.137460235
2[5H]-furanone,4.579276197,12.58612758,5.755072584,5.450305001,11.03140265,6.564102717,6.919230961,6.170288992,2.296216396,4.612491497,4.566296837,2.772855401,2.839427387,5.231086255,3.185303348,2.439425164
2′-Deamino-2′-hydroxyneamine,0.233509363,0.298577293,0.258584213,0.230100168,0.246853687,0.122008262,0.298144933,0.262528501,0.344224934,0.132351987,0.097949076,0.150480008,0.516164293,1.862839338,0.286692683,0.354543641
2′-Deoxycytidine,34.26977947,17.4331604,37.37839062,33.66315406,18.04296867,37.67164384,41.53225713,41.2934268,20.98375302,31.24346986,34.78368782,30.54775285,27.53612299,21.65073665,38.78911015,26.89311127
"3, 5-Tetradecadiencarnitine",8.458027418,3.211163237,2.239490367,3.359015072,2.8623639,1.940091539,1.943006837,2.816882302,4.136550786,8.479366397,5.136764288,11.90953437,4.126053362,4.822176357,9.038140617,4.750765272
"3,3′-(7,12-Diethyl-3,8,13,17-tetramethyl-2,18-porphyrindiyl)dipropanoic acid",0.022872212,0.019419212,0.36164175,0.016274981,0.041025729,0.018267038,0.015960328,0.022766801,0.293783888,0.823890896,0.022056234,11.53347714,20.58338185,1.069261291,11.16160332,3.345405427
"3,4-Dimethyl-5-pentyl-2-furanpropanoic acid",0.25726539,0.347318107,0.322493352,0.299930431,0.355215298,0.06286542,0.046113559,0.038292002,0.029102199,0.035673677,0.5054149,0.448946509,0.027772786,0.557214804,0.703007384,0.446329088
"3,4-dihydro-7-methoxy-2-methylene-3-oxo-2H-1,4-benzoxazine-5-carboxylic acid",1.069512718,0.492285433,1.460045703,0.718400919,1.259233847,0.698171787,0.610823777,0.708535295,0.721524595,0.607333561,0.900232316,0.499150891,0.610333636,1.037344453,0.334093594,1.097839774
"3,6,9,12-tetraoxatridecan-1-ol",0.616274165,0.313015812,0.552477533,0.566769634,0.583598669,0.63168888,0.243023455,0.602800061,0.622442928,0.200288747,0.626310472,0.405504532,0.573383127,0.717976831,1.172224517,0.662553534
"3-(10,11-Dihydro-5H-dibenzo[a,d][7]annulen-5-yloxy)-8-methyl-8-azabicyclo[3.2.1]octane",0.044137693,0.058987937,0.107869348,0.065100386,0.117069789,0.102535679,0.060358524,0.052146616,0.174456751,0.1420859,0.061275765,0.184727861,0.140474147,0.056641212,0.156176187,0.049510309
"3-(2,4-Cyclopentadien-1-ylidene)-5α-androstan-17β-ol",7.260919909,13.26065021,5.160295462,7.010219003,10.72425681,13.55713526,10.48986907,11.07841349,9.05523052,10.16716895,9.877811467,10.0838985,9.447591277,12.87668114,15.38821611,12.83485529
3-(2-Hydroxyethyl)indole,1.25122986,2.194712465,0.808846931,1.137656351,1.733960502,1.246306087,0.978528203,1.008878336,0.333151662,0.446325909,1.058813061,0.097597966,0.151802024,0.321452283,0.205414662,0.227811678
"3-(3,4-dihydroxyphenyl)lactamide",0.841333322,1.474090992,1.372358979,1.268905955,0.3624497,1.079959904,1.031123501,1.570961163,1.032724415,0.920979389,0.846048718,0.866884129,0.990035432,1.304196379,2.122171209,0.945730922
3-(3-methylbut-2-en-1-yl)-3H-purin-6-amine,0.78320299,1.194633011,1.441787086,1.094326674,1.435841253,1.037142002,1.26662778,0.640720414,0.629459155,0.724664457,1.297541327,0.561534764,0.676585883,0.536918836,0.731626172,1.652863227
3-(Benzylsulfinyl)alanine,0.0447484,0.046033064,0.117919609,0.063756156,0.055874776,0.08861746,0.067830171,0.086635927,0.08535007,0.117564078,0.037325434,0.036718532,0.099130776,0.162611864,0.049163013,0.083732043
3-(Icosanoyloxy)-4-(trimethylammonio)butanoate,0.544901261,1.267683949,0.462714246,0.443898558,0.343491644,0.606281285,0.78896717,1.420208874,1.073628599,1.127876625,1.351798423,0.3887557,1.997053374,1.191582527,2.020170491,0.987113515
3-Allyl-4-[2-hydroxy-3-(isopropylamino)propoxy]phenol,0.054354958,0.059460488,0.031850885,0.049101176,0.047906689,0.031250017,0.028155879,0.095453375,0.02705263,0.033579564,0.054889279,0.025337108,0.030721182,0.035762341,0.090558178,0.029619984
"3-Amino-4,7-dihydroxy-8-methylcoumarin",5.976576231,6.874994933,7.124707076,7.215506192,6.01710839,6.624844409,6.406819771,8.060459184,7.328707356,8.915792063,5.16151936,6.360770474,7.034401519,10.63213615,8.755262524,6.044250929
3-Amino-5-hydroxybenzoic acid,0.591552304,0.552206376,0.92691464,0.568809517,1.554676758,0.732032156,0.809696815,0.666281651,1.169142747,1.231973843,0.408352456,0.963172694,2.489295381,2.089441048,0.220000499,0.642741286
3-Carboxyindole,8.143525909,8.072350661,7.092360778,9.247270532,9.196203143,8.785411575,6.874660346,9.599031034,8.984293712,12.75258041,6.743749614,9.707548652,10.03764236,10.40602133,11.64072879,8.555330614
3-HPA,0.368655997,0.590109285,0.207436079,0.374692674,0.678232535,0.196616774,0.185268595,0.221676512,0.64917067,0.941615899,0.387145867,0.100458199,0.041264744,0.65208219,0.061991521,0.096308765
"3-Hydroxy-2,4,5-pyridinetrimethanol",30.21943103,21.75921215,32.13359469,38.48286159,17.42183582,35.10128502,34.84786199,28.63049993,6.312269407,19.08006153,36.40665035,19.36764882,14.85808033,8.064182737,25.02245649,16.05782252
3-Hydroxy-3-[(3-methylbutanoyl)oxy]-4-(trimethylammonio)butanoate,1.073724844,0.416460539,1.112703773,0.385862799,1.475355783,1.106906743,2.35387712,2.295384131,0.945939089,0.943775745,2.272370487,0.999509697,1.623642037,2.352753709,1.663804738,1.064248801
3-Hydroxy-cis-5-tetradecenoylcarnitine,0.382786976,0.222408063,0.427098916,0.566146593,0.1447741,0.171564502,0.143852967,0.15578885,0.134741872,0.158534593,0.165990236,0.146959924,0.144437643,0.171045779,0.241298701,0.158967565
3-Hydroxyadipic acid,115.2285708,76.88406727,123.9831673,139.2523977,80.10398407,161.3375298,18.71501173,124.630028,59.55520063,99.6310085,167.9552676,103.4548534,59.00367476,34.94041085,124.0813686,71.70031044
3-Hydroxycarbofuran,0.13103983,0.154885949,0.092638625,0.176163806,0.150702439,0.160421895,0.196521806,0.187887855,0.178535311,0.228546125,0.169339384,0.20947142,0.177490044,0.16878157,0.193866268,0.212185815
3-Hydroxylidocaine,0.038292979,0.056648473,0.040056626,0.043529962,0.032004543,0.036973687,0.039426526,0.052754071,0.041202214,0.052846358,0.06006293,0.042611246,0.042611328,0.050302068,0.069332698,0.046374962
3-Hydroxysebacic acid,0.780920489,0.226019251,1.108037137,0.427380328,0.779169209,0.442323887,0.590905039,0.392611343,0.482370047,0.537949931,0.680008187,0.444747247,0.674565419,0.603393209,0.361044165,0.508920475
3-Mercapto-3-methylbutanol,0.319221589,0.24944861,0.084937789,0.225597372,0.319282367,0.286534047,0.323047045,0.310697929,0.366128167,0.391189055,0.320643047,0.073609326,0.154257266,0.605651677,0.102997873,0.102699022
3-Methyl-1-phenyl-2-butene,0.027623339,0.105242581,0.027842677,0.090557809,0.024463948,0.096454137,0.026251544,0.033754033,0.10899828,0.180247637,0.034246923,0.109460545,0.122071547,0.035249141,0.048473075,0.123263543
3-Methyladenine,0.900229062,0.816427877,1.276060297,0.703383527,1.187898712,0.951826674,1.221920213,0.813787913,0.726799454,0.05475292,1.059235216,0.838073349,0.708745511,0.42228474,0.078488828,1.16308783
3-Methylcytosine,2.716459999,2.044935889,3.726742978,2.619362273,2.357339544,2.881815111,2.853525925,2.400300039,3.226519044,2.751062134,2.729621838,1.869587631,4.239795723,3.615512067,2.415272487,2.276103112
3-Methylglutarate,1.030205978,0.90448506,1.118606223,1.039843827,0.406917749,0.400010694,0.389897196,0.707014381,0.764992716,0.982127483,0.914126243,0.740087126,0.818980401,0.620711909,1.048526663,0.131634587
3-Methylglutarylcarnitine,2.908202405,0.150381298,4.398621491,0.570658642,0.280987825,1.198694254,1.681029967,2.360470922,3.700607157,1.6704401,2.994577035,0.657345497,1.033410051,4.948227018,0.667696518,0.075268157
3-Methylsulfolene,471.2692895,522.2309559,390.7454217,553.9065089,461.0229655,654.8737512,617.0277621,515.6249315,305.9475464,299.8358615,579.4481764,377.7412639,271.5694458,230.3559689,358.2211928,577.7059741
3-Tropanol,3.231626803,3.559120271,4.399965971,3.545676927,3.211186357,2.169616165,2.444670568,1.885652323,1.956458383,2.240365159,2.151626568,2.489858,2.206621259,2.470719211,3.11950453,2.754641277
3-[(12-Hydroxyoctadecanoyl)oxy]-4-(trimethylammonio)butanoate,7.089033982,16.49635937,8.365500277,8.688689884,5.235221178,8.018133192,8.65536542,12.74053542,10.69549888,9.383834404,11.27260849,6.597105538,11.19872044,6.582545318,15.30889637,7.617133922
"3-[(2,6-Dimethylheptanoyl)oxy]-4-(trimethylammonio)butanoate",2.937973495,4.085376102,2.194800844,3.867678543,3.222843663,2.607366003,3.559732409,0.257224433,2.027653601,2.377237689,2.204545005,3.807687127,4.768200374,2.829753868,3.456914326,4.973671253
3-[(3-Hydroxynonanoyl)oxy]-4-(trimethylammonio)butanoate,0.557019467,0.940400032,1.201986701,0.784606538,0.28029668,0.594661848,0.584264517,0.455041283,0.619306713,0.515509208,0.639217217,0.31997396,0.148184256,0.523251849,0.405735389,0.242630943
3-[(3-Hydroxyundecanoyl)oxy]-4-(trimethylammonio)butanoate,0.22763433,0.12499063,0.296693352,0.070897545,0.187326399,0.106353366,0.26904148,0.18964401,0.19647882,0.203423096,0.210370278,0.17342366,0.155841289,0.201197013,0.278374411,0.13762156
"3-[(4E,7E,10E,13E,16E)-4,7,10,13,16-Docosapentaenoyloxy]-4-(trimethylammonio)butanoate",1.62441752,2.156767984,0.917342002,1.001585547,1.513892137,1.424373001,0.827476755,0.996588174,1.395080027,1.854213749,1.181217851,2.304879092,1.831721366,1.561164118,2.164185214,2.122242654
"3-[(4E,7E,10E,13E,16E,19E)-4,7,10,13,16,19-Docosahexaenoyloxy]-4-(trimethylammonio)butanoate",3.224669918,3.774890999,1.430756379,1.801655964,2.865605497,2.056928711,1.575563108,1.329016929,2.850094005,3.311565101,2.653363693,5.15120896,4.341345754,3.391569718,5.597951138,4.04368365
3-[(6-Oxodecanoyl)oxy]-4-(trimethylammonio)butanoate,0.388124199,0.473095692,0.340505496,0.342715134,0.287686709,0.295536429,0.424090384,1.247133082,0.592445003,0.460735626,0.519443327,0.463837922,0.514547472,0.611443298,0.611892896,0.378838533
"3-amino-2,3-dideoxy-scyllo-inosose",27.02057712,17.36460337,26.23209695,22.46969574,19.17638663,14.84857789,18.99345076,20.47036168,18.7681609,21.85678808,20.32663754,18.87916713,16.96732653,29.63826605,22.091974,15.10194283
"3-amino-2-phenyl-2H-pyrazolo[4,3-c]pyridine-4,6-diol",0.397423571,0.498560754,0.320364463,0.540194594,1.852923267,0.889821163,0.840996441,0.845587617,0.705171674,0.96130166,0.497016685,0.422317411,0.549297957,0.458965043,0.649194933,0.647613978
3-aminopiperidin-2-one,9.862970758,10.42016666,20.65949495,15.15042729,6.749343038,12.074656,5.93770164,4.113231847,4.239307111,3.831054957,13.39110951,6.358208691,4.299691899,3.395251283,5.985109824,9.023896783
3-dehydrocarnitine,10.44192868,17.45273602,17.90040642,11.54152546,7.119896496,0.907770585,4.687594074,4.813053416,9.114679861,23.70515768,7.254527414,3.580482716,3.546924049,6.343018795,4.189040915,6.654398809
3-dehydrosphingosine,3.281549052,5.982666397,4.562311125,4.783419577,2.611584874,3.69177003,3.104488144,3.1768191,2.332205333,1.991064613,3.960106751,3.666049656,3.04681416,2.872688469,4.671214258,5.581463619
3-hydroxy-3-methyloxindole,2.72595844,3.621126116,2.801274861,3.692380343,4.634618509,3.428609488,2.91680093,1.78170825,3.413006824,4.301221733,2.318154417,2.245153192,2.392386525,3.132648498,2.35145994,3.381234018
3-hydroxyflavanone,0.034532491,0.061424622,0.037614549,0.036736891,0.031093854,0.031652621,0.031287637,0.038139529,0.032872142,0.034939376,0.033104944,0.028997113,0.029751357,0.03829909,0.051299711,0.034563312
3-hydroxyhexadecanoylcarnitine,11.80895648,21.97064118,11.12768398,9.814648575,8.351704439,6.376465674,8.813929544,8.835560253,17.2328972,8.135791923,9.771028433,16.30993507,9.209358557,9.361378938,10.25869039,7.064277291
3-hydroxytetradecanoylcarnitine,0.115251783,0.212089063,0.080180818,0.103956396,0.048567688,0.084596927,0.073996876,0.117925766,0.097026748,0.111254633,0.113227095,0.103301326,0.089855699,0.079883329,0.208883277,0.131252521
3-{[(2E)-4-Methoxy-4-oxo-2-butenoyl]amino}-L-alanyl-L-leucine,0.128906728,0.146606802,0.159686693,0.141578261,0.141582004,0.165112764,0.152806486,0.121537528,0.085418012,0.118646216,0.149023504,0.12818971,0.119336727,0.10819329,0.167417557,0.157628526
"3a,7a-Dihydroxycholanoic acid",552.1473509,1268.678858,395.210174,529.0996346,825.7458173,971.2489419,820.6648072,787.4705397,838.3674248,896.7129006,983.0226698,899.8282784,828.8474964,1051.590518,1286.200694,1047.74006
3b-Hydroxy-5-cholenoic acid,341.734148,789.9544716,257.8655691,362.2860179,521.433904,655.2901859,534.5951904,514.1044666,506.8477383,554.4760087,557.1758674,538.0733958,491.7155035,595.1804783,747.8752038,597.4273801
3β-Androstanediol,0.271069517,0.748077679,0.374498447,0.475656109,0.303523819,0.69529928,0.117700278,0.249449272,0.301965451,0.187166239,0.062530844,0.114270595,0.214296983,0.204162149,0.338719823,0.129878787
3β-hydroxy-4β-methyl-5α-cholest-7-ene-4α-carbaldehyde,7.899566276,9.261948913,9.761045393,5.101779747,4.191536096,8.204556745,12.84524141,9.903931422,4.367883476,5.225683711,12.76616393,0.107194066,5.313369314,10.10024893,14.99048315,5.228637942
3β-hydroxy-4β-methyl-5α-cholest-7-ene-4α-carboxylic acid,5.891626912,4.740521468,4.827188429,5.036747097,12.62763187,8.690920765,10.46079538,13.90822168,10.07716354,13.12464598,9.488152024,17.8106861,11.15929688,11.67981069,13.15173102,13.75124667
3β-hydroxy-5α-cholest-8-ene-4α-carboxylic acid,0.436798381,1.081254595,0.807594231,0.625999672,0.637597777,1.57547027,0.946668375,1.074860589,0.750691143,1.485467174,1.349964813,0.469198822,2.386024629,1.342197122,1.22117223,0.895288146
"3′-Hydroxycotinine, Cis-",2.900448541,4.083298051,6.098417685,5.132389243,1.633606158,1.605478026,4.241019267,2.484306421,4.493461069,3.238129191,1.325470021,1.686260056,1.440343913,2.448477116,1.755261884,1.355511384
"4,4′-Propylenebis(2,6-piperazinedione)",0.095467278,0.059526773,0.097540177,0.049122847,0.081427468,0.067571961,0.0819208,0.076523433,0.065028885,0.078252093,0.07910903,0.044483097,0.052646084,0.094174176,0.042897767,0.060709089
"4,6-Diamino-5-formamidopyrimidine",0.095534876,0.101052918,0.415817255,0.092285752,0.076478319,0.078745352,0.078156746,0.058564088,0.058063211,0.06610107,0.116174996,0.134850138,0.164033636,0.194697235,0.144606214,0.332202514
4-(1-Hydroxy-2-{[6-(4-hydroxy-4-phenylbutoxy)hexyl]amino}ethyl)-2-(hydroxymethyl)phenol,2.48742809,3.785150354,3.091236142,4.309512787,3.798239875,2.983026679,2.499573782,4.160687147,6.148737218,4.933445622,4.280775621,3.605109603,2.523265764,3.530699399,4.758330099,2.898818124
"4-(2-Aminopropoxy)-3,5-dimethylphenol",0.946340808,0.730634116,0.743041141,1.100105151,1.147092211,1.763870375,1.674322093,2.373122515,2.534375422,4.18273726,1.596584664,1.452700252,1.926778898,1.277418617,1.598989171,1.003747477
4-(3-Butoxy-4-methoxybenzyl)imidazolidin-2-one,0.174359409,0.476920284,0.243368558,0.352836526,2.342357957,2.060053388,1.815568604,0.580843756,0.026593141,0.03406504,0.11075155,0.108239716,0.039872472,0.035122774,0.071373611,0.404835073
"4-(9H-β-Carbolin-1-yl)-1,2,4-butanetriol",0.039523627,0.071524815,0.043093794,0.038628066,0.043215591,0.036485933,0.03557371,0.081169499,0.125036517,0.05290165,0.044820854,0.035447488,0.085059961,0.047060567,0.058623138,0.056134808
4-(METHYLNITROSAMINO)-1-(3-PYRIDYL-N-OXIDE)-1-BUTANOL,0.391261827,0.076314753,1.066189426,0.087746381,0.038188637,0.114521652,0.165516855,0.193988523,0.034262601,0.085911267,0.057844843,0.073855937,0.05093181,0.035972493,0.13627573,0.051189524
4-(Stearoylamino)butanoic acid,0.068146373,0.105290232,0.053661813,0.065900913,0.053572987,0.061164625,0.062717353,0.071878269,0.084991787,0.082734171,0.090665128,0.089316278,0.087235671,0.084359325,0.109607054,0.083025971
4-Acetamido-2-amino-6-nitrotoluene,0.379166438,0.055022103,0.236378525,0.028381894,0.140608272,0.115847155,0.141729982,0.054820786,0.024208024,0.030419364,0.350344664,0.155858315,0.504287782,0.156870939,0.041515816,0.118881964
4-Acetyl-2(3H)-benzoxazolone,0.032167161,0.303730183,0.181453658,0.199263832,0.196857319,0.202293771,0.057680324,0.109842068,0.215247192,0.363544575,0.291970216,0.205589752,0.032823211,0.082936079,0.055496935,0.037448112
"4-Amino-3-[(1-carboxyvinyl)oxy]-1,5-cyclohexadiene-1-carboxylic acid",0.240829051,0.305033261,0.311868199,0.3299214,0.29081342,0.310849681,0.289887502,0.264762268,0.212188667,0.246102809,0.316947349,0.233341004,0.200258766,0.204324808,0.316316396,0.346083543
4-Amino-3-pyridinyl hydrogen sulfate,0.996667287,2.074247735,1.242350215,1.506606762,2.087280251,1.066364939,0.89097386,1.179114531,1.747574316,1.461512659,1.143665049,1.915207647,2.241185383,1.629998998,2.731380414,2.118609443
4-Hydroxy-3-nitrosobenzamide,1.939179853,0.957474172,2.082753386,1.764541576,0.399518364,2.292076512,0.758499201,3.947789751,3.129174051,5.261470098,2.866563174,10.96769038,9.241563663,1.185191563,5.125663947,2.082684116
4-Hydroxy-5-methyl-3-furanone,4.556676189,3.406935044,7.819364416,7.950532969,8.682747944,4.79463792,7.347731862,9.850446597,4.692819242,3.019080655,2.541102294,2.818222151,2.06809203,3.721465389,3.997000537,2.887025102
4-Hydroxybenzaldehyde,4.560349325,2.925434137,3.143389536,3.52842481,2.770871323,4.360625921,3.640609291,2.892609702,1.382843739,0.885652217,4.0167355,1.987888257,1.529355057,1.035824293,1.134685216,3.80095645
4-Hydroxyprolylleucine,1.0529112,0.734345846,0.620311027,0.853071463,1.595550085,1.830441,1.400869313,2.737315654,0.799598708,0.952901837,0.565328592,0.834734969,0.899242219,0.864993267,0.911367868,1.302927286
4-Imidazolemethanol,0.541983967,0.416338592,0.504706527,0.57035422,0.444347313,0.385898932,0.527213513,0.355531404,0.519592317,0.428137854,0.366866163,0.354689402,0.427895906,0.266929325,0.579458853,0.414006966
4-Indolecarbaldehyde,6.275037908,4.70695872,7.853019777,4.760425239,9.004140644,11.78008454,9.876235427,4.903034947,5.895034192,4.302372401,6.558365096,3.029403108,4.863102308,3.421065839,3.944810314,9.556112326
4-Methylaminobutanal,1.483865251,4.959705022,2.289300553,3.779594367,2.977641049,2.328882072,2.282484355,3.703412022,3.697881977,5.499079707,3.857723377,3.557818041,3.618363638,5.890813372,12.42683526,3.862562597
4-Methyleneglutamic acid,0.13164133,0.217344726,0.174472477,0.153942221,0.032841657,0.176079495,0.042635151,0.047508234,0.039699068,0.212808352,0.057995692,0.041398715,0.205629081,0.206577827,0.071537059,0.213540113
4-Methyleneglutamine,478.8274368,542.2885287,509.4416684,604.6496813,449.8732497,478.5023342,516.5476565,121.364147,100.0162939,96.61456195,540.7949262,193.3838149,100.4222776,85.03952335,194.9335758,489.1747158
4-Nitroaniline,8.044837565,2.150034206,3.11734496,4.84755078,2.709587735,9.248642226,7.326659541,8.293693843,7.801010821,0.618495481,6.900038821,10.01899372,10.07409835,4.260571606,4.611742217,6.883786851
4-Nitrophenol,3.5881042,1.954325492,4.615698265,1.627623497,2.751474304,1.833453214,2.56880233,3.171684226,4.580223903,4.668294487,2.658227429,3.311580794,3.164931603,4.669739392,4.539443181,2.674832489
4-Nitrosobiphenyl,2.873555454,3.54377324,4.301765538,4.213468732,2.981587065,3.72485531,3.990677516,3.16567179,4.074682014,5.693321677,3.980750957,3.498151568,3.920402371,5.585470423,3.99620896,3.604402669
4-Phenylbutyric acid,1.92279418,2.023050158,0.700339272,1.387321044,1.551145186,1.896438208,1.620705886,1.783907593,1.020517039,1.608049844,0.642406817,1.786262355,1.556094043,1.55912781,1.739157156,1.680837971
4-Pyridoxate,0.390890284,0.427090699,0.358877208,0.519540623,0.425348951,0.515175016,0.368803229,0.389004285,1.043214956,0.750773778,0.493385589,0.354884345,0.41315439,0.934425763,0.452483191,0.32113241
4-[(2-Isopropyl-5-methylcyclohexyl)oxy]-4-oxobutanoic acid,0.845089827,0.561901484,0.781392677,0.743897614,0.874182329,1.231821968,1.250667933,1.235061471,1.360488731,1.856601693,0.761544225,1.112486762,1.282209222,1.233922315,1.178210461,0.928328
4-amino-2-hydroxyamino-6-nitrotoluene,0.094556361,0.226291784,0.12831256,0.045965139,0.118483158,0.102146972,0.147805497,0.330661139,0.071842373,0.06534004,0.049826328,0.052901,0.10090228,0.180498109,0.081719047,0.074829087
4-aminocatechol,10.0305172,4.604313231,9.018805657,8.773114766,5.006470009,11.94029251,9.078104713,9.597309223,3.681341165,7.094506872,10.83393259,5.529764234,5.073187843,6.81157422,6.742105258,4.233437589
4-hydroxymephenytoin,1.259562918,1.150988267,1.04508266,1.34568891,1.620736452,1.343189844,1.284640755,1.109382585,3.541765905,2.922630128,1.640571971,2.075115836,1.897781221,3.510895722,2.259089156,1.890890729
4-nitro-o-phenylenediamine,1.605193533,1.569584784,1.496588622,1.240197582,1.733654239,1.378548455,1.272850625,2.064081363,1.953619209,1.956663666,1.450561726,1.432327544,1.520826475,2.59588046,1.542845821,1.678995697
4-one,0.283871075,1.628352604,0.170225132,1.337127477,1.139255986,1.222671038,0.382746504,0.718636788,1.623428369,2.04523353,2.040304214,0.324976266,0.418648521,2.138778217,2.783390716,0.388687571
"4-{(Z)-[(4E,7Z,16Z,19Z)-1-Hydroxy-4,7,10,13,16,19-docosahexaen-1-ylidene]amino}butanoic acid",1.632185876,1.721457311,0.650336705,1.572259948,1.621356782,2.686170895,2.976250969,3.079843713,2.300773909,2.731692269,1.939489444,2.195900449,1.312336326,1.902498659,2.5683324,1.855440477
"4-{(Z)-[(5E,8Z,11Z,14Z)-1-Hydroxy-5,8,11,14-icosatetraen-1-ylidene]amino}butanoic acid",0.890811507,1.459566227,0.571644171,0.426162213,4.035498114,1.079191238,1.041569263,0.993596258,2.519751738,2.587660306,1.116951093,2.173926039,4.371696513,2.524046298,1.554093523,1.222681144
"4-{[5-(7-hydroxy-5,5,8a-trimethyl-2-methylidene-decahydronaphthalen-1-yl)-3-methylpentyl]oxy}-4-oxobutanoic acid",92.15093254,236.3746876,95.28850954,137.8105533,104.3719244,85.47450478,109.8342676,100.5926859,134.4187566,146.5911238,136.2059554,367.8011042,341.4607888,200.8540012,424.1756051,430.815182
4α-hydroxymethyl-4β-methylzymosterol,1.551958805,0.49614488,1.621089099,1.407668424,1.354129249,1.173177896,0.799952521,0.203290491,2.177628753,3.048426567,0.348194246,1.65029211,1.263887282,0.811737297,1.271019188,1.68212473
4β-methylzymosterol-4-carbaldehyde,0.958852973,1.622264448,0.539710765,0.998414453,3.647074082,3.382445641,2.596834952,3.594006778,2.535363087,4.181985442,1.513922987,2.601948126,2.064921698,2.202533692,2.973526448,2.900375984
"4′,5,7-TRIMETHOXYFLAVONE",0.031994181,0.045890389,0.033836816,0.039695892,0.032192,0.036343172,0.033378548,0.037714507,0.029997255,0.03935057,0.037783139,0.037591653,0.0399441,0.041787562,0.063832425,0.039839667
"5-(2-Furyl)-3,4-dihydro-2H-pyrrole",21.88755798,25.05851851,18.31422569,23.88945744,3.214637579,27.26806822,24.20160704,22.79972037,13.32764366,11.24574376,29.12563357,14.306071,11.40865749,11.08285987,1.768469467,27.19214489
"5-(N,N-Dimethylcarbamimidamido)-2-oxopentanoic acid",1.157782602,0.689941342,1.022664859,1.132221031,2.8793194,0.732035118,1.539408564,1.937084812,2.022649761,2.432157523,1.272022922,0.90711238,2.218761981,1.241648979,0.588201205,1.09727046
5-Aminovaleric acid,554.9904618,196.9008301,434.083709,150.5905852,47.7355998,31.55071348,50.01917018,73.60760897,61.03628784,35.75650646,60.31468931,22.73208804,20.37750911,80.18638078,38.58855793,20.41574403
5-Hydantoinpropionic acid,2.502339264,15.34226489,6.90136635,3.183854223,13.31591318,6.56591059,9.824657427,0.50395247,0.734950696,0.336664733,6.279265113,1.046984714,0.940551329,2.189756235,0.624717361,12.07299884
5-Hydroxy-N-formylkynurenine,0.301768769,0.0650634,0.346281929,0.181035515,0.38580012,0.190081602,0.382649068,0.296791611,0.451907274,0.450872272,0.198630087,0.367141911,0.533094805,0.399377909,0.319639663,0.275061532
"5-Hydroxydihydro-2,4(1H,3H)-pyrimidinedione",0.481665515,0.243446944,0.490092679,0.414356062,0.757674252,1.840253063,1.614848779,1.793891282,4.037877349,3.661200301,1.027091325,3.182271155,2.450902828,1.116850124,2.107781557,0.586242347
5-Hydroxyindole-3-acetic acid,7.073942134,7.083095384,5.30029793,8.197833816,7.871299125,8.747101749,7.210128367,10.26092521,10.33180555,15.23298162,6.119484868,11.23681506,12.44528404,10.35340158,15.00121426,8.749755167
5-Hydroxykynurenamine,0.904777332,0.467726995,0.775141291,0.595197088,0.908251217,0.804951373,0.915849338,0.636961439,0.804541063,3.66873119,0.844242866,1.366972781,3.698094847,1.254344338,3.928958148,1.138000417
5-Indolol,0.124021937,0.16874956,0.116404194,0.172262625,0.139334074,0.165242173,0.128525059,0.164843922,0.134095752,0.224021127,0.115504985,0.161615572,0.192438314,0.17336494,0.197488654,0.144000669
5-Methoxy-α-ethyltryptamine,0.019359402,0.069930144,0.048993127,0.05619969,0.053806959,0.067388363,0.019359787,0.025357352,0.06211498,0.029496188,0.026581489,0.040647517,0.021106776,0.068909363,0.040858311,0.066454324
5-Methylcytosine,16.58747805,19.60643316,10.34304131,14.69496249,15.6968827,10.48030667,13.6229104,9.717591567,4.19340604,3.543556354,5.082198334,16.49147981,18.28313823,8.56257037,15.8330484,23.75444498
5-Nitro-2-propoxyaniline,4.574073573,4.619586057,6.794559743,5.899466003,3.321970136,2.663017643,4.135822609,4.430106801,3.444801826,3.394137152,2.927163379,2.909570116,2.791987408,3.968885261,3.31911408,2.926085026
5-Nitro-o-toluidine,2.688547011,2.29898071,3.529806953,3.038781603,6.453542181,1.900480384,2.707902952,2.979098132,7.357524458,8.354047264,2.097040382,5.285061673,10.68247216,9.797750081,2.364847432,2.361745665
5-Oxooctadecanoic acid,5.277017785,8.728793925,10.39811066,4.3264703,10.11634565,4.109242483,4.51231355,2.014551941,4.789692823,2.551549169,4.848959203,2.729821434,2.771267677,6.256074816,4.258296828,4.427051739
"5-[(5-Hydroxytetrahydro-2-furanyl)methyl]-1,3-benzenediol",4.131530661,3.01242762,5.319752868,3.178872701,4.972425464,5.551310478,5.785412653,4.779783091,4.689866291,6.668430866,3.564456807,5.461213563,4.268891751,5.798118485,3.453957112,2.551352491
5-guanidino-2-oxopentanoic acid,0.757975452,0.903208777,0.873213174,0.995154474,0.415585554,0.31751081,0.488822363,0.758426974,0.566460866,0.501201471,0.313049039,0.188745756,0.482567055,0.691289886,0.286694893,0.165033067
5-guanidino-3-methyl-2-oxopentanoic acid,0.525409469,0.592418941,0.626543923,0.665461508,0.787710947,0.679008454,0.733868039,0.89962755,0.896246209,1.377726793,0.584581998,0.83512613,0.923244049,0.854225881,1.017750642,0.723016403
5-methyldeoxycytidine,1.655789614,1.718037128,3.198447864,1.855116457,2.625670251,2.524031147,2.693087627,2.442051809,2.303490323,1.872079522,3.485971747,1.431445934,1.797083878,0.957497362,1.499979355,1.590977653
5-methylornithine,1.143746235,0.927108858,1.117289391,1.425590787,0.964034818,5.560443307,1.165699941,0.650695504,0.960155087,0.470003681,1.213337028,0.649906525,0.498895973,0.575092644,1.837376201,1.597362657
"5α-Androstane-3α,17β-diol dipropionate",5.000653949,23.14378972,9.319336174,6.381737958,7.171402846,3.06388466,1.831700289,0.490054123,1.561398824,0.286243979,2.360506675,1.631632793,0.363794315,4.209579264,2.713021759,9.801389631
"5α-ergosta-7,22-diene-3β,5-diol",1.733136603,3.669954865,1.706954536,1.170548226,1.114255031,1.209636432,2.483424963,3.030486244,1.30068545,1.954616311,2.115589439,1.315083172,0.709163109,1.990343681,3.240394932,2.509841579
"6-(1,2,3,4-Tetrahydro-6-methoxy-2-naphthyl)-2(1H)-pyridone",0.0212714,0.032537345,0.02252665,0.034720561,0.018643623,0.020434635,0.020276099,0.029151912,0.022437801,0.104941281,0.028599356,0.022773962,0.022638169,0.030315729,0.042033625,0.025756509
6-Acetamido-2-oxohexanoic acid,14.59856882,14.36492142,13.69003681,11.21052834,9.149215051,14.40023897,16.03225203,28.7954551,11.4893707,13.37229024,17.77386693,15.98063892,13.87377839,13.35127033,12.95406074,12.528814
6-Decylubiquinol,0.987453938,2.034072129,1.553944659,1.145900622,1.312032641,1.294460439,0.585339874,2.430102812,0.548322098,1.654321975,1.475723981,0.983005181,1.314095755,1.150394891,1.150543044,1.180752591
6-Guanidinocaproic acid,61.16977482,52.47863082,86.64386241,58.94503572,87.65471152,47.8439203,45.08788187,52.83374914,49.50314987,48.37604305,49.34426385,23.95822734,49.26739331,86.38104118,27.25279315,88.1302363
"6-Hydroxy-5-methyl-4,11-dioxoundecanoic acid",0.663612013,0.807956941,0.417884557,0.490919614,0.666581313,0.49079972,0.481495089,0.601008423,0.793982855,0.76339747,1.27141918,0.950127778,0.604375373,1.503774805,0.772644253,0.752603683
6-Hydroxymelatonin,2.285142241,2.727636439,2.118857414,2.545981017,3.525105297,2.572488572,1.703473517,0.332215403,2.493470222,2.848767508,2.088483941,2.971580375,2.746118756,3.230303258,2.737851257,2.463869511
"6-Methyl-5-(5-methyl-2-furyl)-2,3-dihydro-1H-pyrrolizine",13.1010253,18.79491875,4.964019898,4.859667171,21.43510348,37.49797562,27.98301766,23.90741899,33.60871544,29.43497539,31.45720154,40.52013285,21.44612298,62.09522533,33.47839755,30.77978897
6-Methylhept-5-en-2-one,1.49630295,2.000848311,6.905714551,0.560230232,13.57466715,3.043657179,16.53386288,9.070215732,7.046488733,14.37027282,3.687099933,1.186451564,14.89902238,3.11848615,11.94102255,3.690668878
6-Methylquinoline,0.374835596,0.313232989,0.15527864,0.22008096,0.191019275,0.230932365,0.188270292,0.239464394,0.266116719,0.227543247,0.218238838,0.107688146,0.079462612,0.181154504,0.205017668,0.096479219
"6-hydroxy-4a-(hydroxymethyl)-5-methyl-3-(prop-1-en-2-yl)-2,3,4,4a,5,6,7,8-octahydronaphthalen-2-one",0.32305397,0.052205101,0.040758488,0.325569586,0.067968509,0.365992671,0.315147676,0.495039861,0.55387404,0.624635918,0.538569393,0.469824521,0.550742328,0.524657807,0.887876354,0.481426914
6-hydroxypseudooxynicotine,4.323865154,3.602061642,2.965826485,3.339763943,5.066438533,7.704568183,9.051112822,13.67358473,2.8175353,2.87172256,1.998412391,4.007569509,3.503632684,2.783118714,5.621165713,2.602591786
6-methyltetrahydropterin,3.043640468,5.413780223,5.061022398,5.795321996,3.977014412,4.110231399,4.133175616,2.680180553,1.878156797,3.316425924,3.413836759,2.911167142,2.517359602,2.64207438,6.135277285,3.513529758
"6β-Hydroxy-D-homo-17a-oxaandrost-4-ene-3,17-dione",7.442550958,3.717359055,4.220197183,3.378644509,4.047847797,10.88891526,7.622951236,13.60154854,9.276977711,13.11732824,5.343532115,12.09325514,6.378483581,6.838427704,8.883341887,8.653954402
"7,4′-Di-O-methylapigenin",0.560990151,0.308913925,0.210081546,0.291205259,0.530952584,0.609714522,0.277520306,0.230892219,0.072834342,0.05503081,0.053367221,0.461011672,0.508728518,0.071902937,0.104377289,0.362651214
"7,8-Didehydro-4,5-epoxymorphinan-3,6-diol",0.07790846,0.143077285,0.111944303,0.172001761,0.066811173,0.200155589,0.142478361,0.07836374,0.097763032,0.054618957,0.033241652,0.092867369,0.183705424,0.145590389,0.135945314,0.12672528
"7,8-dihydro-8-oxoguanine",0.296794195,0.075187272,0.338546482,0.105998204,0.57127515,0.249046951,0.285392792,0.316445313,0.643355976,0.838196751,0.384326045,0.514668452,0.680798193,0.849893484,0.463416177,0.386495103
"7,9-Dihydro-1H-purine-6,8-dione",18.67310884,27.71222392,32.10906235,28.52989289,26.27993504,32.5575704,26.80290071,9.566428681,13.77656923,17.41042736,24.44986466,10.47742503,12.61204925,9.940172974,14.80757325,23.78606315
7-Methylguanine,57.39224033,63.59975819,57.39883143,65.44555499,82.18730596,54.8354412,54.18657884,55.42995441,66.4468225,89.49693405,51.20068953,67.44097431,60.79780066,91.55582633,49.64218881,59.64866899
7-ketodeoxycholic acid,2.934199217,3.741850324,3.392776536,3.900252102,3.055508133,4.685954038,4.459625416,4.873264718,3.013276533,4.558536862,4.704685074,4.479626411,2.702993677,2.089864801,6.425531954,4.888276738
"7α,25-Dihydroxycholesterol",8.00804839,13.71811257,14.95013159,7.388418284,4.429974009,19.791077,11.5816609,23.54994891,3.235654866,5.476452736,31.34779247,17.60913333,8.112685163,32.67684104,25.59872611,5.775080085
7α-Hydroxy-3-oxochol-4-en-24-oic acid,23.71139262,32.36454027,33.71916198,28.80672234,30.34855863,31.68991959,38.85946076,35.37389883,24.5913524,24.66593518,21.98740385,19.80317225,16.04401251,27.83136025,21.20731218,21.2948222
"8-Hydroxy-3-(methylamino)-2,3,4,4a,9,9a-hexahydro-1H-carbazole-6-carboxamide",0.023284932,0.036032651,0.023791373,0.02739557,0.021771185,0.02349195,0.022161723,0.029986657,0.024078648,0.031253318,0.031308059,0.025366532,0.024823949,0.034982863,0.047333069,0.02770675
8-Hydroxyhexadecanedioic acid,0.338896681,0.406319519,0.245000904,0.254140143,0.276858137,0.263256051,0.382102016,0.478261047,0.470716509,0.508180674,0.377410301,0.503553201,0.769291978,0.408226178,0.455082491,0.355384258
8-hydroxy-7-methylguanine,0.960347527,1.481764901,1.228976689,0.98885494,1.75161257,0.707786503,0.783052956,0.696746928,1.0201945,0.805205121,1.309026312,0.664925211,0.286768835,1.435871204,0.27063742,0.762332164
8-hydroxy-deoxyguanosine,45.9375795,22.18393941,35.60858643,76.86739104,19.0389241,78.4999035,50.186277,88.53224601,18.98516327,82.91457789,39.14686988,56.65054293,53.89185244,15.28339494,85.45630804,24.38859401
8653IQ20EA,4.807541471,7.673744013,4.034315301,7.133833413,5.086919798,2.05401436,3.968424166,5.425533802,8.189874725,6.418416589,5.014665085,7.869933803,8.271071419,5.497206018,7.112914217,9.612077355
"9(Z),11(E),13(E)-Octadecatrienoic Acid methyl ester",0.436443073,0.59120915,0.530669993,0.441558553,0.395772213,0.122282338,0.218432059,0.085183255,0.058116307,0.020817727,0.101206231,0.115274228,0.019544049,0.250986106,0.196972933,0.224142918
"9,10-Dihydroxystearic acid",0.107856785,0.239536156,0.32677044,0.227408577,0.197080838,0.102763982,0.090653802,0.104961041,0.1946748,0.105974976,0.104433101,0.263805555,0.267267667,0.250417044,0.161909512,0.285581546
"9,10-EPOXYSTEARIC ACID",0.228140801,0.384064182,0.368289361,0.352866645,0.177020355,0.233199281,0.363559398,0.094918332,0.19189181,0.354745892,0.507770891,0.404505098,0.407331004,0.465856097,0.552171194,0.251921141
"9,12-Hexadecadienoylcarnitine",73.36183344,45.40696501,46.3117962,49.01319355,26.13459645,14.09511718,23.4650996,30.0178164,39.30167647,46.50358867,40.13153766,61.38334258,36.06606941,41.58035493,46.67462242,55.46156487
9-Carboxymethoxymethylguanine,0.259814611,0.186969579,0.226057883,0.219233907,0.068653848,0.555266621,0.70072824,0.203044001,0.086822269,0.214419511,0.302575902,0.119016222,0.069723558,0.113099962,0.085551727,0.055626719
ACETYL ARGININE,3.625599385,1.949721903,3.12710788,0.052935998,0.058701737,2.065117231,2.17605939,0.048847424,0.039172121,0.048317893,2.089562412,2.54759839,1.842961457,0.048569244,0.067877288,4.097448824
ACETYL PROLINE,16.55467951,14.74852636,10.93902208,13.7927304,9.767029911,17.64604164,17.95558464,30.26361358,6.435160327,12.41961764,12.80346404,16.21642552,13.0476265,6.806367884,10.35428586,13.27464303
ALA-PRO,0.044244086,0.047902155,0.088097083,0.051244865,0.035474011,0.080381406,0.094097435,0.04303117,0.0805236,0.127689839,0.117471368,0.091131146,0.11196537,0.138242133,0.191537102,0.111494244
ALLN,0.031907777,0.046831753,0.034622862,0.037874299,0.030107585,0.035231709,0.034222209,0.045337262,0.033711415,0.041389107,0.042663108,0.035380388,0.034805525,0.043391464,0.064731638,0.039687653
APM,12.38949573,7.028818527,8.317206998,13.12058354,9.734045837,11.98141419,15.48194443,15.43854254,9.721010877,10.91528372,15.13670098,8.550450649,9.457562992,7.327261972,10.73101399,8.403487135
ARECOLINE,4.841266708,3.37892562,3.332123004,3.227348625,1.083915829,1.158594707,2.379135621,5.897761101,2.519180444,2.371876214,1.609125548,2.725610052,1.352979239,1.939853839,1.850846631,1.700848178
ATEE,0.060673133,0.094892332,0.031269696,0.040641415,0.029486976,0.034903574,0.034838803,0.130190741,0.024892679,0.031141212,0.042474952,0.045539741,0.040070684,0.092332658,0.043809151,0.037924319
Abacavir,0.91921571,1.186203106,1.143350334,1.375948997,1.146302569,1.249478933,1.062766173,0.97065372,0.777911902,0.922095919,1.161971176,0.823923357,0.734175294,0.771714852,1.183412182,1.268788339
Abexinostat,1.766455249,2.548799224,1.59463754,2.303133473,2.322194184,2.350286104,1.948797947,2.120562721,2.194885686,3.164969013,1.8417964,2.081226979,2.551805247,2.575347131,2.879980561,2.303269585
Acadesine,0.090728943,0.058723618,0.04107122,0.040906887,0.053557297,0.022649429,0.074088853,0.054502272,0.054096663,0.158640904,0.038247289,0.024686313,0.036770387,0.396662533,0.135626515,0.147990495
Acarviosin,0.279416226,0.353907645,0.361837721,0.382783521,0.337409411,0.36065601,0.336335136,0.284954964,0.246186896,0.285534979,0.367730686,0.255400859,0.232345509,0.237063038,0.366998637,0.401535267
Aceglutamide,4.643483363,2.402228337,3.857185834,1.502845427,3.01771932,3.456160196,5.1315712,4.094205214,4.124417057,0.274724966,2.579414359,3.879474349,5.829681853,0.289139138,0.387262018,4.82989876
Acetanilide,14.14781581,12.51517562,9.998519622,11.35791673,9.788966269,18.0459832,11.94687941,10.86506414,5.830170843,4.509376916,14.20477076,7.612223619,6.95348434,3.929193626,4.487274476,16.06778569
Acetophenone,1.57699634,4.350686674,2.182072341,6.296986434,3.284680095,3.715960461,3.968590377,2.490100375,1.806838353,2.354142699,1.66103234,2.04577182,1.719505734,2.875964803,3.484344193,3.043497867
Aceturic acid,2.462556973,3.365109658,2.792888299,2.810331134,3.182704858,3.565638461,3.260805719,2.723416206,2.810688138,2.561695241,3.646320388,2.152640413,2.074184004,2.289794939,3.097009688,3.69442302
Acetyl-L-methionine,2.875975196,1.519543193,2.498178421,1.470979672,2.367565502,2.8875586,3.026910576,3.988390458,4.060428793,2.221179683,1.58519875,2.699568445,2.000750856,1.523360957,3.299968994,3.216342346
Acetylarginine,49.53276429,56.21092895,63.63565451,42.27533814,58.25587688,26.96948939,38.39219768,51.51291153,54.92377991,29.08153684,39.22143077,33.55102482,5.616108534,53.89057377,71.31966814,81.87146415
Acetylcadaverine,22.59726788,20.8479673,37.22417833,19.05625859,16.21594671,13.20988884,13.2313068,10.83048542,15.70220906,15.35667456,22.96001326,13.11120276,15.89021943,19.03654299,22.30369961,16.82714265
Acetylcarnitine,5.017058336,1.84694217,8.247088473,1.754595507,1.319438307,1.001775819,1.564716279,0.85886358,1.151291586,1.341398982,0.5741878,0.223328129,0.937170282,1.396905777,1.786870047,1.390423098
Acetylhistamine,24.74754945,18.47271305,17.28585761,32.15954117,19.01918251,26.926996,18.50086206,29.3925342,33.92441587,49.56837482,18.63979581,36.42737658,38.30820489,25.02771846,47.3721001,18.12088155
Acetylisoniazid,0.048798201,0.042664156,0.047761248,0.043070381,0.021739852,0.036930482,0.037677896,0.033716092,0.024714451,0.02888644,0.030701183,0.023910486,0.024395193,0.03269808,0.052456406,0.111364086
Adenine,295.0976188,397.25133,346.8081655,228.309896,305.8920643,319.6886008,513.9415327,354.0541212,309.8026223,342.1901427,545.1013679,240.4010713,263.8472295,166.9346347,312.0200363,620.8296142
Adenosine,22.70660291,9.613320463,41.46451183,25.56055553,11.15095957,24.813271,30.72054954,22.49675942,14.97386632,15.0511849,21.30968644,15.2444029,13.876084,6.549026888,14.95453873,24.45150364
Adenylthiomethylpentose,0.574237854,0.351508018,0.180919454,0.202537952,0.318042258,0.604659971,0.290113274,1.420739322,1.408042375,1.670873793,0.678291168,0.956975586,1.488158964,1.33882574,1.79982902,0.398090272
Adipic acid,1.370702242,1.472577045,1.056523766,1.144995191,0.851763286,0.911233024,0.796360523,0.944994592,1.379378091,1.665182635,1.780021763,1.280380064,1.268323669,1.408592866,1.881569923,1.364576554
Aganepag isopropyl,0.081835574,0.196426763,0.055822694,0.240250732,0.105200414,0.097932321,0.241006951,0.279753797,0.069884173,0.151551756,0.09733928,0.074799723,0.539397356,0.076636896,0.538980744,0.365374938
Ala-Tyr,3.475171976,1.632877978,2.378964886,3.068047049,0.930805573,2.111022493,2.465234449,4.291728624,1.029372369,1.804740886,2.151676776,2.329795952,2.3115743,0.689505207,1.468486539,1.467830294
Albendazole-γ-hydroxysulphone,0.255169793,0.140209927,0.406929813,0.242168251,0.871920597,0.382662147,0.743354061,0.410603195,0.429997277,0.293495156,0.295599181,0.353259785,0.421055938,0.347745752,0.137217677,0.401682657
Allantoic acid,0.326615484,0.192427466,0.246422283,0.160939183,1.934811743,0.126943111,0.74061776,0.301612556,5.663393636,1.887143868,0.159757852,0.731073635,6.289024577,9.378254474,1.252779455,1.074186664
Allantoin,1.381992081,4.263282597,2.105937386,0.927078935,16.60164789,2.523197034,3.507343597,7.831193103,25.7395425,25.35143981,3.127977949,15.8406683,59.32445621,64.98525357,20.35442579,10.86258029
Allopumiliotoxin 267A,4.493158737,0.948684101,0.997502431,0.438580393,0.061950205,0.086287346,0.045615948,0.075061548,0.05883231,0.045407954,0.105685761,0.811992893,0.733608835,0.094267756,0.468639238,0.48565931
Allylacetic acid,610.3700412,616.9393561,456.9872179,999.2189432,931.2738912,429.1663972,230.0539806,506.199235,290.597277,92.55219426,134.3903905,56.99477767,48.33677446,343.5376599,97.88600137,47.24462364
Allysine,0.582208408,2.696126612,0.574231072,1.715475452,4.598080579,0.691875778,0.693233831,2.262873074,5.649031792,4.008777291,0.166488734,4.0720747,11.60619076,12.39376037,2.176254007,3.896742932
Alpertine,0.215361567,0.212507766,0.0830201,0.399462978,0.191270914,0.323411944,0.179087699,0.383357416,0.329383963,0.630585406,0.222498276,1.089312296,0.820164717,0.212233008,1.287854642,0.29194282
Alprenolol,0.031145749,0.050633988,0.033081259,0.032504429,0.026454555,0.029713601,0.034850113,0.035475415,0.031679416,0.056957003,0.038279797,0.040564322,0.031780968,0.061083756,0.05399433,0.039966871
Americine,1.431384239,0.62178934,0.454469984,0.623174439,5.273733398,4.062848195,2.912805541,0.825172025,2.45900062,2.840219323,1.507251477,5.994111591,2.048120412,2.490054385,1.998934776,1.891039535
Amide C18,0.025867781,0.025298832,0.032561541,0.029808608,0.030399417,0.017651378,0.037543166,0.024811371,0.030564243,0.037926823,0.036414949,0.018750233,0.01619893,0.02387078,0.053616014,0.025019769
Amidrine,0.09944879,0.122968641,0.108026616,0.091052081,0.079268717,0.10327223,0.09596785,0.126182035,0.142883226,0.150432822,0.172149579,0.11609652,0.139452428,0.170045167,0.217107614,0.113219729
Aminohippuric acid,0.162917349,0.134717379,0.125959766,0.083238411,1.649042013,0.154611428,0.149681798,0.470433002,1.609003338,1.401077266,0.152449305,0.622360771,2.573097729,0.858248432,0.256910481,0.140420471
Aminolevulinic acid,0.404458847,1.619051442,0.570925168,0.44948624,0.375740082,0.401627561,1.500499306,0.516255931,0.387125551,0.510965114,0.40950594,0.580536293,0.598082676,0.913557684,0.832160677,0.447150817
Anandamide (AEA),0.463125783,0.179616678,0.14236395,0.310562106,0.355863194,0.441153829,0.299003259,0.388776076,0.410675667,0.333418901,0.411326554,0.391008373,0.350888898,0.314926258,0.410978889,0.32863461
Anhydrovitamin A,0.284474768,0.231518201,0.967953361,2.848551813,0.462883186,0.138028372,0.306653569,0.029631411,0.261962616,0.035135049,0.353966282,0.016008163,0.017591917,0.073168352,0.031377378,0.078237564
Ankorine,0.553487918,0.278200518,0.949584927,0.474175211,0.053477341,0.03534602,0.091771432,0.560219727,0.182675527,0.108625328,0.159461953,0.058456526,0.063372832,0.228072976,0.118404693,0.056835183
Anserine,0.319221589,0.24944861,0.103530726,0.225597372,0.319282367,0.286534047,0.323047045,0.310697929,0.366128167,0.391189055,0.320643047,0.074425709,0.154257266,0.605651677,0.0953733,0.089363097
Anthranilic acid,0.996807404,1.344953133,0.295560705,1.266465482,2.88245464,1.460933129,0.800078647,0.491448455,1.340275802,1.275669399,0.390274765,1.471287193,1.526298512,1.563807547,1.157559558,1.310251621
Aprobarbital,0.996697666,1.178815477,1.737758555,1.08292525,1.015219781,0.823835376,1.010313508,0.901829724,0.969239096,1.155757208,0.601121352,1.314575094,0.677488888,0.921357896,1.50434489,0.906456362
Arabinosylhypoxanthine,16.53782652,2.201082759,7.085049373,19.73341431,2.235288433,31.03274613,11.20453755,27.45478733,7.486330476,31.06894641,8.258692617,30.51072795,17.67283982,6.513401689,18.77744204,1.970619147
Aranidipine,0.120397963,0.115714985,0.090494365,0.120673857,0.074772736,0.086732707,0.115811962,0.111570578,0.071544607,0.056365594,0.091468219,0.062695937,0.062667138,0.05826351,0.073176858,0.094827348
Arecaidine,8.230623328,8.260245807,11.16128527,7.949223631,4.375633877,3.727982067,4.466530127,3.992373386,4.951678234,3.065556405,3.532921411,3.331083279,2.823038345,5.710169048,3.983546989,4.147749518
Arg-pro,3.122355909,3.328259497,1.878679831,6.661626961,1.458498179,1.340359331,3.971019362,6.405221809,2.270035937,4.555440241,2.561565287,2.324403704,3.309108048,2.450136677,6.093850055,1.62026973
Artemisinin,14.70879194,11.6513489,19.98189597,11.46276003,17.02287046,19.39906355,21.71593831,17.07382346,18.73501603,26.76530999,13.42685401,19.70382304,15.17933517,21.58801119,13.23630713,9.789162847
Asarone,0.731641611,0.844633119,0.358207363,0.552863242,0.37042006,0.423482197,0.294611449,1.223059989,0.549392042,0.997824314,0.478119411,0.729050438,1.729510617,0.738071835,0.881870924,1.089354935
Asparagine,5.732575875,6.800142058,2.482676288,11.18609665,2.961907773,10.65414297,8.476737708,6.515817507,0.650139708,0.728273698,22.94957733,4.564366561,3.781098596,0.912046807,1.516664115,9.238639136
Asparaginyl-4-hydroxyproline,0.674863105,0.475568415,0.588150995,0.546738583,0.825258731,1.05633898,1.153505323,1.571117478,0.72205884,0.902543517,1.47097707,1.086063799,0.833253572,0.326363576,0.912900444,1.113257577
Aspartame,3.81591383,1.634163506,4.155157733,3.708226258,1.964852328,2.477464038,4.214505431,2.996963453,1.609360735,1.34760154,4.420507187,1.285571273,1.277334353,0.987112835,1.453743163,2.989741864
Aspartyl-L-proline,4.409744893,4.032974162,6.464918952,4.875804736,4.395868551,4.047665017,3.873559793,3.48459559,2.754359004,3.011967844,4.577760433,2.299397977,2.508006107,4.296907694,2.896944935,4.30051122
Azepindole,0.107135505,0.112231629,0.199332868,0.137139749,0.117794979,0.107174053,0.168049562,0.13709013,0.091199578,0.052944701,0.10149818,0.111185212,0.183601881,0.048048581,0.145886687,0.179646381
B1 2459,0.163255451,0.055782136,0.03564078,0.180558021,0.987181192,0.081316325,0.031439087,0.167831218,0.21519715,0.308586708,0.03912601,1.113953683,0.463619878,0.576563664,0.668333389,0.798016728
BUTROXYDIM,1.89599596,3.682713437,2.047546807,1.33927206,3.282626952,3.056810903,1.374570189,2.002696119,2.056215594,4.251729163,0.99287013,6.499964481,2.542096365,2.293431392,2.069143245,1.192759473
Bendazac,0.05492175,0.036841497,0.026618551,0.131659404,0.021987308,0.130314815,0.044005915,0.064293546,0.054542563,0.127449172,0.17873652,0.02755208,0.026783711,0.032273717,0.122490758,0.14899582
Benzyl succinate,0.036192696,0.045927285,0.04608574,0.041919107,0.028962493,0.030498489,0.032216321,0.03935342,0.035743225,0.042867833,0.0408337,0.034042419,0.034283917,0.044053766,0.066011858,0.039763921
Betaine,109.4002518,517.8154682,57.28173085,72.78870361,184.4352034,122.3862726,98.37051134,144.7253104,165.4441974,132.6476653,95.96880319,51.74722792,107.5191812,139.5433714,90.17815879,57.47297503
Betulin,4.575978108,4.902533112,2.650858883,3.67031098,5.313691916,7.34532125,4.637954355,6.616855172,6.218613583,9.032916398,4.323823901,7.618750334,5.500078667,4.466994513,6.370398807,5.107108999
Biacetyl,16.25846992,108.9790487,132.7200981,120.2125098,17.29627652,166.9444529,15.14328484,59.04670248,53.77890786,37.71994693,130.9693124,57.25237545,51.86560484,50.27420219,72.16606136,192.762906
Bicine,0.951103861,1.147831488,1.266203132,0.780234575,0.408238828,0.66661202,0.623461514,0.527970384,0.445885182,0.272932,0.435019589,0.382319897,0.259340153,0.596013427,0.810576893,0.769912763
Bilirubin,8.017815233,19.63802482,3.715694045,3.787118486,2.838187832,4.586203517,9.789496915,9.249795891,6.746293294,3.331076061,9.500733502,1.51960735,10.35989038,17.35253151,4.99557011,8.472345656
Biotin,1.53876483,2.151007517,3.189911277,2.020031064,2.876710201,1.560506054,1.530589615,0.543349539,1.477954929,1.786896704,1.188429951,2.051235877,2.130362142,2.156001642,2.152626206,2.359825025
Biotin l-Sulfoxide,0.358132125,0.041218145,0.030386126,0.06263222,0.050489334,0.077692399,0.047931432,0.178010212,0.030466423,0.142958575,0.543474464,0.148838465,0.110102695,0.048418645,0.052934087,0.034380891
Bis(2-ethylhexyl) amine,0.040503073,0.154525408,0.03721491,0.089919949,0.031543772,0.048860179,0.057146984,0.079795595,0.03838922,0.074761673,0.062309373,0.231530182,0.056386408,0.051569481,0.107200805,0.172295713
Bis(2-ethylhexyl) phthalate,3.434974501,7.166356225,4.507664582,5.716243268,3.089267055,8.169786437,5.265685916,8.094846337,7.631912146,7.868381197,8.134505083,6.122529925,6.781928088,6.88807355,11.2813602,5.208249654
Bolandiol dipropionate,11.55619504,15.91894926,6.26839498,5.580567844,11.39468042,14.35792426,11.27207089,11.32411494,13.34146958,19.05952387,9.030492562,20.8424792,19.53190371,12.91367556,25.26170979,18.21872083
Brassylic acid,0.039480869,0.041345008,0.025668332,0.054786277,0.048832376,0.024449913,0.021909904,0.031060946,0.025122461,0.070784925,0.087926618,0.023552662,0.061202231,0.030712451,0.115238543,0.028099755
Brilliant blue FCF,2.923862612,1.054329423,1.615885924,0.847672011,2.585939815,5.423668609,2.179796896,4.256863186,1.999192418,1.783644578,0.185752672,1.611086158,0.445564096,1.077797471,1.343975459,0.340521914
"Bufa-20,22-dienolide",24.05831836,33.51813707,11.72966894,11.32886622,29.38535277,27.4635533,26.25275788,32.69322824,32.48910193,40.63025613,24.34266284,34.50940716,31.36681918,35.79557736,41.84065608,27.01560978
Bufotalin,2.028486488,1.026161568,1.534644229,1.14226286,0.779180865,3.526397529,4.790621882,5.410511281,2.329034836,2.574431239,1.191049286,6.018999197,4.311426423,2.007238962,7.336420309,4.942371712
Butenylcarnitine,0.601967508,0.634066263,0.648273906,0.72210072,0.860769447,0.646156734,0.60258309,0.550355792,0.594156359,0.780067562,0.65883183,0.530461774,0.442028161,0.462418638,0.790446262,0.719396626
Butopyronoxyl,0.088725772,0.099815345,0.062481205,0.094429051,0.068907064,0.091753689,0.081457775,0.121223591,0.111957997,0.135566876,0.133823593,0.120914972,0.094939878,0.127572217,0.179492944,0.113775603
Butyryl-L-homoserine lactone,60.02994572,43.90488834,62.98898379,49.20165134,37.55729447,45.91630023,52.75310629,69.06592252,33.46225481,30.85103605,38.15395153,54.85064172,44.4959633,35.38332607,48.76018124,48.90552498
C12-Carnitine,0.024461306,0.034210652,0.026257213,0.025681878,0.03482599,0.029878939,0.024745703,0.029560231,0.027232881,0.032082122,0.031393989,0.028631271,0.026538001,0.036402,0.044658403,0.029259532
C14-Carnitine,373.308858,468.8977636,232.600794,327.0909156,221.8921742,151.9490285,214.2963092,220.8865929,466.342433,318.7015069,286.1576949,471.6477689,328.2725394,308.7304303,366.9767386,284.8977862
C7-HSL,0.258730078,0.485474862,0.277458611,0.3633819,0.289675994,0.07303816,0.301765448,0.465136723,0.224884406,0.641911848,0.558270575,0.473588528,0.546062238,0.54577848,0.131882819,0.422475121
C8-Carnitine,0.507603948,0.857378497,0.275609563,0.760437891,0.154771146,0.216834069,0.6771218,0.113398041,0.134347979,0.530794177,0.39850357,1.114700493,0.975737968,0.470148376,0.660137981,1.084189835
C8-HSL,0.167228521,0.317371104,0.205801745,0.294065537,0.192179866,0.146244375,0.163933369,0.160190856,0.242411567,0.22899198,0.284483111,0.291216331,0.162600719,0.348736748,0.45151825,0.266660368
CINPERENE,2.019619174,2.947867745,1.310921541,2.10559054,2.617758537,2.244830558,1.753561571,2.179730326,2.658632785,3.052564154,2.407117484,2.662504415,2.135631158,2.324814607,3.062038597,2.372013837
CYCLO(-SER-TYR),0.154915448,0.183596491,0.135843224,0.14953411,0.18817029,0.142224428,0.139891327,0.156241745,0.205576774,0.269459814,0.091592911,0.209420045,0.13327111,0.231160706,0.191934492,0.181266167
Cadaverine,0.762399435,1.045256616,0.925922748,1.126857987,0.779174442,0.688181,0.25447116,0.174839268,0.295180906,0.080476236,0.697875393,0.42392378,0.284743943,0.316592207,0.666308706,0.540212605
Calystegin B2,1.415035397,2.115176225,1.539666999,1.825397269,2.129084926,1.415354834,1.121182981,1.712661245,1.851859865,3.655383314,0.967839135,6.492226781,3.00732561,1.845284465,3.132572325,2.22848209
Caprolactam,3.045723559,4.320914996,2.667113182,3.247363281,4.026007837,3.798660798,3.632695832,1.469149958,2.800636947,0.854085847,2.963677092,4.219619933,3.836827491,2.185708094,0.73666978,7.356948682
Caproylglycine,3.512257849,4.108260743,2.326773502,3.298412022,1.421308033,2.92546222,1.305331927,6.456635608,1.798594973,2.568211088,2.087435021,2.339906149,3.315249458,1.633918213,2.351594153,4.481881499
Capryloylglycine,0.276043855,0.349636212,0.357470577,1.03228657,0.333337101,0.388964701,0.332275791,0.303476664,0.243215582,0.511810365,0.363292418,0.740101565,0.229541251,0.234201843,0.465286113,0.396688999
Capsi-amide,0.218474644,0.450960448,0.195958828,0.217094612,0.230585829,0.256555032,0.136080259,0.458969127,0.406288232,0.327079397,0.192065654,0.462152249,0.26670003,0.21504682,0.325611605,0.148171695
Captopril,0.455703401,0.577192384,0.590125643,0.62428641,0.575944215,0.588198376,0.54853316,0.500990496,0.401509273,0.465682552,0.599736553,0.41653644,0.378935183,0.430309021,0.598542646,0.636471812
Carbaryl,0.524815341,0.274907145,1.202097525,1.092316785,1.000322264,0.973557241,0.689447335,0.544949334,1.074786322,0.699013708,0.492847987,0.844727307,0.636329942,0.723975548,1.302514521,0.990609625
Carbetamide,1.759756735,1.024775254,1.214210684,1.147818916,0.564269457,1.005623,1.442815277,1.473214825,0.485696762,0.635409593,1.170025346,1.120333675,0.853135722,0.435591675,0.61210401,1.064231635
Carbocysteine,2.940790226,3.3508525,2.522141969,2.61849323,2.780490244,2.513969812,2.568731821,2.428230609,1.764809071,2.005973583,1.922983992,2.582271829,2.897543072,2.262111672,2.999698686,5.402233794
Carboprost,0.310976386,0.623694028,0.319188328,0.300143936,0.332008322,0.38086596,0.38485818,0.442906619,0.308556177,0.446970919,0.344807788,0.414971166,0.293504727,0.421063884,0.393895282,0.348069415
Cassaidine,0.876767251,2.05799981,1.233914368,1.742561261,0.906817632,2.411361692,1.451747004,2.181393542,2.292947296,2.642469998,2.749918645,1.997871031,2.367789785,2.056918317,3.733254194,1.718287146
Cedefingol,0.51965399,5.013641982,1.233550832,1.244382637,0.536073035,0.923048812,0.671304811,3.654927602,1.624080713,2.798420805,1.683569603,0.31316637,3.055590069,1.59543142,4.796063896,2.854364046
Cervonoyl ethanolamide,31.55801613,64.96201349,38.89954404,36.85986722,24.28961361,30.95377392,39.08314753,40.67306065,30.25779843,38.62771424,34.17787798,37.59781587,35.70007435,32.43045559,45.29692723,39.3782909
Cetilistat,1.595026975,2.004923521,2.718430985,1.891931084,1.778100466,1.201797676,1.407368172,0.993811794,1.285917786,1.025263161,1.021159514,1.19985935,1.37446619,1.925355032,1.607853663,1.578511322
Cholest-4-en-3-one,6.418091578,6.404677636,9.521426687,13.77307292,15.46025852,16.38504561,30.75583018,11.91905535,1.02586758,1.033018983,0.664016079,2.741660019,24.9907157,23.1957419,45.15382885,32.72162667
Cholestenone,82.14246292,90.64692103,27.23075867,62.03154323,37.46891317,80.62353073,66.05808029,98.70751268,0.628988022,0.324286942,0.913955098,2.095661058,41.49212778,50.07209846,100.9869751,31.21627804
Choline,545.8144809,716.4037696,709.6025428,548.9622793,462.0361691,614.8978405,651.6981438,488.2482324,415.1976462,702.4672499,631.7492454,650.0567265,436.9470587,498.163994,1143.479017,847.2673121
Choline O-Sulfate,0.701618227,1.521856618,1.395952939,0.997999623,0.546797437,0.303299555,0.394460584,0.513838618,1.977463434,0.888729066,2.075395696,0.357272529,0.466257892,0.816785626,0.437118726,0.440568237
Cilazapril,4.830049242,1.840687277,5.153293896,5.561480692,0.179049342,0.098786736,0.554918372,1.431265209,1.650253201,0.732693251,0.383620181,0.153471852,0.215268383,1.352714855,0.295936618,0.076202137
Cilostazol,0.034273996,0.044002683,0.029056715,0.144150601,0.025721765,0.035803692,0.024229785,0.050406898,0.025029169,0.034803514,0.034613395,0.025588441,0.025472299,0.045580152,0.142735987,0.029629295
Cinnamic acid,892.8342657,769.8992434,670.5846406,842.3344038,750.3338892,1069.728042,1015.663773,729.3703149,407.2757049,331.8898616,992.2543676,567.9217074,430.0982614,261.4807602,342.7077273,990.0417656
Coproporphyrin III,0.733318112,0.2144766,2.649320298,0.277313658,0.095143597,0.207401242,0.698511751,0.768672548,0.561634253,0.426251239,0.462876613,0.34546785,2.022689561,0.384996356,0.251538127,0.219137565
Cortisone,2.673387913,2.827035035,1.792262594,1.988584935,4.861027756,4.978904027,4.444352592,5.009094233,3.102099163,3.896848872,2.040447462,3.333014668,4.278387017,3.263129133,3.271118143,2.888189233
Coumarin,3.102117501,3.14309271,2.400228084,2.911996766,2.466560856,3.250663254,3.786458964,3.694188302,1.478017267,1.806477393,3.767969066,1.922533302,1.604444539,1.49435746,2.12531849,3.190797926
Coumarone,15.62798761,13.61414603,11.15588073,12.60725036,10.89090295,19.74500234,13.64068669,11.93618423,6.427276964,5.035065514,15.74568086,8.395731309,7.552308394,4.442532145,4.690012392,17.43205608
Creatine,64.47827986,17.06513403,13.58017119,21.47511312,9.506723794,27.61688299,16.204155,14.57673349,44.43121963,104.3122074,76.82699992,80.55395884,176.6239747,180.6559102,36.47019498,47.60785153
Creatinine,1.133994732,1.161183451,0.751158052,0.635077621,4.165888986,0.80466438,0.663606821,1.04155823,1.751493317,3.891155224,2.527408494,2.745480576,7.596851704,5.945812226,2.547159858,1.116765743
Cromakalim,0.784305441,0.579640368,0.486356639,0.676129108,3.361695175,0.677672485,1.204034767,0.246588018,1.037170422,1.47017822,0.552180596,0.696571671,0.797567257,1.441078523,0.992908156,1.311003685
Crotanecine,0.825095815,1.574754126,1.372785091,1.022289246,6.449698135,1.537936459,1.419248144,0.767506415,10.13893286,4.478865364,10.79251842,1.256813026,1.046968456,11.8286913,1.803113416,2.629578267
Crotetamide,0.188876634,0.056661263,0.05555015,0.196982982,0.0431921,0.090940886,0.116917361,0.085794346,0.128951907,0.269663919,0.066587931,0.083825255,0.221152218,0.208492209,0.076545934,0.056538963
Cumene,0.023261103,0.036179453,0.026714912,0.215436125,0.168914215,0.186047692,0.207141427,0.253490404,0.26576331,0.030820732,0.030725965,0.29446892,0.274241181,0.377001248,0.524354931,0.331674601
Cyclamic acid,2.602190971,1.54607134,2.144497621,2.123383837,0.506668223,0.257776437,0.257135255,0.269497842,1.053675908,0.870697447,1.473619757,0.99459346,0.799924743,0.785513538,0.720119464,0.518378749
Cyclo(leucylprolyl),0.478377423,0.588618658,0.575229308,0.63710465,0.56158401,0.562302043,0.539473533,0.680647746,0.396140855,0.417534543,0.509929277,0.420821658,0.402261021,0.394567571,0.579051301,0.522306624
Cyclohexylamine,3.645612194,5.831673753,2.900477119,3.781707345,2.772160502,3.514277909,3.237033664,3.883879116,3.684840864,4.63354677,3.306151706,3.531928628,4.129146217,5.821899022,7.71366381,3.793220825
Cyclopentolate,0.075049116,0.045193108,0.049110037,0.063825923,0.163523033,0.094026505,0.187586132,0.09904882,0.118949738,0.089845712,0.099841397,0.080494323,0.17918035,0.077644264,0.045578355,0.085599976
Cyclopiazonic acid,0.04313144,0.064358778,0.046123152,0.046388748,0.040673605,0.055428045,0.058923117,0.07073978,0.052391342,0.073466177,0.059482509,0.091150438,0.056762815,0.066518066,0.121404082,0.058103871
Cyprodenate,39.93113187,73.83018163,26.24959237,61.61397836,17.54492167,42.7732903,24.49054948,40.88114824,36.360879,51.5838127,69.94033925,45.32307487,60.74994776,52.04014953,95.53697808,47.69698688
Cystathionine ketimine,0.282019978,0.336056951,0.312505727,0.351236566,0.078999961,0.056524853,0.18187617,0.282187976,0.178576428,0.097777972,0.116476177,0.070226646,0.060375357,0.257208275,0.106670588,0.061403864
Cytidine,113.6173289,84.65707621,83.96943327,157.2059566,69.62296583,173.3445718,136.2564592,220.6249312,61.63189212,189.5833105,141.474444,148.8435814,141.9565884,51.77164992,184.6504185,117.8823734
Cytosine,59.52171678,36.18834573,52.45740243,48.09412728,48.38109188,71.21073612,70.93893553,31.09828856,30.99624274,76.71422367,62.71632068,53.1767515,65.28033829,26.4393012,83.72257689,58.17860389
D-(+)-Pipecolinic acid,95.05742482,169.2233169,135.708251,183.2634642,120.0349853,121.8228661,110.4655624,41.74668981,24.88621244,16.22838635,134.5579992,44.04558342,29.25152813,34.73099467,55.09524239,217.3117142
D-(+)-Proline,795.618931,959.8620582,896.058969,1002.066008,871.9080234,1013.488071,941.2809836,490.5346794,312.6573931,401.7265671,949.174685,416.2818742,334.8041964,351.2661783,495.4364482,983.4695149
D-(-)-2-Aminobutyric acid,15.08046492,11.08581812,11.5980474,13.59204659,16.8395113,11.3771578,14.60336608,11.18337297,15.84439766,11.28633653,9.428774722,16.37674899,15.65195544,12.12705376,10.75713803,13.83841526
D-(−)-Morphine,0.117154106,0.038753705,0.079789278,0.099961287,0.070662705,0.058088087,0.044630931,0.034613357,0.064481785,0.03908671,0.034023767,0.036653861,0.029397626,0.135527657,0.098036574,0.084380781
D-Glucosamine 6-phosphate,10.79152296,4.017222636,9.493344227,9.310513558,4.079521549,11.85283519,6.549854953,12.97560402,3.865821605,4.616557788,6.032088445,4.555310548,3.154672121,2.790343635,5.903867637,3.222189812
D-Homoproline,5.361999116,5.9501549,9.170310889,5.624764606,4.008668734,3.217333712,3.234256454,3.013992615,2.37651339,6.489924175,6.534977006,5.047464871,6.300911076,7.721277221,8.203538245,2.773302753
D-PANTOTHENIC ACID,44.58927638,36.45544107,43.83969321,39.15986242,38.84360091,60.36189372,48.60199243,28.82731956,49.84616294,33.79802998,41.69913018,33.48250392,26.43844178,50.22706787,28.43709629,34.79457896
D-Sphingosine,2.331134568,16.50841216,2.775587293,10.7442775,3.013875615,9.759767888,1.738839188,2.138640733,2.900616324,3.149228157,3.123928696,2.513864124,2.414861711,3.107997823,15.94173354,4.55888878
D-lysopine,3.333660841,1.530130485,1.954842674,2.338352785,0.888467157,1.457347097,2.663309813,2.856269876,0.652535851,0.986032349,2.142770322,1.953528004,1.17518996,0.51268035,0.640765776,0.996252523
D-ribosylnicotinate,0.19592869,0.375615522,0.239376238,0.271031977,0.168495764,0.102946031,0.157881617,0.203606905,0.154411377,0.135363558,0.164756185,0.064433633,0.130651269,0.174807722,0.096258052,0.05857129
DIBOA,0.160158003,0.220387871,0.20675122,0.147775411,0.146173309,0.14700078,0.164346399,0.154276613,0.130693726,0.1590503,0.172518943,0.135194443,0.136019744,0.152845811,0.207128613,0.178398057
DIMBOA,0.33697183,0.146835572,0.675380326,0.117069647,0.426424962,0.148656015,1.333141014,1.981536142,3.493955074,3.299994203,0.619476668,2.597194791,1.677081652,0.704362097,1.491306005,0.373676625
"DL-2,6-Diaminopimelic acid",3.085142546,2.157674967,2.016359965,2.89872263,1.725005547,3.569190044,3.146650345,4.833666207,1.80382745,2.216426044,2.945957024,3.92311682,2.990056098,1.834865082,2.68092732,3.249809907
DL-Ala-DL-Leu,14.83137428,7.938781608,7.292217948,8.646156497,3.90566102,9.731971697,12.66591225,17.60405547,1.706283142,3.433518456,9.508769533,2.883473777,7.069629186,1.869943903,3.20674342,8.125348202
DL-Ala-DL-Phe,2.334346784,0.878461136,0.861411668,0.941911105,0.284867068,0.869477893,1.526583581,1.970266932,0.161236205,0.261557489,0.959240804,1.425957213,0.689562979,0.272238346,0.366301302,0.735155626
DL-Arginine,5.418275816,3.383454687,2.836405193,11.36841393,3.426579093,15.97157642,5.591871065,15.21155334,3.859010782,5.596255204,11.17997458,14.15965874,11.34779586,4.684594044,14.71499333,11.83436736
DL-Atenolol,2.186241791,1.143548585,1.941084756,1.295752592,0.932695171,1.463898985,2.047298182,2.849427891,1.037746899,1.4294716,1.074047174,2.596004454,1.932921131,1.007713851,2.326548867,1.575481576
DL-Carnitine,1.230461135,1.967579582,0.988031494,2.043565678,2.536083412,1.24325934,2.272752565,1.260368621,2.852432804,2.698849913,1.547718011,2.036223453,2.162130626,3.087384337,2.007751034,2.086311306
DL-Cerulenin,0.025665971,0.095454364,0.094822914,0.077007633,0.058009801,0.074034842,0.025235632,0.031121635,0.084543179,0.031817003,0.033013936,0.024639836,0.086974584,0.106964632,0.133720415,0.095003923
DL-Cycloserine,1.830961831,4.672253915,4.328500144,9.309679714,3.639025096,2.703927243,1.209615741,3.378200517,1.485274176,3.789322675,2.070646387,2.411766309,1.468814564,5.864508288,11.152662,5.972241058
DL-Glutamic acid,405.7821103,429.9744664,329.8456923,444.4928193,399.2758945,531.9273465,516.4661054,433.0919849,248.6337524,259.0397522,485.2744024,332.6089602,257.4080552,208.8225272,315.2708236,484.3864393
DL-Glutamine,149.1828621,95.70400234,224.3256226,161.8643068,115.8457715,86.30943425,143.5343378,105.1529195,51.8116296,71.21611004,93.65533365,103.6590412,71.46615026,25.85578808,120.9964195,103.1728702
DL-Histidine,0.640243193,0.467562444,0.554503924,0.582378709,0.59150906,0.421305418,0.516453742,0.537848423,0.524493976,0.472276854,0.394280062,0.811312847,0.803406225,0.526470087,0.865260671,0.56881041
DL-Homoserine,6.475010874,6.274314206,7.452143504,6.957383366,2.202797586,11.0137407,8.195283528,7.44431611,1.71402818,5.66513811,8.511481695,5.672353908,1.612634248,7.489509807,4.826992504,6.178742102
DL-Leucineamide,1.345310429,0.647324249,1.616502553,0.633829918,0.539391352,0.499667552,0.416120648,0.652109744,0.867491155,0.910594872,0.918538287,0.783134257,0.743607128,1.029191894,0.773834326,0.465618524
DL-Lysine,0.929994745,0.578138786,0.758532531,1.303705163,0.309013603,0.491003192,0.727102176,1.01997784,0.529504312,0.531944848,0.920533378,0.457442452,0.750050551,0.246432614,0.395518675,0.846349504
DL-Mevalonic acid,0.941238049,1.555350241,1.199881834,1.110269182,0.744807829,0.821605284,0.919054563,1.17557582,1.058006657,1.447909051,1.493753444,1.000490303,1.134977202,1.343233508,1.778066439,1.305767201
DL-Phenylalanine,43.36499443,277.2145889,227.1102496,429.5725284,283.3255982,219.6676979,222.2617977,94.2390476,87.70223606,278.6543617,272.8250842,2.248872762,46.50112294,80.51633954,348.6712887,347.9032647
DL-TYROSINE,0.5388307,0.571125632,0.480443785,0.495472798,0.468315671,0.47371574,0.560901849,0.628345016,0.160788728,0.437282144,0.699291006,0.504545817,0.494392397,0.069026913,0.574450636,0.570326948
DL-Tryptophan,266.5815459,245.8231498,205.2626696,285.3772275,220.4288398,341.6164767,298.2272659,261.7307797,129.8979238,131.4358504,360.8332105,176.2253844,133.7610955,108.5628941,160.4206704,308.6061827
DMDM hydantoin,20.94294319,17.03103003,17.11976071,13.37076384,25.6142145,20.25228553,29.1465687,34.35181875,35.78653176,27.45909203,18.4513412,22.44719408,26.47245302,31.04511506,43.60208614,22.26938558
DNOP,1.014328457,0.63145151,2.549550703,0.792863286,2.243312118,0.856547135,1.453908082,0.889872285,2.542324881,1.085148915,0.440913403,0.674428648,0.476987104,0.483709322,0.596547634,0.416357566
Daidzein,0.026882975,0.043673712,0.029225289,0.032311754,0.032908641,0.029470427,0.02662527,0.034859275,0.028188447,0.035834344,0.035205152,0.029079759,0.030467415,0.039172899,0.062119407,0.033968999
Daminozide,42.9757221,56.98336813,37.84173293,41.01504004,58.16809543,41.07461961,41.31086933,41.95590993,40.60423584,46.04121053,38.10747075,38.58373913,33.98348249,41.68033396,40.56719667,40.71997853
Decanohydroxamic acid,0.024105654,0.037612881,0.023953678,0.031521107,0.022008065,0.022151303,0.021277292,0.026305535,0.024679192,0.049328203,0.038425907,0.061413822,0.065859139,0.070369671,0.044102394,0.031875179
Decylubiquinone,0.057486923,0.080454164,0.04738942,0.052895202,0.099240429,0.070355123,0.055274231,0.080596723,0.08831384,0.120727207,0.06647625,0.078697554,0.104761745,0.077174417,0.117457973,0.059339637
Deferiprone,25.40413699,8.313460713,22.05038505,22.62691473,7.912404329,23.49499814,24.6678728,29.29345974,9.544868103,4.045337885,9.931971707,24.55174863,28.31931491,4.424538309,33.97291638,15.10851632
Dehydrocholic acid,0.969119402,1.200027954,0.767004422,1.740260078,1.305155402,1.217362279,1.955421833,2.011099105,0.908312351,0.980098193,0.793942025,0.612101313,1.196941778,1.194695085,1.170509438,0.967376587
Deidaclin,0.085051524,0.112614144,0.081678352,0.074913172,0.079578521,0.079326396,0.081887601,0.077494337,0.066689453,0.078032441,0.084106709,0.073856212,0.071298028,0.100476426,0.130667836,0.084356091
Deoxyinosine,9.248241553,11.38642584,27.12010091,16.75253616,13.71302207,13.27713783,16.40745984,6.04802322,4.920161254,3.43528723,12.20765566,3.84958967,2.792416721,3.365969696,4.633833641,16.38397697
Dibenzothiophene,0.944631687,0.869146071,0.857439213,0.665328372,0.475656793,1.167640258,0.936186772,1.337096561,3.674952863,4.746405718,3.208766009,3.098565968,2.558083883,1.992207313,3.252345723,1.550671636
Dibutyl malate,3.840328997,4.01010882,2.411938957,3.38749869,4.366586546,2.8612959,3.242433988,2.868423717,4.354825912,4.73946743,3.364360047,4.143646722,7.234132379,4.491043934,5.042533434,3.686698909
Dibutyl sebacate,1.506139325,2.587869495,11.8716632,1.593068615,1.911304546,2.235090043,3.114056352,2.006717357,1.766390842,1.74141432,1.964129255,2.7857046,2.882927626,1.750759148,3.128376299,3.021747384
Dicyclomine,1.193782905,1.897807793,0.918637881,1.332266772,1.098571641,0.939406283,0.876826397,0.743786128,1.365065084,1.111599471,1.149602612,1.553548304,1.320789242,1.169565478,1.706272601,1.510645065
Diethanolamine,84.83512788,148.8166754,120.4266133,159.8172788,106.5340626,107.56895,98.37279332,39.13094374,23.3593727,16.03988957,120.3794758,40.85534294,27.45621084,32.61207057,48.58566852,191.8033339
Digitoxose,2.529591294,3.862513017,5.886274877,2.507575485,12.12409326,3.58988071,4.331003134,3.453964427,11.80603519,15.40068794,4.579103299,5.327264457,20.68444362,17.83210993,6.374506926,7.620865516
Dihydroartemisinin,0.06031461,0.443092125,0.335496935,0.375997849,0.076669226,0.171237911,0.262373216,0.274581732,0.48908954,0.619075809,0.548295297,0.627663451,0.43783794,0.344663901,0.355472831,0.241777231
Dihydrodaidzein,0.026477963,0.040786166,0.028465589,0.031596998,0.024541483,0.031179751,0.028112543,0.054393152,0.188638862,0.038065901,0.034170189,0.043070417,0.078202559,0.120047359,0.070275525,0.041310438
Dihydrothymine,44.42595737,57.30351612,38.31340456,41.58553456,60.55944484,41.84806649,42.85016184,42.77425757,44.20446447,47.53331226,39.05205662,40.58204704,37.92345436,45.43010669,42.68867337,42.0205032
Diisodecyl phthalate,1.211592202,1.686671621,0.833194237,0.983851523,1.968190589,1.459633672,1.623561278,1.831494523,0.685139003,1.002175686,1.335310482,0.725584748,0.480668784,1.219003939,0.840553229,1.206416938
"Dimethyl (2E)-3-methoxy-4-oxo-5-[(8E,11E)-8,11,14-pentadecatrien-1-yl]-2-hexenedioate",1.113173432,1.31824164,0.978245294,2.000197501,2.019567747,1.457818481,1.347688218,1.381136228,1.080354309,1.208507502,1.017683247,1.710296511,1.49271188,1.252475551,2.033669441,1.814700666
Dimethylenetriurea,0.959637405,0.805563335,1.482399342,1.446069834,1.403738511,1.165672146,1.143841962,1.54628262,5.324609996,3.674258547,1.534851154,0.494827856,1.26416599,5.668096684,1.030864464,0.866970706
Disperse Orange 11,1.264743104,1.7371776,0.896696933,1.390138109,1.477376382,1.866886325,1.045449093,1.252427389,1.530653461,2.231419704,1.392868129,1.822773409,1.66894023,1.510169991,2.192570148,1.509215512
Docosahexaenoic acid ethyl ester,294.5996762,618.7426819,200.3656662,280.2532257,416.2667374,522.6565995,421.5615437,402.9788717,396.8107094,430.2116803,433.7362052,419.5526215,387.3407233,549.4719047,587.0964232,476.2604092
Docosahexaenoic acid methyl ester,1.644218519,2.030220355,0.891631105,1.528413531,1.413555674,2.438558374,2.773137984,3.253265068,2.017782258,2.798681327,1.78584727,2.338658853,1.388798147,2.323938791,2.446024,1.768515464
Docosahexaenoyl Ethanolamide,1.452969873,1.20271483,1.154407365,1.127036112,1.464276971,1.094356838,1.078249272,0.783915828,1.040484173,0.940155851,1.027765592,1.343358772,1.108756209,1.214482104,1.486304535,1.565380567
Docosatetraenoylethanolamide,0.090361968,0.114500384,0.046485061,0.160122966,0.079550283,0.106096414,0.071032668,0.06256185,0.123507171,0.083706968,0.039194584,0.074672277,0.031378507,0.035247063,0.050522244,0.037737293
Dodecanedioic acid,0.387130231,0.439058404,0.310703755,0.472141959,0.815011083,0.504789794,0.836179629,0.357762833,0.580957087,0.54530443,0.319656849,0.458945011,0.492951742,0.584137325,0.459360827,0.535739319
Dodecylamine,3.201977421,20.48110283,89.20490391,11.93547119,1.473828575,4.797867083,8.578542762,2.913476865,1.310469689,1.425829476,10.75649909,2.106349306,6.032831291,2.005069742,5.389344212,2.549511009
Dolichotheline,0.056914139,0.042904017,0.033762458,0.03817857,0.028185085,0.031936658,0.041214655,0.039429488,0.02775687,0.035130003,0.041385887,0.030492789,0.040296138,0.03528922,0.04936263,0.037929767
Domoic acid,1.036198672,1.669453854,0.843475234,1.610854376,3.860679825,2.047356655,1.944533029,0.173502762,1.501985401,1.042521466,1.144491159,1.067672091,1.098721866,1.574948606,0.458368503,1.298424905
Dropropizine,0.961216641,0.54468128,0.694244859,0.383690426,0.312085315,0.401002765,0.714285847,0.534566834,0.10177049,0.189592688,0.226891248,0.323487019,0.265295131,0.228893296,0.233228436,0.462713669
Drotaverine,5.300938429,6.275104156,0.699734864,1.624662039,0.351222586,0.694489691,2.207900578,1.473750021,1.470861859,0.90887569,1.730068359,1.694942695,0.205250316,0.481837981,3.330786189,1.87593205
Droxidopa,3.670736316,2.657239553,5.024402061,3.817786691,2.417785239,4.196898167,4.272393111,8.431155498,2.904615738,5.958410658,4.682599013,6.83077327,6.054929068,5.564815352,8.416790079,3.209771435
EDDA,4.673025378,2.538577273,4.425425955,4.897328141,2.492646481,5.12303729,5.684353105,7.795890986,1.441367497,1.793804072,5.482223575,4.511550068,3.355558929,1.192690165,2.312856497,4.10841131
EPINEPHRINE 4-SULFATE,0.140235034,0.056641599,0.137191143,0.046643534,0.283746922,0.189001056,0.157939441,0.441872717,2.492625238,0.967056754,1.550345145,0.485757436,0.989794639,0.543509455,0.247223669,0.159456637
Echitovenine,1.856601619,0.533295803,0.793828722,3.024883083,0.733697451,0.298983545,0.505630315,0.295251512,43.73202073,40.86551863,8.520702107,11.49302731,31.06094778,59.30155564,17.89669715,0.854647488
Edaravone,0.499377302,0.898362594,0.576644897,0.719823907,1.810517002,1.151632275,0.620511208,0.562293066,0.859244556,0.497125028,0.880923938,0.464040814,0.57524221,0.47339791,0.514477724,0.901686922
Eglumetad,11.00469056,7.513457965,9.86289978,8.904180656,8.961506835,5.394317475,4.836309475,7.030280434,7.391280166,11.03749524,5.439680968,9.917311197,7.218580619,7.489234614,13.72551081,6.761031425
Elacytarabine,2.903958431,2.77162042,2.135317377,2.917271168,2.171820525,1.661012184,1.408892957,2.127973712,2.656571022,4.14168374,1.702298192,2.422736437,2.110280983,1.628869352,3.963827895,2.354146054
Emivirine,15.5184985,12.90275151,17.88154496,15.94739337,18.34384182,14.49042658,13.91252525,16.21055854,16.4960284,18.09631737,20.85830249,12.79487231,13.41312791,20.1915308,22.95227219,14.02017718
Epiguanine,21.15107458,12.78954296,18.30620383,12.42422771,21.01938013,17.46262932,16.2302008,14.67030258,15.6570553,20.50927046,13.03343492,21.21598768,17.93224813,16.34179186,0.4131362,15.75741963
Epirizole,11.41934877,23.71001085,11.53691935,3.267707185,9.695301044,9.006432028,4.904403057,13.94722051,2.122688719,3.727428783,1.61195216,4.435510296,2.605395028,1.66747528,6.75492971,3.572563863
Epristeride,3.31494615,3.125475275,2.786060465,1.964939822,1.794920898,0.426240368,0.315982435,0.046863839,7.188335805,10.8254014,5.044642535,0.863094262,0.714862368,2.887700119,0.978791123,0.241557303
Esmolol,0.118498864,0.157297202,0.053884649,0.172657769,0.157735092,0.114758824,0.15194914,0.065878315,0.053769163,0.112406938,0.114990043,0.09403736,0.075664952,0.180690589,0.082328828,0.109144123
Eterobarb,1.293275896,1.552204012,1.062490514,1.403664468,2.041635376,1.720482466,1.263063214,0.922029015,1.147906501,1.539741275,0.868863264,1.283631333,1.57935412,1.461251723,1.168707554,1.528311381
Ethephon,6.525684114,7.517638118,5.785908948,6.322019343,5.342702006,4.82032217,4.710894973,5.459210104,3.916423017,5.935077817,5.581157648,4.543971563,6.002138452,7.097667851,8.580440697,6.905073699
Ethinylestradiol,0.175922394,0.212895737,0.13549,0.14784731,0.113352557,0.12010991,0.228533777,0.136091042,0.081703437,0.104596856,0.109822037,0.099205483,0.073562064,0.118927137,0.125597884,0.098587042
Ethoxyquin,0.471806,0.640968787,0.685440094,0.814498764,0.586866749,0.48803436,0.466671892,0.518340623,0.544325958,0.481449253,0.480289763,0.473278268,0.525639268,0.586033321,0.632128678,0.909999189
Ethyl (9E)-9-hexadecenoate,42.2484134,93.39595853,81.73090367,51.28962426,77.44586987,52.06622932,38.8366089,20.53199108,29.12690466,22.65180152,41.12670973,33.60593543,34.40661964,49.42867962,50.45024621,68.0607185
Ethyl 2-pyrrolecarboxylate,0.785295237,0.459481832,0.852680102,0.770270355,0.485459549,0.256423947,0.510309343,0.688662318,1.139361246,0.672587109,0.599139621,0.464892744,0.736817083,1.015918315,0.649622002,0.432628255
Ethyl undecylenate,0.300001577,0.073586265,0.24653775,0.148542798,0.210770801,0.120617169,0.275905785,0.166975049,0.278008395,0.487431593,0.077089696,0.336378806,0.375558207,0.265252584,0.148934427,0.195241152
Ethylene brassylate,0.060782252,0.092079888,0.027888956,0.074320216,0.060269126,0.025998903,0.093072329,0.178792436,0.027087911,0.032541189,0.150944718,0.02681311,0.026980123,0.036865435,0.049880256,0.139503394
Etilevodopa,0.08902232,0.115618824,0.087328192,0.087211968,0.088721362,0.107061295,0.100030964,0.117631124,0.154945465,0.144842338,0.134668888,0.028941568,0.096132163,0.165454651,0.178670807,0.116718805
FF-MAS,2.343005483,4.895525704,2.82965403,5.349870427,5.604238427,2.199561862,2.365751476,2.964834643,2.206497221,2.777908212,2.349262901,3.064658806,1.848731062,4.395995359,2.177793887,2.321137795
FLUOCINONIDE,0.299096136,0.378834153,0.659423095,0.409743821,0.361173911,0.45949805,0.360023972,1.046882275,0.570049702,0.593094071,0.537645034,0.273389313,0.309760047,0.369136664,0.392847173,0.557887434
Farnesylcysteine,2.216369769,3.830212868,3.977134945,3.005047851,2.361078083,2.471239295,2.813900119,2.045429186,1.990602198,2.050553242,2.828937787,2.317029746,2.111811114,3.716329659,3.742488693,5.532977734
Fasoracetam,0.760397171,1.170613501,0.911707258,0.964483509,0.889745281,0.908729751,0.847449469,0.787510627,0.67499919,0.904486947,0.926555513,0.643522781,0.824353033,0.613700525,1.156843339,1.011731491
Fenretinide,3.172754273,2.309737604,2.458381215,2.676294691,5.009158338,3.212219903,2.523299124,2.413452996,3.1357053,3.616174546,1.814552078,4.049577857,2.569988554,2.098046945,2.375381055,2.727538291
Flavokawain A,0.03122092,0.045896531,0.0308045,0.031179456,0.025993765,0.04068908,0.029654578,0.034578149,0.031685089,0.037784936,0.047930623,0.039608091,0.033540895,0.038897071,0.055633142,0.036834503
Formiminoglutamic Acid,27.65110507,15.51187051,36.22341182,25.0563817,28.41623638,19.13503293,19.14411681,26.23563887,15.56388389,25.17212254,26.4585041,17.68844731,22.30899268,15.53254115,20.98701587,15.95597857
Formoterol,0.056066281,0.05940874,0.043496099,0.048018515,0.037651101,0.042136833,0.041298829,0.053906866,0.043379964,0.055308343,0.056280534,0.050972963,0.059190339,0.056460027,0.077718327,0.051464336
Furaltadone,1.709317322,6.647516861,1.731467874,0.850695848,0.590516248,1.408970583,1.207332456,4.406860307,1.524827813,4.162936346,0.782977667,2.194826888,2.38210427,0.420864847,3.196024164,0.507351086
Furaneol,0.973916498,0.370596445,0.221707921,0.966380276,0.161939478,0.856566958,0.857338808,1.021363671,0.532219716,0.55470104,1.559838007,0.074829077,0.145690371,0.454492999,1.597511503,1.056196852
Furaspor,0.496336366,0.236694507,0.392997434,0.309110063,0.221819069,0.615509621,0.37841526,1.237356746,0.431031751,0.841102146,0.713992378,0.2469621,0.255678972,0.440815016,0.553837053,0.428257133
Furmecyclox,0.226885066,0.317874162,0.140097854,0.257658026,0.298614948,0.205278267,0.313007666,0.23605864,0.324626131,0.250217317,0.223432674,0.233723533,0.443970139,0.403982426,0.285910009,0.236281529
Gabapentin,0.039919633,0.185174973,0.109256561,0.130169181,0.01889818,0.022540696,0.105832854,0.120312227,0.124231362,0.161000587,0.172217263,0.129828971,0.162715781,0.194701741,0.292382665,0.030084933
Gabexate,0.385107977,0.527904489,0.834095282,0.491116158,0.727742239,0.365227997,0.474168969,0.326534535,0.383900711,0.437347934,0.419624779,0.249995195,0.475475966,0.355812125,0.221268989,0.572853981
Gemfibrozil,16.10733144,21.0246885,17.07913311,3.226596616,17.7129191,16.04429424,15.94996835,12.24072956,8.015002651,10.68128575,13.51627642,2.745762185,7.591469583,10.92707897,9.273643655,12.69977311
Genistein,0.03762441,0.043254617,0.036957878,0.040552953,0.054773003,0.041095001,0.03932522,0.041692175,0.048648995,0.049642672,0.043935568,0.040838978,0.037649089,0.044552618,0.054176161,0.040111274
Geranyl acetate,1.148768447,0.438782199,1.485137017,0.76049547,1.638217545,0.507439885,0.471922315,0.328433983,0.859036133,0.650572883,1.485852627,0.798475373,1.018875185,0.835898324,0.192079653,1.32208736
Ginkgoneolic acid,3.795074758,6.209026364,6.610391404,8.806155825,1.569956106,1.727130759,1.232579878,0.640616591,3.07527572,1.01811807,3.015965494,0.655257745,0.317118448,2.774559458,1.050800943,0.360564507
Glu-Glu,0.728605223,0.422887822,0.921942591,0.530922284,1.15512912,1.099886422,1.435956977,1.377084936,0.862732976,1.413755862,0.600589423,0.938292426,0.607780738,0.516672768,0.970875917,0.944913226
Glutaminyl-4-hydroxyproline,8.228848623,5.132371388,8.690793799,5.860191201,4.650481153,5.147996739,6.056888359,6.43869508,5.38835878,5.679597149,5.807265048,4.175361316,3.596033493,6.869937142,5.416115386,4.828595624
Glutaric acid,4.223403497,5.524904078,6.586272491,3.635880382,4.501940162,4.991322376,7.227134057,2.721719147,4.721536699,2.660215473,6.453162776,2.861242729,3.47398717,2.995504716,4.747593289,6.716486363
Glutarimide,33.38367679,23.41724624,40.98974603,25.83644375,29.22246979,30.66102835,31.33943669,33.19108394,19.31637049,24.6040346,22.59640335,19.74319896,20.67380144,22.70032573,15.72311661,34.52633401
Glutarylcarnitine,3.433594514,1.934259097,5.832170072,1.970362725,0.790766672,1.817459936,2.04360964,3.300822305,3.115479066,1.886211888,2.876322215,0.780466623,1.0466261,4.204431185,1.368402294,0.351065809
Gly-DL-Phe,2.101485223,2.079351398,1.952871075,2.235599459,1.239391251,0.849244147,0.860385973,0.986516632,1.009073161,0.804248686,0.747031366,0.507954369,0.764926972,1.669718098,0.570582685,0.853090912
Gly-Leu,1.141904525,4.390022551,2.997093686,5.759912269,4.647855577,8.471175539,7.468002621,9.344824153,0.867043551,2.242823043,6.156063277,0.428692237,0.254499712,1.070782668,2.87886624,4.412151815
Gly-Lys,124.8392647,68.12685629,139.8690448,99.84289779,113.3327611,61.70969043,103.0552876,75.3458563,69.39991062,71.3273162,138.7981378,76.48277705,74.21437335,113.6084256,71.53791994,142.2036192
Gly-l-pro,1.672254849,1.416981245,1.098670168,1.681420704,1.538668872,1.634778284,1.187878449,2.342682674,1.32808928,2.104875311,2.012912096,1.590076792,1.773471351,2.16506837,1.904073822,1.300446176
Glycerol,2.437962074,1.80322713,2.668897397,1.164048895,0.990421203,2.461106766,1.961730129,1.656414783,1.167570096,0.925019371,2.060917154,1.237336257,1.038703424,0.848235009,0.984070296,1.460557597
Glycitein,0.052522474,0.073094698,0.02866559,0.0303622,0.078077351,0.119127202,0.149337029,0.520267122,2.156449216,0.201585178,0.034410271,0.705819588,1.22017946,0.944410192,0.620291887,0.29743292
Glycochenodeoxycholic acid,0.75762918,2.765176072,0.726294768,0.790155947,1.362083793,1.004912099,1.686610283,0.885827754,0.761028383,0.754200244,1.711605372,1.624453929,0.962283287,0.772084753,1.100971647,2.269909706
Glycocholic acid,0.360832227,0.084883127,0.311148157,0.062977972,0.378884466,0.125830584,0.109318824,0.168955504,0.128802682,0.501167107,0.099249927,0.117428409,0.088054365,0.130566125,0.129112713,0.479183274
Glycocyamine,4.858613272,6.157313529,4.758487173,3.725689072,20.47977529,5.720924796,8.006939232,10.09032332,19.2806049,20.34788706,5.982186821,13.85328078,36.4408985,36.62956179,18.06534006,12.73159132
Glycol oleate,0.040142288,0.056329911,0.044256973,0.04204189,0.084509924,0.037155695,0.03719875,0.056483752,0.039802183,0.049059881,0.06179089,0.042746573,0.040108321,0.052681621,0.07013602,0.144999791
Glycyl-4-hydroxyproline,1.439142399,2.794192812,1.123994161,0.561058923,1.032203825,1.11946911,0.64592619,0.949646075,0.44264227,0.265324844,0.251457178,0.438227099,0.458954921,0.273866096,0.318982249,0.3626
Glycyl-L-asparaginyl-D-leucine,0.433581285,0.07176419,0.373254347,0.185626348,0.049573126,0.056490362,0.060210382,0.052279908,0.039993847,0.055674692,0.070835492,0.053374566,0.05460833,0.050655031,0.067875978,0.058611575
Glycyl-L-leucine,13.98852527,7.763270178,8.416877699,11.63849429,7.288701529,11.88056369,16.69689386,19.31803706,3.936989411,6.093833005,17.22679977,12.61835813,8.843811855,2.708163491,4.899602422,10.01479464
Glycylglutamine,0.127119287,0.07575546,0.13420816,0.10716648,0.165386029,0.110900357,0.136746706,0.17904421,0.221234808,0.207582889,0.155849402,0.154130188,0.185762697,0.394834988,0.154956502,0.141991923
Guanidinosuccinic acid,0.383361316,0.070535932,0.300589609,0.241579692,0.204117111,0.076894695,0.199076681,0.475023728,0.506207856,0.285897927,0.463195174,0.222764765,0.63601843,0.399347905,0.114740303,0.095334524
Guanine,19.46279541,7.976514496,36.26100779,22.40852506,9.887147592,21.78132397,24.89637117,18.90910884,12.29808583,12.73487402,16.71917432,12.94658491,12.2011613,5.608171003,13.21751294,21.75464188
Guvacine,2.256250575,8.105735661,5.088407991,4.008080014,3.939595353,5.134100152,5.420139391,4.050007033,9.157058461,9.085421063,2.246717113,6.536286903,3.334927042,4.393688842,3.148116858,3.844354733
H-Met(O)-OH,43.99996579,104.3219815,55.39346355,68.06250814,65.72481885,77.08321366,63.08378408,44.02983863,28.45113438,24.78396779,54.77438417,43.79031946,26.89225847,23.17465872,32.34985284,59.04725604
HC Blue 1,0.085306407,0.086854197,0.132312683,0.140711842,0.108660551,0.105694539,0.066241374,0.054305022,0.104359955,0.058874732,0.188611257,0.098762659,0.056724778,0.081278441,0.13387126,0.071696745
HC blue 2,0.082559799,0.099548964,0.08684803,0.090912279,0.065727415,0.077573398,0.076993552,0.057692489,0.048811247,0.065117299,0.114445983,0.073722958,0.056933608,0.068985753,0.106941443,0.088573964
HEPES,0.068495903,0.126149425,0.072053643,0.067251265,0.054406103,0.064358925,0.055001359,0.047864689,0.040496349,0.217381903,1.311233142,0.400526537,0.052155257,0.392843475,0.082248936,0.073485567
HMBA,4.253189182,1.237850564,0.300080661,0.028789269,0.021548684,0.024898819,0.039818683,0.032850375,0.02766067,0.032382787,0.033707995,0.026931156,0.026823326,0.039413526,0.049362842,0.03087224
HO-dPEG6-OH,8.022255992,5.2701097,2.963610225,2.585255946,2.558734631,4.373733666,2.437875677,11.44631651,4.760628239,6.732047053,3.303955629,3.1081603,4.678680519,3.71860928,12.3838529,3.821307842
Hecogenin,0.130830068,0.152593592,0.290925495,0.102807763,0.788006194,0.674402572,0.444650925,0.442663989,0.696805276,0.486447178,0.187379885,1.08823396,0.469091101,0.266995932,0.66073555,0.515295825
Helenalin,0.5648631,0.625222474,0.625106027,0.441500123,1.05628888,1.126476196,0.809723494,0.790920388,0.727470017,0.879144914,0.555920601,0.755221799,0.712718725,0.784522126,0.730383736,0.58831777
Heptanethiol,100.3752872,193.0076239,82.21365608,214.7720589,192.8759594,15.77212565,131.2598342,122.4213104,46.00001315,96.36829987,115.9015618,51.61477984,46.90249373,36.24056746,6.290563267,1.432271719
Hexadecanedioic acid mono-L-carnitine ester,0.050226929,0.067301411,0.06753361,0.138820526,0.042441365,0.042376386,0.045243765,0.053669917,0.078211422,0.062818119,0.125266641,0.1197423,0.112395511,0.118717743,0.19729817,0.212831799
Hexadecenoic acid,0.189544211,0.772161053,0.60601588,0.410171538,0.669743652,0.32577473,0.211385845,0.099826731,0.069099427,0.132348428,0.102020062,0.148712123,0.163218644,0.356958235,0.986650945,0.507771572
Hexyl Isothiocyanate,0.092400355,0.224907991,0.079616354,0.035126979,1.48918332,0.1363389,0.359569845,0.50130769,0.304878991,0.267542045,0.128131702,0.097175208,1.21839767,0.184079477,0.611645322,0.297064053
Hexyl cinnamaldehyde,0.330430853,0.217030223,0.146182577,0.19179106,0.132043693,0.462001973,0.198934498,0.536466714,0.150011842,0.484268539,2.142126025,0.295746624,0.250082517,0.349339441,0.284330806,0.224526753
Hippuric acid,0.513161679,1.676889017,0.114951733,0.113542709,0.778097763,0.998224181,2.189053147,2.081980319,3.390586462,1.929666629,0.598544166,6.952585798,15.25947802,43.30772129,8.604482423,5.978287466
Histamine,8.592142829,11.5877417,6.706059724,6.920141524,10.84637458,11.52966004,4.149237884,13.36420724,8.372622465,19.1046442,7.874545197,15.70544916,15.32344621,9.458911363,15.2760115,8.890703132
Homaline,0.166635133,0.178473892,0.117028886,0.137844234,0.166514593,0.126048673,0.118094485,0.259742872,0.101723833,0.157825279,0.080012935,0.13435649,0.195645641,0.146870396,0.12127234,0.169599937
Homoanserine,5.791211933,5.783762856,3.376338452,11.36115826,1.451289977,7.896963072,8.131414161,13.02644414,2.783579351,5.880779076,5.254839814,5.085157917,8.783940957,2.55688395,5.954597251,3.554928962
Homocitrulline,0.083290775,0.061663225,0.050611068,0.055990821,0.05242441,0.057636305,0.049383445,0.056698996,0.055485524,0.058322193,0.062862158,0.048294778,0.052860987,0.09210066,0.070288877,0.057410969
Hopantenic acid,8.296800948,3.128104465,7.65551787,3.573123367,0.235630115,0.191731448,0.183242022,0.275090295,0.353597311,0.103149264,0.256745843,0.210058789,0.183822217,0.41732201,0.134160133,0.198707441
Hydrocortisone acetate,0.04159059,0.053379929,0.05131431,0.038710695,0.053383508,0.048274625,0.042533868,0.043122839,0.046616137,0.049177075,0.054755143,0.037973845,0.047320326,0.046453391,0.064226895,0.048671339
Hydroxycarteolol,4.832601685,6.7678669,6.465703833,6.158439525,5.871880483,3.753007453,3.53662014,3.353492386,5.265657555,4.925312227,3.362274116,3.198064218,3.677783509,3.798463989,4.873027121,5.671856986
Hydroxypropionylcarnitine,11.36639779,10.62016536,22.3550878,19.4202272,3.817444579,3.164148456,4.971858011,4.250339374,2.661711255,2.496563515,3.584361519,2.082137501,2.051647239,2.817345244,2.43729338,3.16085176
Hypoxanthin,193.9652441,282.5911971,346.4686639,322.9478945,270.7491059,267.9916333,182.3988357,139.6423935,124.1501731,202.3682066,177.590824,181.7329953,130.0879024,120.2807085,253.119779,246.0548167
Hypoxanthine,117.4470165,77.52670033,145.3807299,119.6393214,86.83324373,122.1544921,124.4391907,48.06856355,47.91427886,67.70324027,111.1980316,78.70962811,64.94098827,41.91704254,73.31073376,106.4729961
INDOLE-3-PYRUVATE,0.680177221,0.352244087,0.482577577,0.421985002,1.077477978,0.817080426,0.649910681,0.944981106,1.167572646,1.517990156,0.618481233,0.871428618,1.039145435,1.011045439,0.944763018,0.506041023
ISOXYL,4.152165635,3.430390597,2.136671598,2.427797422,2.907088654,10.09806218,11.09180179,3.979590767,1.53797605,2.071299982,1.586157541,3.485363292,4.480165082,1.888153535,5.874750044,3.023537612
Ibopamine,0.037935319,0.074998405,0.032605705,0.047819673,0.028056871,0.028465273,0.02586154,0.037499796,0.031209926,0.034929538,0.032126305,0.033644647,0.045540821,0.036250948,0.078406543,0.033020275
Iloprost,0.158998046,0.118098149,0.393173655,0.116652896,0.027518014,0.177486032,0.162719028,0.040025406,0.034898729,0.047069694,0.269985787,0.059137386,0.080956099,0.258102337,0.08349337,0.04658563
Imagabalin,0.02913619,0.086003719,0.030257006,0.040921642,0.045239997,0.027083733,0.0619242,0.074789448,0.026399848,0.032090862,0.032286047,0.029025575,0.070675304,0.035861103,0.045375345,0.030471049
Imazapyr,0.340965233,0.370740517,0.305556965,0.480598482,0.629017901,0.403277374,0.417374546,0.367669502,0.52563547,0.569816809,0.315508856,0.469867275,0.474360188,0.58318436,0.482863773,0.515077124
Imidazoleacetic acid,6.416032668,3.119765852,7.569846869,4.499038949,6.55936533,3.678598302,6.393070431,8.496015471,11.14590477,13.6729827,5.587552434,5.377624007,18.8784972,10.52617675,7.245575792,3.858147484
Imiprothrin,31.69501735,32.2644003,34.45949664,35.41247027,37.84576944,37.74998857,33.87049098,38.25613588,25.18047545,29.19078765,24.7026453,21.67958718,27.05823351,28.7872438,25.90061976,25.59609234
Indane,0.112221655,0.138883096,0.110051586,0.114728746,0.086879915,0.120306718,0.030194641,0.174485474,0.029011506,0.036011054,0.163170598,0.18663844,0.028525437,0.173073784,0.301167484,0.17586231
Indigo dye,0.897799308,0.068307043,3.477571989,0.917684437,1.206080959,0.34749464,2.61407678,1.434010394,0.746510688,0.969585593,0.309103533,0.71658477,0.968244633,0.51689222,2.446001702,0.645922511
Indole,3.453425286,3.195680549,2.887061388,3.750932512,3.102858961,4.658552198,3.924113641,3.355298151,1.671549785,1.803537944,4.59516785,2.281220098,1.816072335,1.481395358,2.135121079,4.099881546
Indole-3-acetic acid,0.824874011,0.36724919,1.128795159,0.573788601,1.003865358,1.685097467,1.705993559,3.066047206,0.703427553,1.966936344,0.741648851,2.387288456,2.356144362,0.531363171,3.723316254,3.074434352
Indole-3-carbidol,0.152556466,0.109486536,0.181889922,0.15417605,0.170977457,0.181069354,0.147534335,0.172983737,0.182406068,0.15846541,0.210692946,0.073832191,0.140253863,0.164539461,0.144173467,0.189638853
Inosine,14.06521989,2.633809265,7.717206364,24.05851753,3.011243928,34.16090025,10.9629099,31.94494839,9.793779655,45.24852906,7.662846003,31.20201935,13.3565625,8.763676533,29.73235083,2.449036311
Iprovalicarb,0.108107853,0.081535266,0.064571753,0.045564446,0.057618042,0.07634126,0.043508708,0.156657299,0.029213766,0.029396286,0.13374309,0.052466504,0.140149012,0.052858849,0.164289809,0.127079665
Isocarbamid,3.95450818,3.973266348,2.969054101,5.402256793,2.467043446,3.246525613,3.635782043,5.464041294,4.744237541,6.156093044,3.417698711,5.407668626,5.265653043,4.040752987,6.297126464,3.150039211
Isoleucine,2104.042427,2903.535419,2447.516837,3356.894216,3030.7153,3326.675744,3076.312066,1983.802266,1466.179392,1638.110826,3379.719751,758.6686629,540.1967958,1221.338484,1583.750603,3472.914145
Isovalerylglycine,1.700557444,2.339602251,1.694755851,2.317581079,2.153645242,1.524811891,1.509139983,2.828340087,1.948554432,2.41666932,1.360047708,1.623652537,1.626774574,1.989238893,1.816828936,1.618905555
Isoxaben,0.042048966,0.049921716,0.037755806,0.056077955,0.030755382,0.032671861,0.033967713,0.067424447,0.033052256,0.047048782,0.043012801,0.055686325,0.037552099,0.042905703,0.061344596,0.068164357
Istamycin A,1.228474085,2.200307396,1.478477581,2.287985575,2.065659668,1.620513626,1.171417533,1.73380048,1.529819398,1.989898408,1.021252737,1.165453192,1.911690811,1.940891889,2.285148408,1.433221248
Istamycin C1,47.12978628,55.83889415,36.54184117,44.78242423,56.31733602,51.01990344,36.39906338,52.02528241,55.78471394,76.75202806,38.61343862,53.09895248,54.37534703,49.66481318,78.30029218,50.65754121
Itopride,0.033888983,0.046199367,0.052504465,0.039722591,0.043894751,0.035495828,0.084763904,0.088328136,0.21583166,0.097716293,0.050172673,0.185059846,0.323157887,0.289652881,0.130293422,0.03791699
Jasmonal,0.234622904,0.40113801,0.301283532,0.285324731,0.218113248,0.028209522,0.092595572,0.129545942,0.25661542,0.406759256,0.366214428,0.03261065,0.3021194,0.396939316,0.55705948,0.03020439
Jasmonic acid,0.833175259,0.761265377,0.528215815,1.015530132,0.78758093,0.625319239,0.673537239,1.086486138,0.714059735,0.847184267,1.635009215,1.242332318,1.422977932,1.101978503,1.360206747,0.7665496
Kinoprene,0.139842269,0.147866001,0.111643015,0.110424606,0.130518996,0.180069141,0.119991296,0.210957556,0.141669675,0.149066924,0.194932835,0.15859993,0.121225034,0.128227882,0.068496778,0.074325617
Kynurenic acid,5.584501311,2.621794207,5.179290481,4.585306705,6.139200331,4.766948255,7.905698266,7.247330426,10.01953514,7.187754533,6.090037921,4.209870401,8.532349522,20.30818772,6.681329322,3.945648396
L(+)-Ornithine,5.278730142,8.839044447,7.781184474,9.182241251,7.698743693,7.301632022,6.852633152,3.56008039,2.59249756,1.118687339,6.400222167,3.361041332,2.047454693,3.03429805,6.276475793,17.56276996
L(-)-Carnitine,143.7540531,97.27077368,129.6647633,152.2065644,121.2583229,83.79075377,161.1284142,64.96276219,101.2031739,105.2295211,104.0294124,201.0322191,134.3359304,85.67904102,194.342266,228.9726248
L-(+)-Citrulline,536.8758923,585.8270908,555.7613155,672.7773977,505.9302085,568.6847244,617.3167205,157.8251191,121.702753,119.0474257,600.8052396,229.9403814,119.528708,101.4432024,234.4763108,560.6859332
L-(+)-ERGOTHIONEINE,0.51626021,0.45325853,0.560559632,0.534864543,0.115745356,0.09587343,0.164257108,0.354301374,0.190087373,0.165106168,0.166113996,0.305166708,0.079548786,0.311053195,0.129293815,0.076639898
L-(+)-Leucine,9.522218317,9.4326818,18.58314238,7.220418549,23.27744556,10.1154495,14.18626358,11.59514145,7.799468619,4.821438404,11.33482491,5.599227044,10.58154348,72.47385221,8.10481067,17.325612
L-(+)-Valine,37.93171718,51.79704764,43.71859369,42.32217496,20.35768505,15.27996209,10.79877263,11.10871936,9.093713398,9.661045917,27.05034521,12.09935855,5.9725123,42.92124255,9.852148231,23.06434545
L-(-)-Methionine,425.9739151,475.3344893,354.9109642,506.2512584,419.9221173,600.3354456,561.8066362,467.4295241,279.3901081,19.3583653,526.83966,343.148195,18.21877482,212.2275922,325.1715345,528.8219876
L-(-)-Serine,0.135028827,0.137387943,0.130051706,0.090272572,0.119869292,0.182858221,0.174761682,0.111721958,0.082183189,0.111946154,0.198128192,0.123701593,0.126961588,0.085194879,0.167122852,0.202338623
L-(−)-Threonine,2.440801999,1.184691884,7.082056949,1.459606809,1.443887135,2.769246193,7.925073173,1.284548137,3.472616637,0.782404476,1.460277542,2.736506336,2.377400515,1.859632261,0.928019037,1.595434491
L-(−)-methionine,30.95599402,21.15769986,17.39038125,83.01593395,76.34968862,103.2668145,104.466916,62.01160747,41.0596928,39.56095878,37.61874966,26.65932452,55.02243848,2.021511373,30.66381172,30.7732335
L-4-hydroxy-proline,10.60290053,7.779153746,10.58426977,16.84008943,10.37171387,17.69383542,18.44755918,23.80779441,4.281414004,8.977220858,5.475624198,4.944817906,7.954575203,14.51572627,4.930482022,5.95792453
L-Alanyl-L-glutamine,5.886679723,3.180944562,2.929059473,6.65650089,4.698027479,5.844275315,8.061871498,9.98300703,6.696394523,6.664637346,7.448642441,5.568241917,7.246566048,6.362879617,6.671909159,4.614272516
L-Aspartic acid,27.01171714,17.03466257,75.35424702,26.95176831,15.84237669,16.17083049,28.54481499,8.985963106,8.131203576,5.996739658,29.96083773,13.73112865,13.22076712,8.846005633,16.92660847,21.43964624
L-Azaserine,0.928194695,0.630407933,1.262592602,0.814485507,1.977436024,4.354703948,4.197282585,4.837007252,10.76588719,10.00903882,2.807776613,8.806827052,6.284978885,2.736148304,5.470752155,1.57249108
L-Glutamic acid,2.375794303,4.792765501,3.542300598,1.598836723,3.43665966,2.827451613,2.783196714,3.643701947,4.696016447,3.452101083,3.406902573,11.4242322,2.770155555,4.71759672,4.663292517,2.971262651
L-Hexanoylcarnitine,5.504992473,2.419772153,5.834107726,2.925506659,4.998347961,4.405574518,5.746837117,2.696927149,4.138174574,5.371555064,3.793977449,6.145466865,3.270715061,5.224021021,4.061388919,5.146418572
L-Isoleucine,653.0521998,713.0463679,519.3410986,653.127301,619.3105006,592.9237894,747.2411773,504.1136283,425.3377142,291.0002798,834.0087943,436.4733719,309.5982433,218.2404174,285.3879361,927.059473
L-Lysinamide,0.408582512,0.392279312,0.461745669,0.450985029,0.056280252,0.041183438,0.162919786,0.306635374,0.178508423,0.07590131,0.097585726,0.051558604,0.047900374,0.269205597,0.093215741,0.049887565
L-Lysine,0.281231662,0.339896769,0.236669934,0.387543346,0.444607418,0.309240942,0.371764565,0.357723988,0.250906149,0.228439001,0.328553914,0.260674894,0.233941148,0.265825626,0.362253501,0.442952293
L-Norleucine,203.55466,171.7982002,142.7492024,164.6155405,170.3049798,177.7189342,174.8480464,163.4825057,103.0325477,106.4545177,226.9821832,250.4442045,195.3704918,95.88051188,122.5242479,197.5952239
L-Palmitoylcarnitine,1.937967422,3.727113269,1.88521248,1.581520885,2.168853263,1.613115863,1.043790389,0.540273919,0.584268557,0.814974926,2.152483886,1.693677854,1.446505478,1.697178931,1.782795449,3.184057217
L-Phenylalanine,890.5327722,767.3656247,668.7255766,839.7399606,747.9294439,1067.629905,1013.328276,727.067897,406.1110512,330.9098788,990.4018403,566.2398596,428.9325529,260.582964,341.5141112,987.9830159
L-Proline,11.01296209,18.68750643,12.37662678,13.23739698,20.58206038,20.5591028,26.742611,16.42741953,13.18120245,10.85171195,27.28035179,9.570430242,10.79454936,15.83739397,22.38474907,34.01312584
L-Pyroglutamic acid,35.31110147,21.57114154,38.20517482,22.5384475,25.28521325,17.03578177,22.53558582,20.12525209,27.92409105,32.10866959,23.47319707,25.32887129,24.62622119,48.0081701,40.57899652,23.43860081
L-Serine O-phosphate,4.859451632,1.78448906,8.060814239,2.790046003,3.374022056,4.20288494,7.513648617,8.363799172,7.534284712,6.0652175,3.064568276,5.869062373,7.009010574,5.859890374,7.403605549,4.580646685
L-Tyrosine,180.0364638,143.0002215,137.1872256,151.4503242,142.935484,212.7366654,190.9325398,150.0205878,77.02053127,55.77456683,199.4036069,82.25877681,85.18214234,48.4342604,65.71932786,206.4201721
L-decyline,0.025009679,0.035138885,0.025728598,0.034490218,0.021414095,0.029129394,0.025297154,0.030997727,0.062494923,0.049845771,0.033616964,0.054611306,0.025310583,0.032418764,0.046578948,0.03542161
L-dihydroanticapsin,37.43961296,25.9446208,33.03764042,40.52604414,12.28596053,22.91346207,31.28653494,46.17279017,10.28305934,17.03495471,26.10941261,22.46836312,17.2781842,8.674771676,14.82072352,16.15590491
L-homoserine lactone,4.261816735,1.844589565,3.936887931,3.588661528,2.034307342,4.508590662,6.632903758,4.640225977,0.917425836,2.728354215,5.041222583,2.369794133,0.917495353,4.511310008,1.650635983,1.177724557
L-α-Glycerylphosphorylcholine,3.771961334,0.45260614,3.922906484,3.393218223,1.466259827,0.161917041,0.187361167,0.349987731,0.12340689,0.086231685,0.130445642,2.39594167,0.100203053,2.711082269,0.115049927,1.713447477
L-α-PALMITIN,0.051895549,0.065785976,0.080340878,0.066014997,0.040187536,0.026631856,0.064270931,0.033745813,0.028463547,0.042437423,0.038888829,0.033244401,0.029635883,0.041772415,0.084651765,0.050120164
L-α-lysophosphatidylcholine,21.04850933,12.21130595,9.374208756,20.14604262,4.576664976,14.65421377,11.71821719,19.50435066,17.53125636,13.07021085,22.82576096,19.2310181,11.71453731,8.399913674,21.18841231,13.91087898
L-γ-Glutamyl-L-leucine,4.989083874,3.03538929,8.448250385,6.084105266,4.299884151,4.022387961,9.150786269,5.771964406,3.596605633,4.684850602,6.407202495,3.244288053,3.807289264,3.360895534,3.577816599,4.933164172
L-γ-Glutamyl-L-methionine,0.574614007,0.238808557,0.672490141,0.894439506,0.426833268,0.484581509,0.948985193,0.572569094,0.196077559,0.143106102,0.932752342,0.282090427,0.200043214,0.124894918,0.219604342,0.58096431
L-γ-Glutamyl-L-valine,19.29973461,9.7107536,29.41420418,13.815021,9.122030716,7.924059997,14.98592481,20.55660887,8.748227932,9.363124225,13.35516457,10.12180135,9.800826656,9.594384766,9.040385276,8.461646456
LENACIL,0.024198202,0.035076194,0.023754679,0.026812194,0.022065739,0.02232418,0.021149602,0.028803233,0.0326571,0.031750015,0.02946961,0.02415592,0.024323844,0.03133859,0.041945034,0.027744911
LINALYL BUTYRATE,0.617608147,0.386723636,0.698297413,0.541082608,0.475647657,0.209884393,0.416931258,0.106005402,0.44538324,0.117627977,0.263468871,0.241096042,0.268742056,0.228199684,0.155834717,0.268500533
LINALYL PROPIONATE,4.174770121,1.116331418,4.69258135,2.084026184,3.474205118,1.588637715,1.458615597,1.615504178,2.592755151,1.913265455,4.217004566,1.672330642,2.332876947,2.617949905,0.468697848,2.938732882
"LYSINOALANINE, (S,R)-",0.391444957,0.387605622,0.44548813,0.432068945,0.298397229,0.173551132,0.228169796,0.293773882,0.407562014,0.352823358,0.187692218,0.243263381,0.26575705,0.362993166,0.312244929,0.196095215
Lauramine,0.258301012,0.57226839,0.311171179,0.424230199,0.202667827,0.428139017,0.303264521,0.258004358,0.182285049,0.152373462,0.297329552,0.347052805,0.281165521,0.366698647,0.327015824,0.278595546
Leu-Gly-Pro,3.734340421,3.110322476,4.213082413,5.171014138,2.641640792,2.194694712,5.383321075,2.145952299,0.588742458,0.741314346,3.68821982,0.930824323,0.686153187,0.407140262,0.726123941,2.116166837
Leu-Leu,2.281283109,1.72196367,2.088276054,1.827675056,0.619585062,0.79475431,2.116013895,1.363724245,0.51201666,0.578977214,1.071694504,0.93928425,0.693071872,0.606921039,0.492641996,0.76403373
Leu-Val,0.313919478,0.453628337,0.531591592,0.270728034,0.619987949,0.219967677,0.312402976,0.306973715,0.778004464,0.518614494,0.401504498,0.394656987,0.867374843,0.991453734,0.358987392,0.517233837
Leu-pro,1.600070655,1.789208018,1.113470694,1.476336013,8.73179022,8.654257681,20.0455261,15.32457855,4.550818965,8.27002254,1.299033911,3.763660306,18.07303816,14.90764179,8.738619309,4.18318729
Leucamine,0.172911028,0.310567335,0.208243366,0.065717318,0.06221331,0.059173555,0.190842355,0.215492521,0.050475745,0.059441562,0.247856297,0.23354615,0.219978129,0.258891848,0.068560347,0.259143586
Leucyl-4-hydroxyproline,0.249004521,0.198614194,0.258569886,0.17466582,0.416131988,0.222189192,0.483822171,0.232492653,0.247066185,0.162612055,0.190317309,0.163286027,0.205786618,0.288726694,0.13736553,0.281532892
Leucylasparagine,7.470901884,4.922900219,3.915880828,6.24080473,4.860696863,5.941886009,8.08845069,11.02185812,5.132251296,6.702393188,6.734574377,6.922592071,6.126664304,5.378442086,6.596454873,6.537027547
Leucylproline,80.45683187,39.43861373,39.68083895,84.74818889,53.73002612,83.34315089,92.38473996,81.43067616,39.4021793,50.27366185,77.47365814,65.69605867,52.12178597,28.98518599,51.12164197,55.22830311
Leucyltryptophan,1.588478532,1.12509144,1.229778255,1.895818137,1.185801966,1.335406313,1.537921947,1.709134288,1.090721926,1.351798932,1.327211339,1.320037593,1.318405784,0.364482421,0.909963537,1.543109529
Levetiracetam,0.374170495,0.241941928,0.567523805,0.176638475,0.528326806,0.252785031,0.370512776,0.632265692,0.856173435,0.38149888,0.521490935,0.646175191,0.724126696,0.766349489,1.070122137,0.645048099
Levulinic acid,0.82274477,0.288605077,0.94296875,0.81114325,0.800552364,0.401009681,0.763225858,0.926682772,1.050364159,0.73927227,0.623050921,0.152846336,0.124398526,1.136182913,0.480414836,0.56347698
Linoelaidic Acid,0.297610141,0.375325152,0.431565754,0.351945623,0.29362753,0.496292407,0.382398839,0.654660612,0.293908942,0.338596292,0.200184193,0.475828672,0.373746262,0.142680385,0.36262179,0.468723284
Linolenelaidic acid,0.086936728,0.122896224,0.201718274,0.222577734,0.042121928,0.08560449,0.082211933,0.235470077,0.092295985,0.117977879,0.280018444,0.184845226,0.215533293,0.089722202,0.20653313,0.218563517
Linoleoyl ethanolamide,0.067208895,0.073283961,0.070538167,0.085765326,0.051658089,0.077994661,0.074997686,0.074970364,0.11654463,0.098449927,0.171640454,0.091380856,0.091007399,0.099315351,0.079602798,0.083335066
Linoleyl carnitine,14.89903401,16.21956477,10.54000623,11.52609953,9.950412567,7.844119662,9.185999706,12.02207741,17.89237428,21.87910621,12.3421312,12.52000198,10.58082634,17.0766823,14.14456326,21.52185259
Linoleyl ethanolamide,2.315482154,4.917789739,3.4442315,2.620011138,4.011497667,2.844028354,1.612379375,1.003603459,5.387061447,1.677769406,2.025717052,1.810720008,2.03238748,3.026161413,2.644808051,3.636385297
Lisinopril,0.030129276,0.074576248,0.029022855,0.031489353,0.04666015,0.075792224,0.03228175,0.058090081,0.065769551,0.037166576,0.034504146,0.032695914,0.028920043,0.038716691,0.048011833,0.0561396
Lorbamate,0.432064584,0.305592309,0.320710986,0.568186809,0.553646452,0.31141939,0.387224394,0.710687878,0.352590767,0.246553853,0.317528233,0.299442868,0.502491496,0.383855444,0.316896124,0.346717826
Lotaustralin,1.052338794,0.217709004,1.246276216,0.409713332,0.302876814,0.426165061,0.527202868,0.494324318,0.483224272,0.042620938,0.472847278,0.443837163,0.315604596,0.559965751,0.332690811,0.339026893
Lovastatin,0.995359301,2.269210379,0.562015211,0.675822695,1.160528612,1.098973844,1.346143769,0.756391727,1.425894227,1.380997491,0.955286245,1.39541907,1.044311035,1.295953067,1.294169868,1.187905149
Loxoribine,0.241719232,0.060546783,0.174780454,0.14183977,0.094619632,0.640210196,0.513589061,0.311012774,0.256970342,0.451906752,0.299647176,0.536385398,0.191304368,0.14387374,0.484134515,0.116031506
Lupenone,2.075617011,2.209549746,1.195543201,1.650127899,2.995012426,3.597467318,2.075970173,2.945679712,2.618163398,3.444200423,2.136473726,3.458346085,2.363575215,1.922529839,2.952045072,2.193789016
Lycocernuine,0.043551581,0.082013028,0.049248092,0.044292385,0.041785639,0.040278791,0.040790146,0.052296579,0.038356462,0.04853755,0.045812959,0.040645415,0.059410416,0.0538309,0.067219482,0.04367542
Lys-Pro,2.809238128,1.171070876,2.571276599,3.668557092,1.546701727,2.732117896,5.187787969,1.222587018,0.504703424,0.377764354,2.783155202,1.507615497,1.037098269,0.147629567,1.024528652,1.581559184
Lys-phe,0.029417104,0.040276106,0.038169386,0.030987822,0.070841805,0.032320371,0.026318566,0.06931175,0.049379908,0.046252194,0.037111753,0.047837033,0.047785941,0.04040376,0.045780895,0.03400693
"LysoPC(18:3(9Z,12Z,15Z))",1.392826388,0.369078239,0.185525167,1.041339118,0.117095967,0.87884687,1.073587309,0.446085053,0.218570065,1.078213532,0.98472163,1.283442553,0.667758904,0.363799022,1.623755519,0.860536195
"LysoPC(22:4(7Z,10Z,13Z,16Z))",1.554459123,0.313447984,0.182389373,0.78463991,0.242060945,1.113645553,0.75136643,1.759877531,0.354464956,2.033167047,0.932779467,1.283931971,1.351154325,0.539728007,2.391219792,0.872312592
"LysoPC(22:5(7Z,10Z,13Z,16Z,19Z))",4.565808477,1.018804264,0.148899871,3.099638084,0.377520621,4.961497821,2.501603352,6.85959548,0.931362199,13.30031382,4.251119965,5.310323026,7.386728944,2.249867852,12.40272102,3.022193933
Lysylvaline,13.61347162,12.0022992,22.77427614,19.98756378,6.638477356,6.30686988,7.47199389,5.316194959,2.71086801,2.290279386,6.593869695,5.482195688,2.574807827,2.026057005,3.308780793,6.217883578
MYRISTOYL-GLY-OH,3.653044133,3.127082414,2.874940143,3.195909,2.60821939,2.891283866,3.50604101,4.118385429,3.838742198,4.34681458,2.771705431,2.788317739,2.486296834,4.035339159,5.128506581,3.468796696
Maculosin,0.158505399,0.146470151,0.143648366,0.149059589,0.124048674,0.127844168,0.194809646,0.24431033,0.064657113,0.050976763,0.170152361,0.087950345,0.104783594,0.035390158,0.089677582,0.113946761
Marimastat,1.864616335,1.203285112,1.473899772,1.443091271,0.707379376,1.194489337,1.636445117,1.945688315,0.789234817,2.05020011,1.233391929,1.571897882,1.370616329,0.550140887,0.970658274,0.898003256
Massoia lactone,0.285780695,0.063954672,0.577493115,0.100786345,0.358613235,0.209743867,0.544438859,0.324915406,0.344868355,0.059694323,0.203361059,0.421268192,0.090316425,0.099887375,0.670696351,0.2148782
Medroxyprogesterone 17-acetate,2.0976191,2.340956274,3.21001906,3.77100319,2.473697823,2.690305348,3.565468296,2.668639309,1.84276949,1.862332875,1.411691839,1.641985995,1.882836458,2.138177918,2.063718093,1.705332854
Meglutol,10.25309809,26.7135785,10.54163596,8.836060822,5.861774267,9.59670266,7.297359067,8.365985209,52.91205898,7.031731231,10.47246812,86.74821894,3.733325129,3.792749476,8.537513993,5.562502079
Melatonin,0.032097997,0.056242334,0.037430075,0.060994568,0.029276655,0.048090663,0.031474089,0.039752014,0.030240821,0.037074341,0.035911344,0.069108885,0.156983254,0.236723597,0.09659644,0.032831717
Mepindolol,0.034917958,0.060537314,0.035825477,0.035443596,0.029642367,0.031400502,0.031829851,0.044040652,0.026249512,0.037285299,0.039688007,0.044641872,0.027447467,0.035903442,0.065059403,0.031889076
Mesalazine,6.291437632,5.426443155,6.130188521,5.012009536,4.602651925,2.832527399,1.560628904,3.610697514,3.634988612,6.349026332,1.815748306,6.409426919,3.349647112,3.999620585,9.852427497,6.433588664
Metabutethamine,0.063247901,0.168410086,0.15822796,0.073709304,0.076933301,0.125673622,0.06197114,0.121117628,0.12589887,0.153205495,0.188054292,0.131361779,0.168693707,0.149815317,0.305755392,0.139151704
Methandriol dipropionate,4.258742827,4.843713393,2.59699032,3.205936837,3.34741016,5.820462019,3.877382705,7.722994034,4.004744209,6.205224222,2.924387414,3.425841471,4.481012982,4.295187622,13.1876368,4.888449145
Methionylleucine,1.387144585,0.635656036,0.951862166,1.053159896,0.576674245,0.910742719,1.236964546,1.56123743,0.461096424,0.747049329,0.87309715,0.916831169,0.64967393,0.242373449,0.444262026,0.608961311
Methoxamine,0.246037811,0.325871054,0.108561262,0.287997955,0.050194299,0.251897006,0.257823401,0.041113645,0.303250295,0.448676668,0.124860811,0.246279017,0.123258662,0.194163345,0.050423872,0.328444633
Methoxyindoleacetic acid,0.14921693,0.631413817,0.039588654,0.043558486,0.150587829,0.231987336,0.311856631,0.380071113,0.907771458,0.241479791,0.148565056,4.617545953,8.548360799,9.249557957,2.206542261,2.923209507
"Methyl 1,4a-dimethyl-6-methylene-5-[2-(2-oxo-2,5-dihydro-3-furanyl)ethyl]decahydro-1-naphthalenecarboxylate",1.2722552,0.879662842,2.17966795,0.804599391,2.156816961,1.948188806,1.636457245,0.979851505,1.045032868,1.285411258,0.740301489,1.413683274,0.829648276,1.193498057,0.875528276,0.727746572
"Methyl 14-acetoxy-5-hydroxy-5,9-dimethyltetracyclo[11.2.1.0~1,10~.0~4,9~]hexadecane-14-carboxylate",13.0435963,27.83720697,14.16031355,7.562358252,13.32892525,12.30494945,7.473456399,15.69336382,4.554997568,5.646924249,3.68800684,4.787148179,4.411139994,5.707270329,15.43954301,5.511182217
Methyl 2-[(10Z)-10-heptadecen-1-yl]-6-hydroxybenzoate,3.588444556,4.583138373,1.558353559,2.981652895,3.954034162,4.714520188,3.767045789,4.701637411,2.699914085,3.911267428,1.494946962,3.71154079,3.830602815,4.037579207,4.915878419,4.076784182
"Methyl 3-isobutyryl-4-methyl-1,5-bis(3-methyl-2-buten-1-yl)-4-(4-methyl-3-penten-1-yl)-2-oxocyclohexanecarboxylate",2.631977648,3.676790848,1.521739645,1.944831107,2.792263424,4.138450512,2.855892304,4.632119869,2.716857427,4.004938754,1.932866042,6.622656642,4.200836686,2.479658146,6.922156363,4.980913954
Methyl nigakinone,0.031945961,0.036382659,0.025374204,0.027404302,0.039168961,0.023535988,0.031107329,0.037991652,0.032795551,0.060180201,0.030707445,0.024610311,0.031584972,0.030960542,0.043963561,0.031594686
Methyldopa,0.29674523,0.384086033,0.424715053,0.306219363,0.435732919,0.236993306,0.376089456,0.31211708,0.140802714,0.358122503,0.175695509,0.39150458,0.497041345,0.346973547,0.419670818,0.219717746
Methylenediurea,2.743755453,4.414078829,2.657661276,2.182969451,5.970560061,12.06920152,11.87845465,10.72921407,12.68040201,10.57263308,6.056189199,7.771820154,11.43126937,154.3206811,56.82993968,37.11280529
Methylimidazoleacetic acid,146.9927319,94.63313515,194.1905832,127.5266989,145.7005333,108.49111,180.3042162,159.0714793,142.8273193,184.8804234,149.0801021,137.0086931,127.7852856,160.4789731,120.9356311,125.2035422
Methylphenidate,0.038531735,0.046303804,0.029749565,0.036881046,0.037639379,0.036267721,0.03308317,0.038213272,0.057844654,0.038115575,0.112868093,0.034060715,0.031330699,0.033795728,0.052173417,0.03617699
Methylphenobarbital,0.538959251,0.187559954,0.23698438,0.179307882,0.168155975,0.257537696,0.28749926,0.698253842,0.480653433,0.49679389,0.576624821,0.502147194,0.587590231,0.349973031,0.801874246,0.374840333
Methysergide,1.765616827,2.012621451,2.268386642,2.017904218,0.889704912,1.075459551,1.361438972,1.313700866,0.509317033,0.675955505,0.84705666,1.614064198,1.529895175,0.794567503,1.524043661,1.569402171
Metirosine,0.164832997,0.108642332,0.286707844,0.116357589,0.282025146,0.037743698,0.03587107,0.395445578,0.037114213,0.363556112,0.051033396,0.040157198,0.04070619,0.350616692,0.410624125,0.261566467
Metoprolol,0.052109463,0.116751011,0.052662305,0.166132273,0.139354462,0.119699996,0.088256478,0.071625723,0.094497468,0.157579299,0.073079542,0.101201342,0.131116093,0.157112447,0.186632495,0.096733291
Metronidazole,1.14837882,0.522263533,0.321846871,0.305297174,0.401480954,1.335844664,0.228630216,0.500713876,0.350406508,0.409813768,0.226187176,0.745226294,0.312301677,0.756701903,0.219957708,0.225637092
Mexacarbate,0.03835138,0.049336208,0.040747473,0.059904021,0.038082398,0.043465824,0.044190484,0.0483898,0.031113291,0.03708715,0.047539493,0.046324446,0.031039056,0.036417323,0.062558584,0.047789138
Midodrine,0.043298618,0.070516246,0.047684191,0.051623661,0.047631772,0.045505426,0.048058925,0.057152492,0.048019285,0.058280903,0.056978737,0.052826889,0.048043368,0.059834713,0.085924386,0.054763951
Miglitol,0.272117444,0.598800072,0.722008423,0.804176563,0.451117572,0.55249977,0.234335048,0.131165388,0.191269919,0.160419226,0.175956262,0.27475673,0.273641172,0.242131399,0.255170943,0.352771359
Misonidazole,0.564970189,0.496024199,0.613449332,0.570255634,0.158180327,0.128532922,0.213821602,0.387730276,0.225717989,0.114952072,0.123393918,0.089501663,0.21334617,0.340401562,0.119458724,0.288174251
Misoprostol,0.218568463,0.322683403,0.281567934,0.157425725,0.508529291,0.499011046,0.508505108,0.755738334,0.475307236,0.699671566,0.480306005,0.220251844,0.2900083,0.483387103,0.319629251,0.297341775
Mitragynine,0.789652862,0.362678431,0.415570083,1.900805519,0.26858979,0.097045036,0.160859354,0.066591844,16.98115576,12.24603406,2.298024008,4.467911332,11.80516707,18.11663521,7.161359903,0.395195656
Molindone,5.84625177,2.553299462,8.933610353,2.893720628,2.44726019,2.039145785,2.026677351,1.175197827,1.949978264,2.401116645,1.594961593,2.196974304,1.722751091,2.631785852,3.409232697,3.32579968
Mono(5-carboxy-2-ethylpentyl) phthalate,0.623461895,0.100996034,0.15480585,0.215367074,0.280975771,0.621133621,0.575224034,2.073264276,0.312263198,1.35898984,0.311811323,0.882725373,0.899386854,0.311261277,1.0058676,0.116709852
Mucronine B,0.54310181,0.874278838,0.403236626,0.581404531,0.198191939,0.699956774,0.521895347,0.733974551,0.77330373,1.053439479,0.506644687,0.768973256,0.586773404,0.736802428,0.979668537,0.732679444
Myriocin,2.082587665,0.079470716,0.403651892,1.56574195,0.040142238,0.191068372,0.24671544,0.777198298,3.99529216,6.374819029,3.033806057,2.176977363,0.276447279,1.910661341,0.485013619,0.454527164
Myristicin,2.504080743,1.973222251,3.3243001,2.091720141,3.151708766,3.455753958,3.75236774,3.063082247,2.991654574,4.39548228,2.243918544,3.309643244,2.873413719,3.644326228,2.159954968,1.674847571
Myrmicacin,1.085207563,1.278295247,1.450704693,0.564276342,0.13045717,0.976236206,0.56639514,1.041841248,1.252051814,1.704147733,1.106004433,0.734067613,1.841078795,1.658228883,1.639871968,0.956086432
Myxalamid A,8.473000182,17.34052114,5.255449256,7.434142084,10.14981827,14.42168962,11.84732303,10.57568841,11.98432963,12.54383726,12.5095065,13.00275357,11.25892499,14.98165386,17.18112674,13.83394131
Myxalamid C,0.163900639,0.213169034,0.156182555,0.089665977,1.316003079,0.195506528,0.236736968,0.402772658,1.098299723,1.423043274,0.173908882,0.402891708,1.930481355,0.898090257,0.36621772,0.245790544
"N(6),N(6)-Dimethyladenine",1.361643164,1.561925954,1.899586533,1.319760963,2.000312179,2.42555338,2.421670527,0.365278146,0.898345952,0.169876324,2.084689141,0.427823204,0.770362558,0.144160995,0.340765745,2.746363469
N(6)-[(indol-3-yl)acetyl]-L-lysine,1.015534953,0.562451069,0.681532888,1.054721423,0.507951952,1.029285409,1.085625825,1.599053713,0.603029042,0.910999242,0.865508071,0.965311327,1.071053958,0.30013369,0.810236649,0.981129786
"N,N-Bis(2-hydroxyethyl)dodecanamide",0.791222041,1.426855104,0.870222929,1.360976556,0.793260501,1.142300594,0.861472484,1.288095423,1.119363353,1.431837415,1.441640718,1.059145394,0.994727301,1.305988361,1.980083181,1.5400114
"N,N-Bis(2-hydroxyethyl)formamide",53.28922536,73.24428325,90.49683791,74.58381191,19.231499,11.24843757,14.32428593,8.908085555,2.053566181,5.652009378,5.583505913,45.82245072,27.66613276,5.66245216,37.08446711,63.50418067
"N,N-Diethyl-3-{(4R,7S,8aS)-7-[(isopropylcarbamoyl)amino]-1-oxooctahydropyrrolo[1,2-a]pyrazin-4-yl}propanamide",0.026037607,0.037642331,0.02719841,0.028651644,0.022199921,0.025335068,0.122820325,0.178868203,0.025933178,0.034084778,0.035256696,0.027151093,0.026003921,0.033924558,0.047937592,0.031416001
"N,N-Diethyl-4-methyl-1-piperazinecarboxamide 4-oxide",0.47216333,0.647836118,1.305664265,0.646835528,0.626842501,0.609444001,0.568346084,0.481522804,0.437862299,0.498253256,0.701617377,0.449793238,0.432013281,0.528052414,0.620161904,0.678522616
"N,N-Dihydroxy-L-valine",0.53126402,0.593962079,2.684011569,1.414512262,4.004263195,6.007263362,3.559082429,5.263027127,0.380693927,0.680632597,5.992212449,4.250918277,3.666543146,0.676036754,3.13375854,6.443617279
"N,N-Dimethyl-N-phenylurea",1.439945666,1.664913019,1.760955617,1.95354488,3.507490424,3.144505705,1.908256975,1.31990393,3.140694849,5.057306773,2.229936766,4.218589398,6.98229829,3.571350708,4.191750434,3.12211334
"N,N-Dimethyldecylamine N-oxide",4.934907589,0.194735197,4.246813672,2.496414663,0.035054474,6.242629135,5.055787642,2.82388318,5.692038552,6.90293164,0.141870559,6.246439267,0.12463642,5.306689634,0.212458355,0.121984731
"N,N-Dimethylglycine",123.3319083,109.0763886,133.4981312,120.4155179,101.3063307,167.3181953,142.5241952,58.90015213,55.10367414,37.90143905,131.0701009,57.64931357,52.08794021,50.27539056,72.50013843,193.5360539
"N,N-diacetyllegionaminic acid",0.132454161,0.095478049,0.106577609,0.076821965,0.202239565,0.181766266,0.209963014,0.189603518,0.351660847,0.750440252,0.17654583,0.720977785,0.351750935,0.368513342,0.516507079,0.223323354
"N,N-dimethylarginine",8.474704587,5.335416095,12.6414249,6.36090615,6.01825042,4.889511131,5.266467392,4.583817246,5.038195836,4.638647168,5.31356345,3.920791407,8.582520435,8.926452152,4.721591992,5.235030114
"N-(2,6,10,14-Tetramethylpentadecanoyl)glycine",2.052506318,3.915874966,1.368048916,2.26764509,1.666661109,1.189658456,0.835415644,0.990729008,1.458945114,1.152815315,1.163339396,5.294931734,2.679924174,1.033510444,2.414087008,1.507132727
N-(2-Amino-4-methylpentanoyl)glutamine,5.22631011,4.561110885,4.703609117,5.978541946,3.072647323,3.836040403,4.550676788,7.690722413,3.418341585,4.192903065,3.67963155,3.600398194,3.71307572,2.494594108,3.443541469,3.438895689
N-(2-Cyanoethyl)-L-glutamine,49.7425392,51.2099684,57.90130376,36.51209815,60.23257377,32.28155452,47.11131333,44.73519327,58.59112169,34.26001877,45.32646171,39.92945578,11.50838381,55.61809454,77.10706816,85.93958091
N-(2-OXOOXOLAN-3-YL)HEXANAMIDE,5.476161871,5.230517799,3.80315825,5.511713973,5.29313615,6.835082938,9.921658117,10.89518093,4.233830971,5.359673589,4.017863364,5.241556397,6.707806042,5.461870923,6.769772303,4.497362157
N-(2-Phenylethyl)-β-D-glucopyranuronosylamine,1.639948623,8.888207969,5.318231346,9.12432188,3.14971695,5.528258743,1.172046373,0.102327667,1.274696145,0.544375895,8.240679311,1.770052166,1.341738947,0.696886417,0.752390376,10.73844513
"N-(3,5-Dimethoxybenzoyl)glycine",0.280908484,0.371318785,0.379913107,0.710091321,0.679438495,0.378672364,0.483649435,0.322529377,0.842486018,0.637750429,0.432007027,0.272100736,0.495060487,0.942860299,0.392203995,0.362549155
N-(4-Amino-1-carboxybutyl)glutamic acid,0.077165854,0.056912863,0.113082408,0.065273175,0.042758008,0.044269474,0.045683595,0.050802299,0.068433777,0.432477926,0.101504325,0.279095039,0.30337008,0.08176959,0.06094506,0.234266171
"N-(4-Heptanyl)-1,3-benzodioxole-5-carboxamide",0.092887551,0.136415294,0.058897058,0.107021474,0.142154006,0.085823056,0.084165503,0.12275253,0.143192432,0.095543539,0.074383126,0.094724287,0.110109623,0.145034544,0.162739489,0.143473958
N-(Carboxymethyl)norleucine,0.503793565,0.792360083,0.87427034,0.711761843,0.477427208,0.619641528,0.224354294,0.779963435,0.603115885,0.713219121,0.95378117,0.616635046,0.706673562,0.317280604,0.847771679,0.895014169
N-(Hytroxymethy)micotinamide,1.025116043,8.436044636,7.35969551,11.12330154,10.90620649,4.395722398,2.897352568,5.90128292,9.957853801,28.21705774,1.97172198,0.570383354,0.1523658,16.21524655,12.02401239,4.443677966
N-(tert-Butoxycarbonyl)-L-leucine,0.57883521,0.656587028,0.417157486,0.536653024,0.913762529,0.59856267,0.715384508,0.584346137,0.554168084,0.519733863,0.15919746,0.608105256,1.067713473,0.513247172,0.83063507,0.624720521
N-(β-Ketooctanoyl)-L-homoserine,0.049609764,0.121582394,0.06884902,0.100313006,0.642997391,0.108854537,0.105614167,0.125672161,0.511036296,0.828384669,0.189556021,0.425209398,1.557171804,0.758949561,0.145431992,0.035269166
N-2-Ethylhexyl bicycloheptenedicarboximide,0.032242988,0.055899715,0.033080984,0.032728358,0.027371545,0.028994994,0.029391453,0.0369042,0.024238608,0.044169921,0.043567054,0.02493813,0.032722791,0.033152977,0.043745609,0.029446141
N-ACETYL ZONISAMIDE,0.079765645,0.045096466,0.193843564,0.032824777,0.146038295,0.150717455,0.240102124,0.222962049,0.254424815,0.150171187,0.040694833,0.115043971,0.169637769,3.72709478,0.473219355,0.387426308
N-Acetyl vitamin K5,0.366375209,0.302690049,0.260056923,0.363153884,0.38433962,0.385402026,0.340884603,0.290890117,0.58679715,0.517029085,0.554195453,0.631909057,0.480917713,0.468459985,0.331195339,0.465600216
N-Acetyl-6-oxo-L-norleucine,0.867569898,1.781684671,0.993437791,1.21781631,0.606837371,0.55928839,0.450245835,1.20357718,1.524070967,0.961508343,0.432899761,0.704583743,1.04499325,1.332716261,1.234346045,1.122103818
N-Acetyl-D-galactosamine,92.70404051,69.73723934,81.81083684,91.90346804,80.49954029,109.1021185,120.8212635,50.98115424,24.0103663,57.31569356,87.19098431,41.96599912,34.92270315,24.92167976,83.2208221,53.31311132
N-Acetyl-D-lactosamine,2.904367956,2.278027759,2.11245798,4.416730515,1.978146266,3.768434807,3.087201186,2.637860736,1.651547713,2.076583631,4.079133574,1.76172801,2.015702216,1.011998154,1.602003233,1.97077864
N-Acetyl-D-quinovosamine,3.764980862,2.836216754,3.950866797,3.6519863,1.577408503,3.123055143,3.808392323,3.979164113,1.229527092,2.039621057,3.566271771,3.199032189,2.768888418,1.813546304,2.027203772,2.632874559
N-Acetyl-DL-tryptophan,1.436137564,0.574787723,2.244643508,1.116881074,0.663368275,0.525239461,0.660537598,0.603240522,0.944813133,0.858240913,0.790108089,0.542000495,0.672656938,1.581749394,0.804820977,0.571134795
N-Acetyl-L-aspartic acid,0.852633806,0.089682018,1.275703141,0.046825842,0.074982341,0.07712823,0.286365905,0.074814955,0.264899595,0.080563069,0.189484801,0.504387624,0.695974761,0.050273086,0.14994853,0.145102552
N-Acetyl-L-glutamic acid,20.56794295,6.134497375,30.81690912,8.035980849,8.800554631,4.486644726,11.53271033,9.822789485,15.07284211,8.932519464,11.35227379,15.64328009,12.15435443,17.74895988,21.61335566,11.13376303
N-Acetyl-L-histidine,0.250673683,0.335174758,0.324616775,0.343407956,0.302701317,0.323556622,0.301737549,0.275585243,0.237619699,0.288943,0.329903551,0.333911531,0.208444961,0.212677215,0.454638767,0.360230777
N-Acetyl-L-leucine,0.387038337,0.833775946,0.623335208,0.54800208,0.398621048,0.502462355,0.652618645,0.661585322,0.654215688,0.784105699,0.900531539,0.642844947,0.698631016,0.984084799,1.069035845,0.786830373
N-Acetyl-L-phenylalanine,0.189014531,0.143147123,0.141829795,0.167027987,0.189189747,0.247105695,0.262346713,0.445299146,0.75119376,0.331070803,0.265727988,0.216611159,0.254307182,0.312126091,0.260157124,0.34026833
N-Acetyl-Trp-OH,0.434820626,0.557804467,0.527170439,0.338567167,0.395906586,0.405698798,0.351986728,0.560031262,0.336355897,0.283683476,0.223526721,0.173715312,0.210216541,0.378145142,0.28887483,0.249656327
N-Acetyl-ala-ala-ala-methylester,0.094708069,0.085229399,0.116548685,0.104912129,0.046738999,0.047914611,0.051539677,0.134324531,0.07572481,0.102076678,0.080365546,0.071713931,0.064026269,0.058328586,0.136213372,0.089238851
N-Acetylglucosaminitol,1.445945118,1.683168166,1.57001924,1.417998123,2.011153496,1.405786152,1.174519489,1.510190944,1.897011924,2.814878366,2.06249396,1.686834829,2.406521526,2.936505914,1.761718915,1.494434523
N-Acetylmuramic acid,6.806834198,17.78436925,12.95322698,16.41289181,8.261600882,3.173593937,2.906855527,6.07262143,5.94247348,5.417622482,9.494109284,3.919015254,3.597404395,5.745188943,7.233955069,7.346220648
N-Acetylneuraminic acid,31.58218079,5.483631494,35.11955854,21.48793676,3.98847816,12.35390012,17.06756511,15.20938409,5.066812535,9.229919913,24.50789672,10.61234737,8.526152111,3.050244411,14.17311847,3.84472856
N-Acetylputrescine,0.449485915,2.464508376,1.214753444,0.458050994,3.396205447,1.934877706,1.655145001,4.871418012,3.041706546,3.620197429,19.30073976,4.293365223,8.655137723,8.203751199,4.006104254,1.775029689
N-Acetylvanilalanine,0.296426842,0.096814867,0.212840193,0.1205953,0.147677835,0.127783806,0.158376651,0.155334727,0.122820121,0.179890077,0.227712346,0.081958068,0.134242703,0.148847984,0.096374475,0.135528776
N-Aceyl-L-tyrosine,0.11897432,0.188937606,0.550406969,0.089093831,0.301961394,0.255876825,0.601611586,0.727822471,0.144890544,0.441744059,0.129227481,0.830601219,1.789716058,2.043303685,0.895384034,1.892663183
N-Benzylpalmitamide,0.111778475,0.188671148,0.084868899,0.080828918,0.128521616,0.141237797,0.145364316,0.164132254,0.156522126,0.198725043,0.146263746,0.15958358,0.169322295,0.187888966,0.223273913,0.167991634
N-Butylacetamide,44.2377381,53.95794238,55.80852934,46.82916916,99.60777916,62.22001389,55.12017192,42.88260347,72.39410253,84.82668812,58.83035483,65.07112984,84.68490918,85.86669327,107.5237647,69.4890665
"N-Cyclopropyl (2E,6Z)-nonadienamide",0.278342217,0.364202722,0.218478826,0.32453226,0.343038531,0.295768133,0.274421647,0.316060696,0.400733103,0.50946309,0.292632034,0.389023007,0.380812935,0.39079617,0.419736154,0.368656974
N-DEMETHYLTAPENTADOL,0.023705096,0.031456516,0.023757706,0.023262791,0.01716432,0.019867505,0.019266768,0.039239191,0.031492075,0.02780456,0.026517405,0.020994403,0.03058811,0.029496219,0.039388606,0.025304497
N-Desmethyltramadol,0.028053741,0.048335883,0.031404422,0.045616621,0.045520676,0.036919519,0.027665917,0.034942264,0.035700876,0.032588574,0.047241462,0.037769964,0.026136504,0.033807207,0.046955449,0.043939399
N-Docosanoylglycine,0.036459374,0.767962358,0.136887696,0.281726446,0.027883496,0.02966624,0.121676082,0.053683081,0.688230191,0.092949048,0.06148216,0.040987636,0.037869399,1.790149296,0.070605731,0.046058425
N-Glycosyl-L-asparagine,0.328442261,0.16791123,0.615488566,0.635688832,0.417106749,0.212676667,0.460839654,0.058946293,0.164510366,0.155802506,0.28327354,0.194063032,0.084356347,0.033507995,0.103388396,0.455497955
N-Heptadecanoylglycine,0.134738779,0.099559962,0.136144075,0.083505554,0.187318032,0.066724585,0.075128937,0.156450528,0.218052355,0.074160648,0.06564869,0.16151801,0.121894157,0.076731391,0.297803029,0.105405352
N-LINOLEOYL-4-AMINOBUTYRIC ACID,0.073887681,0.138194191,0.057696746,0.05643978,0.067560373,0.092580785,0.050300576,0.081519463,0.111739718,0.129955688,0.097731288,0.109540807,0.096635422,0.043502084,0.08163482,0.088018957
N-Lactoylethanolamine,1.315847993,1.306779153,1.29606729,1.414472928,1.530336642,1.20814562,1.063236247,0.597465726,1.032318238,1.953304095,1.571204213,1.711968687,1.467941457,1.587679666,1.496468075,1.899052739
N-Malonylanthranilic acid,1.090966574,1.038589699,1.164885931,1.202288755,1.349570199,1.634471367,1.754403605,4.073866067,3.264750874,2.739213561,1.272685089,1.225783207,2.190143649,1.731888607,1.58925963,1.60090852
N-Methylanhalonine,0.143186311,0.270509658,0.172690665,0.200106511,0.141539801,0.460800387,0.335858437,0.43714239,0.097075909,0.103451869,0.114291363,0.190365012,0.036905521,0.046837767,0.169872093,0.418188466
N-Methylglutamate,3.588500399,1.419879957,4.025009826,3.85534519,1.565560001,1.419966273,3.497579395,1.069442038,5.363730001,3.336897565,4.480934995,3.207471504,5.526303061,4.855353204,1.750093896,2.481680846
N-Methylhexanamide,3.67119161,5.216726981,4.084868505,4.532565784,6.656718369,3.1351115,3.704652378,2.827598114,5.578073886,5.435834641,4.196012245,4.757905827,4.831352526,6.096412953,6.545063651,6.145795332
N-Methylpyrrolidone,425.1765393,259.4202338,448.4405106,424.1310072,48.42585528,35.38557341,117.9943166,228.1615099,114.3190739,28.76415296,26.37458051,22.71256841,20.53762215,129.4042518,37.1480806,30.20018855
N-Nitrosoproline,0.329956109,2.624250193,1.204358295,0.664007364,2.389680599,1.152194562,1.675151038,0.150468191,0.126236575,0.113262441,0.913194664,0.141549607,0.122436317,0.948108591,0.148545841,1.996973918
N-Nonanoylglycine,0.300546826,0.427183785,0.042626928,0.405463752,0.343980039,0.24878614,0.113626904,0.515084234,0.039445065,0.044348313,0.516914022,0.086446266,0.454729921,0.608123446,0.854064452,0.386704882
N-OLEOYL-4-AMINOBUTYRIC ACID,0.030294434,0.050521591,0.027442999,0.030965468,0.033480958,0.091989741,0.027476746,0.043031637,0.058075428,0.036501764,0.040687218,0.033101488,0.028927092,0.035896528,0.064040717,0.047112892
N-Palmitoyl-L-phenylalanine,2.896745007,4.592098905,1.32401666,4.09397541,1.822066122,0.970792679,1.047898405,0.922979142,1.840714427,1.5110404,0.959505013,0.585892498,0.626785201,1.365890455,1.207547019,0.976222181
N-Phenyl-β-D-glucopyranosylamine,0.082242892,0.03804644,0.03089252,0.072683943,0.054969796,0.030969567,0.088942381,0.066661897,0.028107712,0.105878494,0.095725488,0.078724011,0.052135224,0.073040092,0.049766152,0.118783811
N-Stearoyltyrosine,0.027128404,0.041348955,0.029727079,0.033928227,0.02716122,0.02806049,0.032462038,0.036363861,0.027766362,0.035504653,0.036061391,0.029202697,0.061708158,0.039382723,0.054676236,0.037528039
N-Undecanoylglycine,2.573732273,4.780985397,1.646582919,3.366184887,1.654364269,3.458043027,1.57575633,1.43218988,1.446000265,1.045073064,4.515135953,1.929964738,2.142707089,1.442917661,4.241022685,1.298986917
"N-[(2E,6E,10E)-3,7,11,15-Tetramethyl-2,6,10,14-hexadecatetraenoyl]-L-cysteine",0.165454963,0.051375799,0.108033562,0.147680169,0.027893725,0.032213387,0.1058042,0.095988573,0.034101786,0.117854872,0.066519579,0.03883697,0.044733248,0.053884487,0.064607803,0.070734822
N-[(2S)-2-Hydroxypropanoyl]-L-leucine,0.555850828,1.078462203,0.782376093,0.763825383,0.156584965,0.444211445,0.641367749,0.329129715,0.369427137,0.117665822,0.228175713,0.829823585,0.374428834,0.97312937,1.3914538,0.405356305
N-[(2S)-2-Hydroxypropanoyl]methionine,2.649266482,0.896880766,7.864295056,2.216082321,2.381995519,2.031483478,3.374639658,3.270497313,1.702221222,1.510921735,2.847444894,1.177082464,2.154750971,2.122385415,1.368674783,2.279740638
"N-[(2S,3R)-1,3-Dihydroxy-2-octadecanyl]formamide",0.024296786,0.039276065,0.020191824,0.03263387,0.037691356,0.033472882,0.019631597,0.028465777,0.089208614,0.028999831,0.042849287,0.024693624,0.037790816,0.040267096,0.060501774,0.03114694
N-[(4-Amino-2-methylpyrimidin-5-yl)methyl]formamide,0.926456209,0.970621996,0.774072057,1.037715285,1.115923972,1.184268948,1.159184544,3.347847513,3.300571141,4.546630247,0.858281812,1.294963761,1.746287731,2.699089858,3.150062472,1.15175794
"N-[2-(4-{[(2E)-5-(3,3-Dimethyl-2-oxiranyl)-4-hydroxy-3-methyl-2-penten-1-yl]oxy}phenyl)ethyl]benzamide",0.244578423,0.0982924,0.118692997,0.154451404,0.138520297,0.180337611,0.233656921,0.374700292,0.217336759,0.221129684,0.218574503,0.36024366,0.154858835,0.143303984,0.244746412,0.13198507
"N-[4-(5-Amino-2,2-dimethyl-4-oxo-3,4-dihydro-2H-chromen-6-yl)-1-hydroxy-4-oxo-2-butanyl]acetamide",0.038432008,0.031932504,0.04017232,0.030079775,0.023594544,0.031824853,0.032839692,0.03800504,0.022273177,0.143394984,0.029290017,0.027152548,0.023215312,0.028108098,0.038662277,0.024691525
N-acetyl-L-2-aminoadipic acid,49.50625526,37.50931883,44.97096128,46.67368442,42.83914013,53.84831182,66.03489642,21.98280774,15.16647463,32.27712579,47.16903989,25.86387234,19.85290876,11.37733659,47.17177196,21.87001207
N-acetyl-β-D-glucosaminylamine,7.078829468,3.06275459,4.106916681,6.679869914,3.566421525,6.860347669,7.947523763,9.329083932,2.32763786,3.869929753,7.418338423,5.794770552,4.970837514,1.578895227,3.396685526,4.808759431
N-acetyldopamine,0.187407478,0.360632521,0.200390876,0.285703155,0.17575056,0.200120102,0.163704546,0.20289593,0.211460317,0.226432516,0.214296812,0.147308023,0.187043645,0.221765557,0.328209306,0.175496923
N-ethylmaleimide,2.763628754,3.031558818,3.641912128,3.269447283,4.025030464,2.579765671,2.802545441,2.079998196,2.267102922,4.015064459,2.074657291,3.175682852,3.241574099,2.120269064,4.689381887,2.705830699
N-lauroylglycine,0.051702662,0.171990086,0.090642953,0.136011396,0.027549805,0.066918072,0.658957513,0.99217345,0.135262425,0.088712066,0.084391671,0.056522034,0.096835877,0.266996001,0.058644784,0.092420747
N-valeryl-Glycine,6.777667698,6.333826307,6.854484962,5.421944581,1.412844541,1.069832664,3.472076107,4.023742727,4.736391246,2.920688265,1.097013657,3.037158604,2.599336082,8.698638015,2.590863033,2.023843358
N-{3-[(4-Acetamidobutyl)amino]propyl}acetamide,0.032646908,0.053689714,0.121645592,0.047726267,0.059882993,0.044569744,0.035868718,0.045332071,0.061286668,0.049962094,0.044181429,0.095337016,0.038454835,0.04279457,0.066060138,0.040825891
N.pi.-Methyl-L-histidine,3.546544113,1.703224345,2.812249901,2.170548333,3.450550764,2.109066527,1.796512326,2.340276997,2.196502952,2.163735782,2.399137177,1.297872666,2.128705153,2.876345649,0.681849036,1.511513115
"N1,N12-Diacetylspermine",0.595545862,1.48471039,0.874987166,1.372569278,0.774922735,0.668981589,1.339293278,0.298800241,0.210265049,0.1020873,0.975405202,0.286108391,0.32762051,0.176126412,0.796424201,2.149531263
N1-Acetyl-5-methoxykynuramine,0.754659739,0.712769262,0.681587583,0.70159455,0.611176763,0.726031034,0.609230841,0.51616181,0.57468508,0.517212438,0.717757604,0.540170434,0.699282576,0.673924207,0.664774105,0.739163467
"N6,N6,N6-Trimethyl-L-lysine",59.60239225,59.94563801,173.84404,42.887414,38.19210161,21.92196021,25.03418013,24.2869798,39.06001812,28.42594416,29.46150779,47.96822259,43.87280088,38.43093093,58.38031425,52.01301061
N6-Acetyl-L-lysine,34.95921658,26.74890526,23.69314986,30.49275212,22.6123063,33.66991261,37.64363291,55.62340263,17.90638804,18.60088858,24.90192858,43.78328185,31.49561,18.94344964,34.03258779,34.43920959
N6-Acetyllysine,1.273575198,2.585380368,1.51377126,0.535913888,1.216660846,1.09457661,0.654501314,1.468706698,0.716804585,0.661766499,0.369988879,0.366210774,0.573150648,0.525647852,0.594106019,0.604471948
N6-Dimethyladenosine,1.836412654,0.569785325,2.61573113,4.087903507,0.524043495,3.856991487,2.419507191,1.186735582,0.539535835,1.643059004,1.964810317,1.513288308,2.836992684,0.338116779,1.806669375,0.9017113
N6-METHYLLYSINE,0.254189753,0.299923361,0.22023055,0.215257289,0.196319094,0.109334948,0.291932301,0.118805545,0.270732949,0.184520408,0.232548978,0.066720305,0.106410237,0.269346328,0.107666544,0.147722684
N6-Me-dA,2.072422045,1.241021443,3.958238652,2.207224057,1.743373826,2.425613704,3.26687267,1.56191764,1.080690719,0.865621389,1.577628045,1.165348817,1.0233924,0.451042116,1.18666538,2.698781573
N6-acetyl-N6-hydroxy-L-lysine,30.9308942,21.98037672,18.56448006,35.28569945,20.80417852,34.15921243,55.71391964,77.20294208,42.69117263,31.5328969,43.04192552,47.56881907,30.75211085,20.32709388,59.71930605,38.50886794
N8-Acetylspermidine,0.42510114,0.371312174,1.373104414,0.468015642,0.216405108,0.248075008,0.211566938,0.289853366,0.257094595,0.242484793,0.323602941,0.182325398,0.340641491,0.191777281,0.441963113,0.364022784
NFP,2.240522477,4.907051592,3.392767082,5.577430876,5.697898973,4.370384506,3.928845264,7.866882439,5.362697993,6.74850624,20.70590802,6.989803696,8.880042963,11.69780015,8.137812498,4.194879908
NP-000124,0.270228971,1.078138704,0.289033148,0.762614659,0.697998572,0.740370673,0.805305092,1.030182718,1.359486394,1.649880984,1.548464835,1.191405023,0.83634513,1.769276963,2.23329397,1.278060305
NP-001445,0.536512101,0.343449916,0.15108458,0.301983242,0.354326601,0.533929205,0.309467815,0.793546339,0.752930396,0.490174591,0.551492189,0.347109977,0.523268022,0.493549495,1.267520554,0.730807114
NP-001596,0.421448106,0.7142419,0.441589839,0.80968497,0.367589861,0.888390992,0.954077857,0.685671888,0.084580203,1.172791654,1.153834697,0.881688038,0.553597143,1.225475855,1.888755717,0.593121149
NP-002322,0.043347511,0.123196776,0.065748073,0.078394305,0.092561355,0.139455312,0.166172984,0.271563538,0.126762978,0.063120379,0.209731155,0.32190395,0.228086461,0.068842954,0.228577591,0.174175359
NP-003692,0.236016319,0.389993083,0.165865133,0.253873892,0.53422792,0.545446589,0.397232934,0.549286392,0.518055849,0.653024042,0.335578444,0.583236655,0.307485642,0.21499467,0.64323643,0.510051173
NP-006656,0.040681451,0.05989958,0.071112541,0.076543205,0.037998886,0.041595231,0.081023089,0.145480775,0.111599031,0.056346917,0.206232823,0.046002376,0.108725629,0.057072166,0.075104935,0.05269621
NP-008952,0.232269887,0.416940264,0.052448568,0.292047784,0.228224171,0.278696069,0.049451275,0.324665625,0.459772261,0.555350693,0.534448674,0.405373254,0.427739098,0.628649642,0.753986886,0.471766368
NP-008993,0.109616641,0.109729008,0.121430268,0.073758169,0.169613834,0.10027053,0.096517602,0.071399926,0.074821542,0.084857463,0.070270215,0.075810282,0.077208381,0.075250613,0.106306125,0.179234473
NP-011878,0.281306116,0.452635987,0.243541013,0.061784575,0.077531563,0.293149572,0.328467842,0.301081289,0.355879231,0.071395105,0.6404517,0.381938533,0.362963636,0.469848294,0.666550787,0.238889041
NP-016582,0.028080938,0.035489598,0.02790211,0.032732461,0.021325658,0.02657775,0.025775061,0.03685284,0.027773219,0.038313849,0.04427794,0.030685463,0.028880454,0.033895959,0.058028768,0.036081969
NP-020156,15.51686573,14.36408141,30.38808328,13.70502893,11.96889503,10.04685339,12.19811117,10.36075024,4.003149147,6.038561547,7.679997543,6.086041635,7.823787828,7.678792774,9.807591861,10.56804517
NPPB,2.352794458,0.876310407,1.871044228,1.271961923,0.54403351,1.694672514,1.243866034,8.682916225,1.110974582,1.579918516,1.027587422,1.161926152,0.783055352,1.070822031,1.773157018,0.864185869
Naphthalen-2-amine,1.121063364,1.600684144,0.951921526,1.159802896,1.033898529,1.22973126,0.975414067,0.865801137,1.507280494,1.796843366,1.078740531,1.406992212,1.330007904,1.406995101,1.627950808,1.071208824
Nefopam,0.05789413,0.107506881,0.084976391,0.07595671,0.052191179,0.064585472,0.082560486,0.121856739,0.125609404,0.133609399,0.148350285,0.117570148,0.098205824,0.050680707,0.183186564,0.110343646
Neochanin,0.036952437,0.054471169,0.037098386,0.053877043,0.032778179,0.047752163,0.049052256,0.061063743,0.066910092,0.084382773,0.079473975,0.085534834,0.080360979,0.053489155,0.104956168,0.046090227
Nicotinamide,0.941803775,2.022307824,1.277048078,1.261481856,1.104462773,1.316886784,1.318866917,2.628658097,1.471456048,2.149933872,1.928312305,0.853423566,2.315205002,2.596621133,3.367510709,1.645826355
Nicotinic acid,304.0562597,325.5541393,431.2036527,268.9341905,322.0129122,242.0015975,263.3621948,207.0917081,297.6418847,296.8303377,268.3635607,380.0302844,202.4409296,290.6691281,324.7342261,339.3043593
Nicotinuric acid,0.194293075,0.349419312,0.192991726,0.092373348,1.858172788,0.326725524,0.289988106,1.109530032,2.510944526,2.55978406,0.258605347,1.013736011,5.076017408,3.536850648,0.852982096,0.732809568
Nifurpirinol,0.187677278,0.190647253,0.392903355,0.07653784,0.617760461,0.47117092,0.86912218,0.623683882,0.5798298,0.312101536,0.0892821,0.473921556,0.646093615,4.41355837,0.927337477,0.83747106
Nitrosoguvacoline,5.264185427,1.714392235,3.652671559,2.704165293,6.763950095,5.126331447,4.67147135,7.53372382,4.94826694,5.016388411,20.32429414,3.442574774,7.573928697,4.285119375,1.542104877,3.591737364
Nonivamide,0.026672878,0.031971348,0.024529734,0.027646261,0.021750614,0.024427722,0.030848629,0.047503686,0.037152158,0.035584015,0.0478007,0.026504533,0.024866039,0.029828717,0.054845739,0.045833244
Nopaline,0.525379397,0.251429976,0.698139584,0.569000434,0.279141155,0.331217738,0.631049316,0.271147639,0.523428281,0.091229158,0.594125326,0.110313294,0.192813465,0.163540056,0.122711733,0.355138365
Nordefrin,1.021061892,1.729142445,2.494546178,2.147553387,0.687131543,0.734473054,0.719141419,0.686464061,0.649384861,0.624838198,0.748880574,0.520121788,0.473169754,0.879498937,1.346297803,0.817723331
Norepinephrine sulfate,0.954152222,0.545011229,1.574094291,0.362566609,2.652382252,0.815004111,1.215376338,2.500248254,3.314040036,3.549257177,5.8102886,2.326521439,7.95011686,8.359351887,2.309075274,1.111522027
N~2~-(1-Carboxyethyl)-N~5~-(diaminomethylene)ornithine,0.159185165,0.119365183,0.142435192,0.190719129,0.094847619,0.085233572,0.108185704,0.072103732,0.057885404,0.072300053,0.113703362,0.275012869,0.075411616,0.101160572,0.275922887,0.347485039
N~2~-Acetyl-L-ornithine,16.65922957,10.8622033,10.73940036,13.63288002,9.334125681,15.27116778,17.77003241,28.0739329,6.233533565,8.50739167,12.45746722,13.19481852,9.543199412,6.0718109,10.34462787,13.05312063
"N~6~,N~6~-Dimethyllysine",1.043150601,1.349521787,1.250726316,1.038876981,1.234395454,0.700864752,0.861208656,1.404197094,2.606322851,0.629201692,0.834527734,0.683867561,1.001873363,1.591817655,0.970219151,0.964865477
N~6~-(5-Oxo-D-isoleucyl)-L-lysine,2.69547615,1.691702059,0.556123832,1.47182587,0.958068414,1.83508029,2.774203053,3.097481749,0.427432606,0.344486519,3.094229969,2.680775595,1.667784262,0.487488201,0.823343546,1.540345237
N~6~-Octanoyllysine,0.038181516,0.063925629,0.040580394,0.045759218,0.037443976,0.045827691,0.040887675,0.052723981,0.041477927,0.055238576,0.050014343,0.043994845,0.04735383,0.056398234,0.072568706,0.052834297
"O-(4,8-dimethylnonanoyl)carnitine",0.648200749,0.859518078,0.847094237,0.56522653,0.999677736,0.723191206,0.560917996,0.462593226,0.937095042,1.098754463,0.722234141,0.878748451,0.70933547,0.734939301,0.945682239,1.012960603
O-heptadecanoylcarnitine,9.129970246,16.56572392,7.046954043,8.826846709,11.24006476,12.99099047,10.17088401,8.637755279,13.83832817,6.949441085,10.10513811,14.33650111,13.18734723,8.941735809,10.37392774,10.13746463
O-heptanoylcarnitine,0.10606033,0.181034562,0.126211842,0.057419172,0.154937293,0.181925563,0.177388613,0.102170602,0.188055013,0.197649799,0.093019755,0.111293259,0.114665361,0.032850653,0.299200458,0.211933683
O-pentadecanoylcarnitine,16.9765603,28.89944169,14.72792557,16.0761762,15.88216107,10.81205795,14.20939251,13.47008702,17.4182261,12.32027485,13.4555398,19.18336754,13.01608455,15.28032975,15.69114847,18.37741243
O-propenoyl-D-carnitine,3.02883712,3.17712582,3.286219317,3.456399606,2.668594173,2.743606321,3.027534962,3.221683461,2.875624431,3.236264663,2.88286946,2.291571962,1.991528162,2.917372244,3.17067109,2.5180941
O-ureido-D-serine,2.344628571,5.555385353,5.474583244,12.19758049,4.689081479,4.098794932,1.499066093,4.210418886,2.166546493,3.812626077,2.786673664,3.804714415,2.466853902,7.04375286,11.11938997,8.424965044
OLDA,0.040157718,0.040492728,0.028989772,0.050936691,0.030891793,0.05006601,0.049277838,0.051138845,0.040383512,0.050072294,0.037960574,0.044625342,0.036037687,0.042970394,0.063824792,0.031545451
Oleamide,2.400117261,2.933668481,6.3579433,7.387609844,10.15490194,2.318572489,2.964217294,2.013323715,3.528204932,1.783978481,2.695266556,1.974498765,2.014428064,13.170963,3.179907048,4.303792103
Oleoyl ethanolamide,9.652835183,8.448335273,8.365668294,8.232511175,10.2615447,14.39415639,7.558537326,8.767627591,8.256585659,6.303750777,5.260929678,6.659775603,8.000436305,8.77204329,11.312878,13.80276948
Oleoylcarnitine,911.0518671,976.2856826,675.2396497,854.4510416,572.5767224,663.0905858,665.1701317,733.4383999,815.1961288,859.3608095,756.267185,887.8256422,741.758618,891.6209224,1022.064432,970.8439031
Orphenadrine,0.074261685,0.099494808,0.051749074,0.091287196,0.066970787,0.054039163,0.118384174,0.059192566,0.07491962,0.084615459,0.074723155,0.055662779,0.09422466,0.077898247,0.159095981,0.064276055
Oryzalin metabolite,0.093908682,0.082734146,0.12074805,0.050262532,0.07188071,0.055607332,0.104942375,0.175138776,0.185042778,0.206556265,0.143394464,0.088045357,0.052380466,0.188414462,0.0652257,0.061973823
Oseltamivir,0.596062757,3.753547195,4.325577862,0.550950447,1.735623153,1.140511126,0.993174775,0.59112998,0.33889718,0.403678946,1.22132185,0.53094237,1.392684575,1.026016341,0.217902446,0.284774128
Otonecine,3.803555792,4.66239656,3.385939724,4.210929971,3.98412448,3.231521641,2.393873409,2.05407897,4.592414246,9.585066692,2.327510348,4.130480454,4.083793804,2.520024353,6.155073869,4.677643468
Oxaceprol,3.925497016,2.840027584,3.262408243,3.364192753,2.400891002,4.1916725,4.005514428,5.017768196,2.126582418,2.661231163,3.6237733,4.314234997,3.258017105,2.186761119,2.873021183,3.984837484
Oxadixyl,6.22908258,3.090955204,2.991338589,4.304305002,3.376759903,5.160436954,5.806221117,6.003751443,5.507018632,5.294657041,7.048515378,4.685726901,4.776748985,3.237090802,3.622304857,3.855955657
Oxagrelate,0.089642758,0.057975651,0.195470454,0.061253239,0.061286749,0.085015745,0.125320306,0.105447772,0.085556313,0.064136204,0.071766261,0.054103611,0.148564085,0.09294879,0.166308082,0.097545477
Oxotremorine,0.442761147,0.379014594,1.178656993,0.244578263,0.157970552,0.161158343,0.30024911,0.186748259,0.113577307,0.113690509,0.112095431,0.072328696,0.087542929,0.247720548,0.089500461,0.095156979
Oxprenolol,0.337608042,0.458704561,0.327624191,0.361493672,0.466346392,0.342271429,0.345783211,0.384901847,0.396160403,0.436113077,0.228484474,0.361862988,0.329622889,0.406885151,0.425632062,0.394352385
P-COUMARYL ALCOHOL 4-GLUCOSIDE,1.292173773,0.609254575,1.647627003,0.769799583,1.445291429,1.106034399,1.403970014,1.184628434,1.67868996,1.727436818,1.29718436,1.41354764,1.278468975,1.613671416,0.924911161,0.729500634
PC(16:0/0:0),2199.360855,2204.637508,1693.188269,2172.476764,446.2172623,1716.538793,1415.800434,2889.234828,1752.185179,2058.571286,2640.42753,2461.724007,1809.887925,1044.983934,4677.949236,2051.756808
PC(18:1/0:0),64.82580966,29.3419096,29.92377052,73.00585108,28.36482165,56.50004873,75.15165716,40.77511652,37.77745982,47.59809605,77.48551663,52.21049612,34.87607731,31.57187872,80.32704343,60.47114206
PEG n12,33.26814806,51.4614674,27.60475126,32.23337632,40.84625121,36.4281641,26.13906271,35.41998442,35.14497015,44.51564656,23.6758372,32.21066749,32.60219958,34.46917993,51.72192442,33.44830304
PIVOPRIL,0.328338948,0.400018024,0.220513219,0.426781102,0.046898003,0.061637517,0.46043429,0.801952734,0.204882368,0.5108098,1.434009949,0.24574352,0.426393324,0.573795863,0.567689964,1.351841964
PYRIDOXAMINE,1.553002427,2.581868707,1.488276827,2.591419625,2.392696983,1.689149259,1.807550677,2.329662094,3.960263771,3.094158102,2.019037901,1.753453225,2.98991477,2.861306405,2.454503226,2.444791734
PYROQUILON,1.086090186,1.428823194,0.434518918,0.468917151,1.5105816,1.957110291,1.272420983,1.132330201,2.195173705,2.133828645,1.646904629,2.103999191,1.49465274,3.191871549,1.580606161,1.188677062
Palmitamine,1.385987148,2.691913507,1.741371034,2.327027327,2.373735344,1.69293422,1.406269814,1.787837433,2.513866291,1.283134617,1.340929224,1.982062122,2.480917422,3.607274385,1.669835551,1.176887742
Palmitoyl Serinol,0.047950057,0.078008326,0.053575611,0.054080423,0.040596868,0.049269376,0.049380549,0.060175456,0.054507244,0.068511939,0.06420356,0.054329362,0.0815146,0.069887997,0.090510066,0.065348464
Palmitoylcarnitine,602.1090371,899.3766511,408.5432977,605.1666314,487.396288,582.7562367,473.2192093,592.5784096,903.2676484,584.9452029,674.4881527,750.6066584,802.9165613,552.9350163,690.8296178,499.4384352
Panthenol,0.155548943,0.287895702,0.169801927,0.164304388,0.120500973,0.16053154,0.158237855,0.20514344,0.266114883,0.306704106,0.323629996,0.225074423,0.240998989,0.272960102,0.409628567,0.314521264
Panthenyl ethyl ether,0.240800959,0.204641553,0.161786279,0.240879737,0.293808146,0.291980905,0.19922012,0.188988729,0.208237679,0.310471928,0.211933596,0.236497126,0.340066152,0.269172502,0.270554599,0.237361229
Paracetamol,5.699678639,10.44134977,7.157806774,7.763339295,10.46145749,6.441612592,3.768484044,3.420700065,6.075561725,7.018717472,7.66926327,4.622587378,5.089687562,6.583941351,5.819610451,8.203965165
Parbendazole,0.02647822,0.038437468,0.028853656,0.031254316,0.022355353,0.026910768,0.02738725,0.032555082,0.026241472,0.035257182,0.035588129,0.026956229,0.027502347,0.034821098,0.049503286,0.033942786
Pardoprunox,0.038376118,0.037145396,0.031375951,0.031819058,0.039384136,0.044170548,0.029780113,0.040646279,0.068240932,0.041531369,0.035035488,0.030757843,0.02727466,0.034543346,0.050270605,0.031449675
Pefurazoate,2.364792117,1.435895523,1.295140774,1.509887871,0.72460812,1.434377496,0.576314877,0.514897602,0.560647374,0.325498698,0.625209053,0.359277101,0.380079979,0.262462377,0.197218554,0.199511247
Penbutolol,0.026271415,0.0393909,0.027802581,0.032226017,0.025084742,0.029584124,0.039371432,0.033709198,0.026090388,0.035566237,0.034549087,0.033254157,0.029209231,0.037693635,0.049000651,0.034851294
Penciclovir,5.073080948,6.451673686,5.373736981,5.679061511,7.546632676,6.884337055,5.833440109,2.752822187,2.814073125,3.389968873,5.605237553,3.558680707,1.894602428,3.141255757,3.661344902,5.700526871
Pentoxyverine,0.039630697,0.041275038,0.038394137,0.049731278,0.066423793,0.062605577,0.052871494,0.030812557,0.074084907,0.061090681,0.051034605,0.066391875,0.057019964,0.082740087,0.047085657,0.083194147
Perlapine,0.04774956,0.054044806,0.040823099,0.034564746,0.034339103,0.028774223,0.030619909,0.035521546,0.031006359,0.036553982,0.065876166,0.032920027,0.07272451,0.03970755,0.051463699,0.047890052
Pethidine,0.025857678,0.052024743,0.035868593,0.044263628,0.021851134,0.024875076,0.0256747,0.063661182,0.028712373,0.034376271,0.033514947,0.02798349,0.0843716,0.104104088,0.175344797,0.097789223
Phenacetin,8.691320191,11.83282721,4.995460065,9.062164698,19.21471657,14.75902413,13.83458796,15.17898922,25.78567685,30.12023005,14.97235166,19.48739595,15.70891109,27.19084218,16.45680516,14.54093121
Phenaceturic Acid,1.519474755,3.759949764,1.360843417,0.453235635,20.4070798,3.468350109,4.117260476,8.915604466,11.7670612,18.80327092,1.484547854,13.22219623,46.27025684,60.48034093,13.63436752,9.337587716
Phenelzine,0.029472294,0.093905744,0.032922503,0.033584923,0.028649196,0.041152405,0.029844453,0.037669429,0.079695955,0.100854122,0.092072783,0.067462617,0.06577933,0.072740504,0.155091919,0.034239635
Phenethylamine,11.93137934,14.53222977,3.208035051,10.90498299,13.89121705,11.753917,12.75992546,10.46694956,15.19263056,6.342352335,9.762401933,1.37319424,0.858994708,6.778751451,1.165920529,1.161983539
Phenyl sulfoxide,36.41675481,50.72507262,45.88799682,34.99792321,15.85697979,56.81928538,51.29591903,48.09094927,18.14301768,25.06389591,28.24899844,32.53408258,14.13898379,10.99830524,37.27492765,23.96290131
Phenylalanylproline,7.07447091,12.52594634,9.134536368,16.22823619,15.53406578,19.24973535,20.59005039,20.40397326,13.62729,19.5003311,28.03339424,14.16572331,12.7844697,8.921913532,12.73757884,16.33681971
Phenylbutazone,0.074537806,0.071858565,0.165219007,0.058939084,0.041229636,0.186697432,0.051022884,0.067172346,0.082124198,0.063560594,0.066368767,0.161201306,0.164860798,0.066428865,0.160827091,0.060629803
Phenylglyoxylic acid,0.963719013,0.795232248,1.348010114,0.756575622,1.237374211,1.26110895,1.461096612,1.053323361,1.164237393,1.56448419,0.844468782,1.255354607,0.942888069,1.461525526,0.833336472,0.673444881
Phenylisocyanate,0.117405034,0.036100052,0.101187777,0.106530277,0.584176532,0.027363522,0.101053084,0.123733108,0.476648231,0.373671018,0.03546202,0.159010739,0.85717991,0.233784611,0.048569191,0.11922286
Phloionolic acid,0.195617239,0.17412697,0.208866793,0.197334966,0.172895843,0.209205675,0.211563545,0.348043539,0.19835044,0.308558129,0.16217204,0.232790194,0.203405988,0.269828026,0.385024466,0.222586835
Phytosphingosine,0.083173264,0.839344807,0.297431021,0.537680869,0.04518535,0.052001843,0.22874097,0.266323002,0.04565586,0.186833273,0.276107963,0.066364492,0.374722105,0.057734197,0.399724658,0.277273158
Picolinic acid,16.71839334,20.45830367,19.60457361,17.53723884,21.98924182,17.38487501,16.32599206,15.78723859,20.07777816,15.0589341,20.92024399,24.75490404,5.457158404,21.5482358,35.47060767,18.35340513
Pilocarpine,0.043990352,0.061676211,0.048275029,0.045021528,0.039945251,0.047522391,0.04154525,0.061972927,0.042470448,0.06003917,0.069235,0.044270298,0.039367034,0.06044706,0.069786754,0.062662673
Pindolol,0.026374814,0.041095275,0.028412838,0.026962465,0.023213767,0.024917441,0.0231356,0.112447439,0.023644589,0.057702526,0.032140592,0.02467529,0.02495126,0.035528229,0.046268359,0.027318053
Pipecolic acid,23.55708662,25.1116737,28.70049867,33.49082271,26.41993396,16.31058867,19.55467849,17.70202589,30.11870796,35.27644851,21.8885078,23.46699566,31.42222239,33.75587721,31.66580503,27.71358744
Pipercitine,0.017288684,0.030260551,0.017364973,0.019550858,0.015981372,0.020286801,0.020984501,0.025260809,0.016928481,0.02555453,0.020698285,0.019268627,0.019555305,0.02393551,0.033385484,0.024437437
Piperidione,0.028406244,0.037759288,0.026423697,0.026287465,0.066927078,0.022771066,0.089348878,0.106487099,0.105500585,0.02660083,0.128330811,0.10670365,0.114006636,0.031695753,0.179350455,0.124581561
Piracetam,26.34829307,19.63694643,21.24205911,22.86924522,19.50634483,21.14106436,24.57304254,36.24224994,18.26176797,19.9177329,19.05404577,18.33229581,18.83850321,24.2475953,19.45432173,22.51971765
Pirisudanol,0.031738116,0.042624274,0.023691697,0.06987877,0.061041647,0.076345878,0.037438811,0.100676905,0.022570646,0.139598568,0.03048121,0.072443473,0.079111124,0.029450429,0.073559642,0.058394963
Pivagabine,4.433598932,5.544826029,2.392041868,4.499465336,3.539200201,4.002764309,3.36515308,9.39225308,5.206257396,6.212352612,3.533904488,4.487669513,12.90121218,4.486716748,4.96010527,6.72283761
Platelet-activating factor,672.6606995,1273.309469,717.409044,755.8399422,482.2958759,184.067854,613.4443311,366.3888441,689.0239642,600.9950908,1060.449653,561.6857459,521.5850903,455.867405,459.6481772,756.9367756
Pregabalin,39.00335182,26.48410208,41.4834752,33.77017833,55.18691377,18.4242587,22.89265695,17.19011843,42.72602224,49.03715086,40.14127814,14.12570465,18.70596545,87.62788287,22.65777487,38.84608677
Primaquine,0.506138647,0.244270235,0.54711483,0.476538398,0.09354814,0.081583563,0.128358346,0.064452449,0.183842174,0.067327889,0.22327073,0.026476632,0.074109412,0.133080045,0.084807256,0.160660697
Primidolol,10.67559608,11.81845276,8.122345736,10.24784225,15.22744335,13.82883562,10.20772176,12.72747214,9.570753741,13.44706219,9.259445598,9.857301941,11.6888494,14.74781345,13.29070422,10.2172068
Pro-Pro,6.585767949,1.744060258,2.749562251,1.801499824,2.238990761,3.102773919,2.19121684,4.828419703,7.843907987,4.093242396,2.496800026,1.944885198,2.436531709,6.757195362,3.839658006,1.967002057
Pro-arg,1.364773459,1.596964973,1.894407569,1.759065725,3.435615882,5.404785839,4.321859052,4.751402957,2.461262225,5.253662421,3.928410574,3.967675388,4.122567388,1.881956113,6.352346464,3.864334352
Procaterol,1.611697595,1.27480946,2.124676293,1.527026386,1.890974068,1.461502555,1.505163667,1.790421996,1.811745261,2.177013288,1.480568729,1.302917136,1.147780863,1.876291794,1.374132088,1.197502292
Prolylglycine,0.477766108,0.512959077,0.377520682,7.050909915,0.358192274,0.08523999,0.276990949,0.277230672,0.191490993,0.132604033,0.303224884,1.658304505,0.193261516,0.248749031,0.254923217,0.263420417
Propantheline,2.817325489,0.622510383,4.980190093,0.589987916,0.331034302,0.275937629,0.569972643,0.101129989,0.1053134,0.032509634,0.437830334,0.083118689,0.045070654,0.148259731,0.05949736,0.449630527
Propoxur,0.290650747,0.378540555,0.039456033,0.279016097,0.240570648,0.331105589,0.276978959,0.043531581,0.32416036,0.419556286,0.335645303,0.301434625,0.298949833,0.341569901,0.453450785,0.336722922
Prostaglandin K2,0.292263219,0.208121002,0.278290713,0.091949246,0.453872212,0.427351807,0.397834232,0.256832366,0.252974011,0.395959143,0.172363485,0.420538383,0.185335441,0.343742926,0.132679447,0.225306071
Proxyphylline,0.156464645,0.380460941,0.206441789,0.165730728,0.137469623,0.126545281,0.15680149,0.127797927,0.084567272,0.097115294,0.164798638,0.115057819,0.092852401,0.097538632,0.145337912,0.136584131
Pseudoconhydrine,1.010543579,1.280279169,1.128220181,1.103627331,1.92888415,1.178066697,1.209402659,1.149812216,1.311779296,1.330906936,1.000614899,1.277620027,1.129702671,1.552453935,1.455298748,1.351024252
Pyridoxal,0.325492518,0.658211165,0.406871602,0.566261717,0.412826161,0.516430279,0.555892936,0.635856982,0.373419246,0.55972305,0.646653904,0.470011398,0.484388798,0.601342394,0.862400497,0.530899349
Pyrogallol,4.3947322,15.58301202,5.180305272,4.290579571,2.742937348,7.590332505,5.648652036,5.562592534,5.66382795,12.65022382,14.35378927,10.45895364,10.69046786,6.899213782,15.53586403,10.2350496
Quinaprilat,0.419498064,0.308023302,0.134913054,0.578163337,0.184826567,1.080747071,0.191668847,1.32616678,0.946881019,1.602733636,0.305228191,1.190881206,0.814694805,0.194788844,1.540008663,0.397395777
R-Palmitoyl-(2-methyl) ethanolamide,1.064956642,1.48142767,1.798004219,0.900834074,0.740823802,0.833553454,0.792606555,0.585070111,0.486126944,0.33165262,0.208143686,1.297409324,1.207672078,0.215796937,1.228718336,0.596217675
Ranolazine,0.041600237,0.064028985,0.064083073,0.048539556,0.069881196,0.114429558,0.050873666,0.056813818,0.067658616,0.180624477,0.056098379,3.370652669,3.512530359,0.197133326,1.907961704,1.56468097
Rhynchophylline,62.01670705,86.50241356,58.0035319,75.17937237,77.38373493,88.77163579,72.21816057,62.87795919,2.929560898,11.75397556,8.358028169,91.03457788,92.68947184,16.33240714,105.0736598,81.022791
Ricinoleic Acid,0.803153784,0.905599968,0.987083264,0.982529451,0.693930709,1.138154552,0.942464518,1.636902567,0.854185085,1.13555918,0.53807988,1.051580921,1.082092735,0.414398077,0.858661025,0.948647746
Rilmenidine,0.114463322,0.12463763,0.151024616,0.12124202,0.100567318,0.087550078,0.102376355,0.080673429,0.061866059,0.071045693,0.105617964,0.077735114,0.067496368,0.07135539,0.096803388,0.127052894
Rimexolone,6.665417519,8.260868953,3.45591299,4.094460957,6.52727466,9.05318045,10.99192269,17.20733079,8.687245949,12.1528575,6.367987018,11.10564212,7.130352038,10.97552969,11.7180061,7.196968548
Ritalinic acid,0.358826468,0.407966252,0.752193579,0.556365354,0.60667728,0.380492831,0.305486001,0.355099984,0.389356795,0.332202885,0.42533593,0.228555131,0.258851205,0.35742598,0.42339934,0.564478104
Rolgamidine,0.078741138,0.111766816,0.103114085,0.071376821,0.072513346,0.072272434,0.080800349,0.049494936,0.05443143,0.059828979,0.084818352,0.063254785,0.052385426,0.075146124,0.081172315,0.084805042
Roxatidine,20.00766117,41.12031613,14.72520057,26.33040174,26.09615373,14.88387701,20.69031815,11.95277637,55.79327128,79.35905241,24.0136022,35.69214089,36.50499479,49.11513589,51.00779905,48.2801424
S-Aminoethyl-L-cysteine,6.108937026,11.63932241,10.71016627,22.13704021,7.902561241,8.288351921,3.590077886,11.67214475,3.385590736,7.256664305,5.162500654,6.729506931,2.537595715,7.284670756,20.67892813,10.7820185
"S-[(2E,6E,10E)-3,7,11,15-Tetramethyl-2,6,10,14-hexadecatetraen-1-yl]cysteine",21.91475405,32.01030192,11.54866638,28.78852629,23.81373978,14.82176489,14.91301437,8.015432084,19.70030969,27.80824399,21.82018315,17.04171256,19.47866284,24.43458377,20.12414824,17.68561707
S-methyl D-thioglycerate,5.66515471,6.309977449,4.39627933,6.651096505,6.018313367,3.870486744,5.884254257,4.857972538,15.00571257,12.04302915,5.987659971,6.283184933,6.867325548,13.2475621,12.97175447,6.609551624
SECONAL,0.027265755,0.038190119,0.027043707,0.029771873,0.024786672,0.027239315,0.027235764,0.03250967,0.02913896,0.037250709,0.03547886,0.029948046,0.090638803,0.060093505,0.051067827,0.059133028
Salicyluric acid,0.10271045,0.086041719,0.073863902,0.102667408,0.063433103,0.090232248,0.086762345,0.082448162,0.05472076,0.047412039,0.095148836,0.063542752,0.058232929,0.069174781,0.065105018,0.109396708
Samandarin,0.038653907,0.055900339,0.038364131,0.044046597,0.023621557,0.0292631,0.027076476,0.043531971,0.035138542,0.040777471,0.037833391,0.034657748,0.030686191,0.046891171,0.059466974,0.038354394
Sarmentosin,0.456811148,0.633819628,0.650935659,0.471889381,0.311014956,0.103476626,0.192519138,0.163910193,0.106894874,0.403282179,0.433186981,0.210143677,0.181894973,0.177811013,0.198621176,0.192190481
Secnidazole,0.245374447,0.414447982,0.245707149,0.168984623,0.295391402,0.267556726,0.219454986,0.197074824,0.375553729,0.428045492,0.24272533,0.321686084,0.261929403,0.343053439,0.351630315,0.262867438
Sedanolide,0.471912478,0.218206264,0.37077587,0.582293473,0.292738705,0.461128192,0.665778602,0.512086948,0.570749729,0.766572537,0.56235863,0.395738919,0.396863558,0.817362695,0.569051077,0.640537754
Semagacestat,1.098831276,0.136211372,0.316759967,0.247035646,0.198244133,0.050198197,0.288016925,0.204255565,0.191782853,0.195363618,0.144366352,0.231864453,0.433680734,0.150101654,0.244342617,0.075454999
Seneciphylline,0.537764347,0.567969048,0.517945928,0.567398325,0.77103394,0.377039635,0.643530051,0.438526622,1.280890661,1.15385174,0.718917688,2.023066354,0.771526204,2.190115684,0.984432102,0.741388504
Senkyunolide A,0.3190281,0.583944253,0.412353736,0.362466949,0.029095385,0.359648263,0.028535124,0.396659444,0.607874889,0.721755429,0.686415041,0.526312867,0.637239361,0.038315409,0.052689672,0.69987901
Ser-Ser,0.338032822,0.69222617,0.476895446,0.372904978,0.668356074,0.447592084,0.697174016,1.003411826,1.417596535,1.031597775,0.649356638,1.220826821,3.486003741,5.547201187,1.178810148,1.011568618
Skatole,1.337446165,1.093500693,1.106076214,1.46663227,1.138995825,1.783054001,1.420962774,1.280097674,0.666780048,0.681804953,1.834642954,0.90212901,0.668286699,0.620341499,0.806271034,1.492975625
"Sorbitan, monododecanoate",0.26544405,0.467097059,0.226568062,0.094586139,0.28604872,0.165988668,0.127022285,0.327122313,0.339508151,0.283023888,0.282434792,0.311188213,0.515693881,0.432224118,0.360470127,0.321982581
Spermic acid,23.77172024,16.39344373,14.04793472,21.54944849,11.46936541,25.37053431,31.19473208,45.82139706,10.45739767,18.76143977,18.88947318,21.42370946,19.12449253,7.826591778,18.12082952,15.25469266
Spermidine,28.65986628,1.389612874,28.5744264,8.085862345,0.623238253,16.89385315,13.21298183,32.12857216,2.612236847,9.834657228,1.537681439,24.22292275,15.5580457,1.903773036,29.62001036,11.37244468
Sphingosine (d18:1),97.77847639,696.9181566,200.6353877,245.9900743,89.53023659,179.4744149,119.2810763,346.5273069,216.5664783,326.3372245,272.6077609,88.22383921,338.2606516,266.0537396,644.5441817,376.9370664
Spiroxamine,0.019760258,0.024751644,0.01882807,0.022650275,0.015093733,0.016688532,0.016095489,0.025865187,0.017733018,0.019141751,0.023313288,0.01807746,0.020720191,0.022408083,0.035401207,0.021473271
Stachydrine,11.94384591,6.926848223,13.37632452,8.829589497,41.72425842,31.83425694,21.84285305,21.74943915,9.241643632,8.349265038,11.59347856,7.086583015,11.07128795,16.27175263,6.085682656,9.68049368
Stearoyl ethanolamide,21.20068378,43.70593692,20.95401737,31.23863356,31.97080893,31.92774888,27.0837179,29.14118798,36.93112774,6.996623889,31.0904944,21.1422071,46.49489789,26.5606955,38.63298665,11.95371198
Stearoylethanolamide,0.705342947,4.193092946,0.911326351,2.231615633,2.495569282,2.333967193,1.583602487,1.333833002,1.117687613,2.33092404,1.586836786,0.499190427,1.486954383,2.08954608,1.944198052,2.39631149
Stearoylglycine,0.070909033,0.11450717,0.057424646,0.092007371,0.048397775,0.089238938,0.054771915,0.07500638,0.11243005,0.120604135,0.12881467,0.062362429,0.11534947,0.084570964,0.094619135,0.068377829
Stigmasterol,1.892955881,2.379039144,2.573374341,1.627816352,1.529818691,0.936031325,1.379560992,0.917371764,0.951410178,0.802268702,1.32001848,0.951823179,0.334648472,0.896323925,0.817802902,1.206541357
Styrene,13.37586733,16.18323534,3.599354463,12.24813347,15.63969529,13.16736702,14.33901199,11.69625902,17.01763066,7.077614767,10.93119883,1.496801168,0.878173902,7.533396313,1.263190069,1.289476523
Sulfallate,1.591906687,2.070324007,1.577824748,1.363533475,1.46207386,1.274624747,1.146898831,1.602198935,1.039455967,1.497094897,1.338999928,1.206587876,0.916612211,1.407900427,2.013396591,1.216909637
Sulfurol,1.974777651,2.097774947,1.232533704,1.916333848,1.341072146,1.561021869,1.107920344,0.117078748,1.199912909,1.805056003,1.255121179,1.420651681,1.565108449,0.941928288,2.011589632,1.699418893
"THREO-SPHINGOSINE, (−)-",14.12958648,24.4152849,13.19493307,21.84096177,21.86016921,24.91683417,13.76053591,12.10416419,21.95915666,9.158305018,14.39742152,15.31310593,16.99230416,15.22853951,19.04098444,16.02991907
Talatizamine,2.252442494,1.777957643,2.137294198,3.052978612,2.515271556,2.466451858,2.908637074,4.1449381,3.095714697,2.713281269,2.726513644,3.146113685,4.735463868,3.262991439,5.2671025,3.585027677
Tapentadol,0.029397401,0.042816057,0.041794666,0.039079403,0.024967799,0.026765796,0.026793432,0.034143924,0.029604111,0.03996386,0.037211179,0.03390692,0.032209787,0.044086863,0.052332223,0.034644883
Taurine,4.776659166,8.313878231,1.544060849,3.339668173,2.491277122,1.73844938,1.074795272,1.055537236,3.122798347,3.584669106,0.239585026,4.136373449,4.434992404,4.489507146,3.294760315,1.676442471
Taurocholic acid,22.4306086,17.42251022,11.30944648,14.32050171,11.90300585,27.67615728,13.37787276,31.4000491,20.01474572,32.06650299,26.89417141,108.8600353,25.17982195,34.45182391,28.91392739,26.06765556
Tauropine,0.386452583,1.036145215,0.502772683,0.375053676,0.811795893,0.657846383,0.392316634,0.55000542,0.667682464,0.881587762,0.81254451,0.728482378,0.762783841,0.930821488,0.94516096,0.949075611
Terbutaline,1.674466111,0.599966212,1.984774527,0.917439658,1.45055903,0.90939547,1.627148713,1.685824929,1.116634662,1.305711735,3.031191664,1.318508307,2.244745271,1.926890016,1.202202453,1.223276659
Tertatolol,0.306641671,0.533572235,1.394618026,0.748551657,2.040143708,0.310388862,0.482642471,0.054362367,0.308661542,0.225405534,0.259216358,0.037817644,0.165730829,0.044721117,0.37540652,0.173503595
Testosterone decanoate,0.253743834,0.392069225,0.045487904,0.110202394,0.146979763,0.454822099,0.279731292,0.618402495,0.311044189,0.219334684,0.215406989,0.867278498,0.342972146,0.350140941,0.824375566,0.114519731
Tetraacetylethylenediamine,0.369275008,0.390063903,0.341048162,0.319153689,0.303328889,0.293967054,0.468714683,0.197474351,0.130301331,0.393722372,0.41575669,0.377242355,0.4092375,0.151211767,0.544342753,0.109685841
Tetrahydrogestrinone,0.346446394,1.084052498,0.275345799,0.644036752,0.361776286,0.251907117,0.307147075,0.344526606,0.48647948,0.508097333,0.526993047,2.215386297,2.23961496,0.992286149,2.39481454,2.953187253
Tetramethylurea,0.925819031,1.005146576,1.122845318,0.980884948,0.49518083,0.64841367,0.662826404,0.804394657,0.78923818,0.879807821,0.880835177,0.723549196,0.424539256,0.696933009,0.900778954,0.694963248
Thalictroidine,0.204464864,0.249474932,0.632912166,0.776735342,0.221912303,0.339214507,0.273396881,0.250799634,1.130675321,0.349649869,0.499459392,0.235768999,0.257557588,0.49077815,0.321546299,0.242721759
Thiamine,38.95293684,54.80418265,28.47568447,46.65296804,33.06834156,45.08878241,28.39125877,0.827718947,28.69194467,28.43617225,26.34988622,31.0662907,29.18267717,25.24290375,52.6527717,41.03092348
Threonyl-4-hydroxyproline,2.184445734,1.078526693,2.553375814,1.607683517,1.125219438,1.171836992,2.035021125,2.749767199,1.688337013,1.786951072,2.213612853,1.542130224,1.926677455,1.965543376,1.903867354,1.517602893
Threonylglutamine,4.616288127,2.201451889,2.673927198,3.871156473,2.111852776,5.064215447,4.485528305,6.279514235,1.384221399,1.777962074,4.799352418,3.47342763,2.119493961,1.212094441,2.155923253,2.771913683
Threonylserine,3.444904647,2.121225739,3.316130384,3.201804798,1.754494937,3.115745889,3.395939182,4.471570346,1.649168069,1.9593731,3.291994204,3.2301477,2.406579668,3.700736683,2.429647984,2.635698271
Thymidine,4.292987722,3.319854122,8.630406136,6.406697109,5.252152376,7.815261783,9.787027851,5.412055238,3.880833922,3.819365579,5.189991635,4.2158062,3.74143391,3.220628845,4.756490963,6.627042952
Thymine,7.61655492,5.74710039,15.10655085,9.903777722,9.425640501,10.9884139,14.16206975,9.165839002,7.015149195,6.964216394,7.810998781,6.982294402,6.247990177,5.926257797,8.446091826,10.36562075
Timonacic,0.893955298,1.473619121,0.857935402,1.022129635,3.060275421,1.77363474,2.146593647,0.604200709,2.154484407,1.847299078,0.984243619,2.900588175,2.624945176,1.843066514,1.441587355,2.258121629
Tocainide,0.56910325,0.261469467,0.397145227,0.565450514,1.044198902,0.907464584,1.266166723,1.259113046,1.420807219,2.926351806,0.842669426,1.032250842,1.740463518,0.53291624,0.461957079,0.85113649
Tofacitinib,0.052100183,0.140214764,0.034818093,0.336203983,0.064743136,0.182622495,0.048469733,0.049106883,0.035177672,0.03508086,0.031845394,0.176730175,0.043497431,0.035561449,0.255169223,0.173420943
Tomatidine,0.038307469,0.059868079,0.038242968,0.04417081,0.036182857,0.041092006,0.041826485,0.052424609,0.039199418,0.052903238,0.052411396,0.044837192,0.043385955,0.054484145,0.074053733,0.049124884
Tomentosin,0.089316389,0.25095313,0.072965752,0.183343936,0.19662189,0.066988275,0.263465925,0.138999496,0.216350939,0.333344423,0.074173508,0.064821743,0.235617772,0.092704159,0.442773174,0.088827242
Toxopyrimidine,4.8862883,7.858883792,3.109024853,7.307747096,7.60509039,7.679593616,5.833104508,5.061146896,10.27880883,12.62093476,5.496786509,6.044565299,9.137547226,8.117161997,13.29824104,8.405413536
Tricetamide,7.919356381,13.18513241,9.599310541,11.1736003,9.574804463,5.128198028,4.860776868,2.415709194,7.213526907,10.07100855,4.091570638,5.656022376,6.522054948,6.090412037,7.474596555,10.04736771
Tricin,0.042858858,0.067382813,0.050902322,0.052829002,0.041453396,0.087946708,0.071986992,0.075204897,0.050117106,0.059453775,0.062416133,0.117997077,0.052883948,0.063212383,0.167264945,0.093955591
Tricine,27.72677975,40.47698278,23.33095545,27.55792088,9.569551684,27.49454672,27.09334071,32.93743025,24.77695037,23.45823747,28.76185043,26.84527764,20.59069548,22.12202533,33.74520821,32.71984189
Triethanolamine,0.677421796,0.272342652,0.143882592,0.13327048,0.134078631,0.154044949,0.148023602,0.127806117,0.780861904,0.488814763,0.37055822,0.581163082,0.116621353,0.203089905,0.153189758,0.158986337
Triethylamine,15.09513882,27.26130452,18.40664109,16.19632324,13.18962915,15.04304011,15.13482108,20.25279661,14.01193389,19.75588066,23.68532767,16.62202487,15.91191622,22.28828499,31.52414817,21.37675515
Trigonelline,29.26294306,16.96614174,42.41255374,22.32333078,29.64572314,23.40771261,30.58470646,28.8089351,18.37399499,17.91039563,24.52627925,19.08700789,18.91530072,16.44256514,17.11383767,26.93556228
Trimethoprim,0.025272868,0.035912648,0.026295146,0.027763845,0.030066475,0.024011966,0.042959336,0.031680301,0.024814676,0.031229368,0.030995795,0.030963051,0.026531394,0.033132629,0.046467776,0.02846839
Trimethylamine N-oxide,0.076197801,0.086734817,0.103498273,0.081308629,1.28951339,0.061933623,0.078611426,0.051408999,1.225742645,0.745311813,0.082620745,1.779342697,11.99478846,4.934379482,0.196667494,0.171326113
Tris(2-butoxyethyl) phosphate,0.272029052,0.434510884,0.341722517,0.245752298,0.103092814,0.140630012,0.189791223,0.258491199,0.114485676,0.131078576,0.214867237,0.099957654,0.123860311,0.328753865,0.34070008,0.081783424
Troxipide,1.070702357,2.47894076,3.494098976,1.841110747,0.455087961,0.40994598,0.603976504,0.509393488,0.178301406,0.297810731,0.050588375,0.231429363,0.211402464,0.280709546,0.705158241,0.123751296
Tyramine,5.834413864,6.88342371,0.478364222,15.97537864,15.14395995,8.243676195,13.94664383,6.011385356,6.35284995,7.072586418,3.903946044,5.115376549,2.07621633,2.668547962,4.152787771,6.336266547
"UROBILIN, (−)-",5.268369683,4.389618899,2.474171418,5.205393448,6.86828092,8.811006019,5.56031735,12.78000866,8.749148318,10.99705818,8.56099898,5.722094714,5.509219999,13.29241072,6.680530791,6.31563107
Ubiquinone Q4,0.040752005,0.067532277,0.037365974,0.058053009,0.039126779,0.051287093,0.069609771,0.138031703,0.049269088,0.075961253,0.054586845,0.056077388,0.068130851,0.055601994,0.088281632,0.053070408
Uracil,47.13742747,36.91148376,45.42949487,55.91000513,53.08752255,64.97077134,54.01448557,36.82760234,34.20555913,28.54361941,37.33394025,34.39421793,27.24331341,29.73510888,3.189306722,44.60245074
Ureidopropionic acid,4.75022753,3.583746473,0.745518706,2.960819512,15.29608981,4.897647684,7.13852616,9.064612489,20.09559096,21.5741222,11.40907824,13.37751816,41.10171066,43.75978313,14.28458619,6.759885362
Uric Acid,2.372937084,2.186211366,2.516336213,1.287996818,3.280925782,2.177787411,2.995254767,2.859704137,5.053651095,3.19629586,2.320741825,1.630767153,2.033065593,3.638790247,2.931266901,3.149425127
Urocanic acid,70.1002762,51.06522683,46.32493899,95.18631736,40.63537885,79.51219838,82.38006281,93.1647652,85.73248538,49.69170643,78.67765007,85.56242218,78.68161843,60.49622602,100.8326386,76.95635472
Urothion,16.90727867,17.91824954,15.99173912,15.4629137,19.51385046,15.35531566,14.93911737,13.06783158,15.71213994,20.84326606,13.08325095,18.71196733,13.09364912,18.37981484,17.6203098,16.62886602
Val-Leu,8.657590274,5.000639356,6.345868413,5.393185703,3.113430046,3.079061261,5.860134612,4.356532463,1.998628327,2.438458257,3.984440062,3.346000088,2.390680575,1.893235985,1.670289357,2.595422572
Val-Met,0.759007312,0.522039583,0.619859273,0.676626374,0.372934144,0.655363838,0.718923873,0.818037874,0.247106483,0.453740811,0.603357078,0.467918134,0.446871763,0.258436215,0.387184702,0.439954761
Val-Ser,3.473089662,1.455025507,1.334762154,2.027442851,1.275796721,4.633981758,3.656507403,8.817148838,0.939595907,1.612299127,2.952927612,4.091812554,3.106265972,0.870151002,1.375747587,1.63897786
Val-lys,6.013587369,6.638553639,4.836400104,6.502053826,3.304757034,5.347156384,10.00389885,10.30175759,1.056704848,1.207609033,5.537011445,4.573381659,2.377245456,1.134471728,1.553105957,3.588515586
Val-pro,2.406702273,1.071745296,1.360608936,0.719951972,0.365144623,0.843000599,0.393555553,3.378702124,1.026421485,1.573089197,1.427118719,0.192274969,0.184913684,2.913487956,2.19337803,1.047061894
Valeramide,37.08293478,50.99583999,47.89577137,37.84298228,33.32945685,39.46459497,35.0547177,44.47480856,40.90433943,59.20969557,58.11470286,43.80618262,45.43386806,47.10616816,94.02124551,44.26585727
Valine,1834.441202,1488.062303,1510.153193,1833.295617,1352.950026,1692.62268,1784.283133,1367.052308,822.0393579,785.5376158,1547.98228,908.8055844,744.6212711,686.7363695,936.9549529,1784.536688
Valpromide,1.820220927,2.729563963,1.852300984,2.370074258,4.920233447,2.958640368,2.488699995,1.952492636,2.562450589,2.837309072,2.232262742,2.586338226,2.447170412,3.075248083,2.753099692,3.336723691
Valyl-4-hydroxyproline,8.034470719,4.015593759,5.638244948,3.839107672,2.24189284,2.872965202,2.657099911,5.401460738,8.696646061,5.061418253,3.699659151,2.932026658,3.501616334,7.864785348,5.413218124,3.246465517
Valylproline,25.18224366,17.16493696,13.9607336,19.68769649,16.05253608,24.48335454,23.60537664,30.18523765,16.18972705,20.9605857,27.62915643,25.95700637,26.34470054,12.77046115,14.24604846,9.387686723
Valyltyrosine,0.539458041,0.683275728,0.698586017,0.739025259,0.651423229,0.717788419,0.649349168,0.593068542,0.52117055,0.551271281,0.709963335,0.493092506,0.448580439,0.457688389,0.708549998,0.775228525
Valylvaline,2.105726333,2.289404318,1.492447387,1.662673296,2.093688257,1.375240408,1.606246842,1.51408029,1.702103623,1.371300645,1.631529263,1.098429814,1.938138048,2.033831974,1.590997005,1.578532097
Venlafaxine,0.025135511,0.041993794,0.026792983,0.030588214,0.023419064,0.028279394,0.026903027,0.034154919,0.027255276,0.03497144,0.034304697,0.02859415,0.029590412,0.036766989,0.051063255,0.033453902
Veronal,18.02816436,12.25369858,12.08202892,18.17645178,18.08508131,16.75808509,21.2642481,20.9951518,16.15813798,20.0554406,20.99194648,14.44454594,17.42150036,12.38278311,17.25654181,13.78648766
Viloxazine,0.641946393,1.07585376,0.540814573,0.654938242,2.520786753,0.766247595,0.612279616,1.106890053,1.966353031,3.838495305,0.732344595,1.332723561,3.679180611,1.080738751,0.889226505,1.095542153
Vomicine,0.019778427,0.028274548,0.020417596,0.019899702,0.028232925,0.019771041,0.021521187,0.061755623,0.02099498,0.028046389,0.026947866,0.020401093,0.028826997,0.02809248,0.041306534,0.025219497
Vorapaxar,15.41889708,5.779047496,26.92437238,10.67429649,5.49895582,5.457612371,10.72179925,14.85143885,5.862811358,6.297185247,9.892440417,6.656827326,6.484841013,5.272537796,5.567147816,5.567407556
Vorinostat,0.036096717,0.05366804,0.055120069,0.04248321,0.031241526,0.027194685,0.027511275,0.035099842,0.035945208,0.035809065,0.037040267,0.027771368,0.034842407,0.050796993,0.118086442,0.033006479
Xanbon,1.370928441,1.882012072,1.348287475,1.258968185,1.775069268,1.353958866,1.091166468,1.372419023,1.091237256,1.499197288,0.759997721,1.305092482,1.226107385,1.40091515,1.11974033,1.019532843
Xanthine,0.17593246,0.213755586,0.288804262,0.309183433,0.190441183,0.272290014,0.261519928,0.174600215,0.029673933,0.219737664,0.283122289,0.285151327,0.231471683,0.171176969,0.128501094,0.192010053
Xanthurenic acid,1.099097665,1.671767606,0.890700196,1.362348966,1.47745213,1.019538155,1.001313513,0.926734066,1.14556128,1.222026043,1.197737977,1.152099786,1.132318446,1.645033357,1.58630356,1.317245459
Xylitol,0.540947947,0.345641346,0.587365781,0.531811096,0.036246361,0.032676382,0.116367127,0.344132903,0.153494029,0.051110689,0.053880303,0.038547275,0.056002753,0.241367279,0.068743281,0.049282244
Z-Gly-OH,0.066315499,0.061645321,0.054339446,0.035898944,0.023122266,0.04013135,0.048830973,0.054943648,0.068571838,0.087806837,0.064348557,0.046807958,0.054765259,0.045861125,0.06783093,0.078815706
Zalcitabine,5.421230118,5.73465241,2.634243234,3.644597154,4.083110413,6.509327862,4.141869614,11.05777569,6.151186526,6.685097998,4.910488596,5.980265288,6.365331706,6.27882717,6.31666571,5.614211157
Zeatin 7-glucoside,1.369837318,1.66616793,2.243234598,4.118642753,0.486559625,0.734378993,0.282203888,0.841815633,0.423763562,0.558327982,0.308546501,0.715510312,0.194950807,0.199511082,0.895857387,0.912140151
Zileuton,1.923665944,0.29046719,0.517113196,0.305725764,0.328905879,0.252597143,0.26813086,0.392609431,0.354198896,0.3486362,0.249454113,0.428402404,0.468896518,0.443778103,0.330195155,0.313785082
Zolmitriptan,0.285218827,0.241315422,0.469377181,0.282567177,0.206271322,0.136863873,0.216268452,0.217479418,0.129600621,0.107275597,0.150898077,0.050323132,0.164868994,0.04888664,0.104068317,0.229455047
a-Linolenic Acid,0.308332075,0.659817172,0.211618064,0.396902106,1.031717274,0.961927425,0.588686427,0.618576331,1.583985399,1.538209111,0.484174704,0.985950308,0.659731458,0.93053345,0.399911141,0.393931428
acebutolol,0.657473684,0.994853424,0.370430031,0.420715065,0.607971799,0.539104694,0.377172609,0.733638645,0.250983166,0.392254526,0.168712541,0.239274987,0.195875226,0.278025664,0.541410796,0.335167632
acetylspermine,0.137052714,0.053202443,0.216451672,0.203256649,0.032851286,0.044074214,0.184107986,0.117320354,0.041440498,0.049859993,0.056166474,0.083060081,0.183232256,0.054436361,0.281547981,0.458046454
acetyltaurine,4.347214461,5.716135042,0.832980469,0.711760831,1.250795508,1.73179535,1.341683406,4.779357915,1.674933939,4.973839122,14.7160498,3.313171863,3.401624117,5.011994547,1.416457864,0.918553093
adrenaline,5.744895732,4.082534414,3.873659259,6.087384866,6.847880882,10.56822878,7.9777333,10.78289638,7.916594625,13.99221281,6.98659903,6.383692722,5.397259945,5.160309803,7.154902848,6.142724652
afegostat,23.22389785,25.47935755,29.12339157,34.80919992,25.00801977,16.78624319,20.45187439,18.43766011,33.26722182,36.97640244,22.43712087,27.74819924,32.89578364,34.48880329,34.80820116,30.30272733
agmatine,1.021604111,0.26992513,0.244799984,1.841598634,0.562896252,4.241241729,0.50841395,2.865598662,1.488195659,1.88681706,2.393279444,3.653406824,1.345743408,1.116933727,2.932602597,0.555469745
alloxydim,0.028135986,0.035304781,0.030002204,0.028425678,0.023524883,0.025066439,0.023359256,0.028877978,0.024433492,0.029700619,0.030711353,0.02823117,0.023551834,0.04029056,0.041995627,0.029632438
amidinoproclavaminic acid,1.266577199,2.585062269,0.05308102,2.418614406,1.361505752,2.011274609,1.600203024,2.338403367,2.524443472,2.335591699,2.494567843,1.804076006,2.543074864,2.947644213,6.049775818,2.685092209
amobarbital,3.031975351,2.268523183,2.305253696,2.144436576,1.900205636,4.830849442,7.342205099,9.042426843,1.882711496,1.479326432,1.26477254,2.899438048,2.279112862,1.930422499,4.725673982,1.727731582
anacardic acid,15.92679399,17.66177338,19.62758794,18.92818898,17.25938698,21.91797617,12.55122055,15.60347941,13.04041853,16.47908719,11.95791357,16.34459479,15.09610439,18.66952729,19.22665421,22.06139856
anticapsin,299.7454192,325.6209088,282.0709951,342.7779923,263.5020333,386.4319953,353.0515302,286.8049848,158.1688717,151.054984,380.435171,179.7669934,152.5736941,137.064671,180.3813031,354.4391441
apronalide,3.29143206,4.462922814,2.837005984,3.210656774,5.445763276,5.005979025,4.064016343,7.043573618,2.934956235,3.210823343,3.14174126,2.390525902,3.088236896,3.653401877,3.218207028,3.077866432
arg-ala,0.60628036,0.073504999,0.487676504,0.966000684,0.257070533,0.521332955,0.60202679,0.533364185,0.103937757,0.116231576,0.575440537,0.487440391,0.377372384,0.151011693,0.254867314,0.760785849
arg-leu,3.192465472,5.360473351,2.884857455,7.101458662,0.893992372,2.354668441,4.166109024,5.800647659,1.112424604,1.700049554,3.503437051,2.77962766,3.168080715,1.035696776,2.177113929,4.435131765
asn-arg,0.258301591,0.084103914,0.093575749,0.094653782,1.11929311,0.120861822,0.251948536,0.106188744,0.354599802,0.239908524,0.710824787,0.378534101,0.441358486,0.630722563,0.461548539,0.567727236
asn-lys,0.710494636,0.390976955,0.554966485,1.153405835,0.276796523,0.741969036,1.179063715,1.414291442,0.190240116,0.196983097,1.157960377,0.532402897,0.56166609,0.154283444,0.464709526,0.793901965
asn-phe,1.127506857,0.406186963,0.769120638,1.039136133,0.264474999,0.571552839,0.98709244,1.390229749,0.678274591,0.653405054,0.792199123,0.704947928,0.649065993,0.402853095,0.30976353,0.748279909
asn-pro,8.6776038,6.231278615,6.726250773,8.845041023,8.4329872,9.337951791,10.39718755,12.67992751,7.603688278,9.230977256,9.980525228,5.75078679,5.814836199,7.584652321,7.866114078,6.082864207
asn-val,0.996308013,0.491618506,0.39800816,1.037894735,1.090576088,1.511401484,1.679251503,2.700425951,0.842682534,1.702327905,1.356499456,1.920334504,2.262012937,0.315108755,1.255833225,1.12024375
aspergillic acid,2.158736978,2.28565255,3.514750869,2.819151408,0.13293675,0.086862321,0.527578051,0.187117904,0.094140859,0.040176379,0.062968669,0.034266795,0.032846487,0.073624596,0.047335016,0.067346087
azolimine,0.115960932,0.362026657,0.157563377,0.453482605,0.192032484,0.119299169,0.14384933,0.093454859,0.175040483,0.188267259,0.206612041,0.145684049,0.159880605,0.242654578,0.244137912,0.276418854
"b-D-Glucopyranosiduronic acid, (3a,5b)-24-[(carboxymethyl)amino]-24-oxocholan-3-yl",7.876435268,16.50187186,5.091206851,7.275041412,9.670014701,13.09382259,10.9659017,9.600539811,9.874439741,11.70574507,11.01089108,12.41405814,10.93594983,10.04497936,16.71900266,12.87988162
bamifylline,2.266301365,1.402611369,1.561760665,2.086984135,1.413004277,2.250383832,2.673549361,2.678216488,2.87460313,4.177112509,1.913987444,2.674805854,2.322124538,2.814275523,2.911630613,2.41672909
bendiocarb,0.375781305,0.333640862,0.341116816,0.528560236,0.318087412,0.340002777,0.317074656,0.289593047,0.484931952,0.404441751,0.346672316,0.271655681,0.25419732,0.647823206,0.398209012,0.378541053
bentazone [JMAF],7.222773844,9.679518049,5.78866012,8.476050548,9.244673092,7.134806839,6.440601325,7.337456452,9.149457444,12.33414149,6.539542096,8.870474448,8.7254025,9.539717938,11.03452308,8.627661257
bifenazate,0.186143703,0.134901447,0.0374197,0.162322694,0.16046885,0.134251662,0.182353331,0.471718826,0.103018879,0.212956891,0.182445825,0.186804369,0.197489279,0.202505425,0.112631733,0.108334032
butalbital,5.506084411,5.886956941,7.385050214,6.650854322,3.621611917,4.666411903,6.315098574,8.169870928,5.971724189,5.58981421,3.5812237,5.032731776,3.564034167,4.184103643,5.318498306,3.749770773
butoctamide,0.099819261,0.166282655,0.130430477,0.034470976,0.135010906,0.042855356,0.134954569,0.142054425,0.149603343,0.15129857,0.030103354,0.126417214,0.027893579,0.176636472,0.228801706,0.147517405
butyrin,0.443403634,0.326561126,0.710110057,0.428180933,0.468428576,0.478747177,0.982882819,0.834936145,0.443314046,0.596926728,0.331756709,0.700275447,0.509286671,0.702697222,0.614200757,0.585339728
capuride,0.583973979,0.820034839,0.4932114,0.791895674,0.956059316,1.642836992,0.998686487,1.006543268,0.597079614,0.90386017,0.914320975,1.373571031,1.249126945,0.3180435,1.201912379,0.825933682
carglumic acid,0.593967675,0.873520216,0.725899682,0.730817692,1.887994505,0.914774747,1.254790984,0.872428901,0.972569468,0.856121839,1.759061884,0.944144216,1.6778157,3.995560506,1.076149541,1.673895536
cholic acid,19.43683109,41.83633313,22.04597959,16.65706267,38.66709894,29.56987134,29.62997719,24.68210054,22.44739866,25.06804898,20.46978733,22.4967823,25.78364531,28.7008172,29.14642012,30.93619206
cis-12-Octadecenoic acid methyl ester,4.394841084,8.166032522,6.744839675,4.048164714,5.18902836,1.9829368,2.156967605,0.204608446,0.541810813,0.278590005,2.413636422,2.015049461,0.513940194,1.912978713,1.733047649,4.385781234
cis-3-Hexenyl phenylacetate,1.741937741,1.469133442,1.863922296,1.102530738,2.850892149,2.495431164,2.305485568,1.813722864,1.940423552,2.578808136,1.592062697,2.150830034,1.51821593,2.447629425,1.404605496,1.426891498
cis-5-Tetradecenoylcarnitine,8.558328448,5.71138022,5.240732272,6.138157292,3.669014113,1.318051047,3.455349227,3.696307238,7.446104526,6.141058092,4.684323157,8.468199974,6.649745053,6.346014969,8.014754426,6.491638682
cis-fenpropimorph,0.034780228,0.050553399,0.035942497,0.039082366,0.037129639,0.037066676,0.036083079,0.04111624,0.046804373,0.045842465,0.04364964,0.038203813,0.039006302,0.049374508,0.062940052,0.047510328
clavulanic acid,0.126429876,0.091135513,0.086812124,0.043080807,0.045699072,0.173499166,0.123852459,0.05818882,0.039781089,0.062589144,0.168516165,0.13210997,0.091742847,0.05314945,0.084401094,0.201706644
coumaran,13.0033606,11.39959933,1.055113763,31.89739932,31.17845332,17.78080498,23.68807826,11.957533,12.25964615,13.74671901,7.442236896,12.43549365,3.716618118,5.361112754,8.015231562,14.00758914
cyclohexylformamide,24.70999749,21.41995509,40.2078078,19.64426511,16.74357365,13.51150751,13.7354525,11.18324538,16.3919648,15.83419619,24.02768671,13.89120311,16.58004777,19.60080217,23.10233838,17.96317078
cys-thr,0.484417435,0.427834951,0.463115053,0.491861671,0.079921336,0.143277183,0.216316691,0.334428369,0.194688172,0.37697746,1.92222809,0.202976796,0.172129468,0.293606009,0.108166771,0.05827918
danegaptide,1.221941878,0.631451602,0.843036718,1.061537766,0.661642593,1.397947309,1.312027396,2.340189062,0.824356785,1.137552864,1.039266538,1.236699556,1.474627399,0.449816057,0.968369006,1.031378686
dapdiamide A,0.899897283,1.262151052,0.704521514,2.644213752,0.22830797,0.729406363,0.620005896,1.599592825,0.646545166,0.781103537,0.940156439,1.255308966,0.913002509,0.654513998,0.601806309,0.44714899
deacetylvindoline,0.056728069,0.070724828,0.050311283,0.060262652,0.077528964,0.101251167,0.21529696,0.157806413,0.064387848,0.076905739,0.090537631,0.082855327,0.07734075,0.087844801,0.310850883,0.061860345
decanoylcarnitine,1.086115392,0.531530986,0.448060473,0.373723547,0.205949984,0.190736097,0.093511248,0.210131606,0.473802814,0.947857156,1.037831039,1.297150544,0.40463707,0.738394479,1.648886275,0.403148339
deoxyuridine,1.745516413,1.567769138,3.144763733,2.45981861,2.45830437,1.460768944,1.89510689,0.693855092,1.316452229,0.751417574,1.507138532,0.86098976,0.905325271,1.313814275,0.847489935,2.071563682
desvenlafaxine,0.03609429,0.066120231,0.039354685,0.035276434,0.033279949,0.033320167,0.033542576,0.04365164,0.032399701,0.050068093,0.040931894,0.032371824,0.03170099,0.042450011,0.054300844,0.04356137
dethiobiotin,1.550308792,1.042660403,1.645026404,1.236813586,3.756360175,1.921931972,4.194810959,2.23687758,1.321941076,0.943185987,1.062782437,0.910789597,1.021378568,1.449350005,0.717915128,1.497453039
dibutylnitrosamine,3.059101268,3.182836094,4.019097246,3.065348756,2.875035754,1.810305693,2.109590234,1.227658021,1.734359827,1.864772726,1.787408456,2.365054113,1.970431021,2.160291465,2.753875093,2.30978412
dictyoquinazol A,0.023752539,0.036943813,0.027279316,0.027408304,0.02030864,0.023009189,0.022796234,0.030693794,0.026712859,0.031471879,0.03137511,0.024840352,0.031445918,0.03489961,0.046604176,0.027715471
dicyclohexylcarbodiimide,0.042071985,0.079446553,0.048667845,0.044327414,0.040860081,0.041996065,0.040372771,0.048244899,0.050238045,0.042969003,0.042464048,0.03694238,0.037901451,0.047399311,0.062034432,0.041306721
diethylcarbamazine,0.077455653,0.093394487,0.081478771,0.085291753,0.061663909,0.07277753,0.072233532,0.05412573,0.045793559,0.061091512,0.107370518,0.069165138,0.053413766,0.064720804,0.100329936,0.083098001
difenoxuron,0.727016925,0.172840969,0.513531198,0.525871808,2.819060769,1.387203444,2.135984188,0.716881144,1.200607009,0.990174626,1.294618622,0.590590577,0.98497922,2.073580932,0.852907721,1.244470832
dihomomethionine,0.168586344,1.988695462,2.114375067,1.778296259,2.166663575,1.265641385,1.245120886,1.052597339,1.841521889,1.594949875,0.1445196,0.150182255,1.5547526,2.7054528,2.790135246,0.233631397
dihydroxyphenylalanine,1.523761563,2.068235216,1.549174601,1.43640782,1.37648292,1.373920999,1.36844932,2.824409325,1.582363083,1.453055301,1.206436571,1.30107958,1.331877179,1.855141274,1.538794069,1.305022955
dinotefuran,0.397808661,0.503863103,0.515153259,0.544974079,0.480374344,0.513470841,0.478844884,0.456429964,0.435065929,0.406520013,0.523543152,0.400925981,0.440528525,0.599689744,0.605272,0.571671192
dopamine,3.709164693,3.830980337,3.827175699,4.572222914,3.852528943,3.419509271,4.507006472,5.504468519,3.946676464,4.284712436,4.038845394,3.135165665,4.042113471,4.68840208,4.661685091,4.155626674
etifenin,20.40618924,28.07297382,20.80996722,27.12689573,36.78212531,33.56933306,27.20805333,20.04465956,27.26805424,33.54239923,25.06880365,19.00949042,19.54945036,30.20951134,20.61981058,25.37165636
exalamide,0.059846985,0.105607123,0.04412835,0.091024244,0.036860207,0.047042287,0.066247212,0.054175749,0.1028017,0.143802541,0.064699391,0.101839286,0.038048454,0.046649633,0.150559013,0.057435568
fMet,0.731815777,0.362446448,0.362866955,0.321547845,0.283432444,0.302960175,0.432136564,0.82882886,0.45143521,0.47858689,0.308903082,0.472079791,0.505919127,0.566691834,0.617878967,0.337299785
farnesoic acid,0.420824908,0.685380967,0.264445384,0.618036223,1.10171074,0.542816141,0.653898394,0.646193497,0.788469436,0.771975427,0.608773071,0.709441091,1.10281467,0.861939884,0.830278148,0.682890476
felbamate,1.873276003,0.683129463,0.927813018,1.23304782,0.957706125,2.07609137,1.825888858,2.663705364,0.662007985,0.941359626,1.667554502,1.152833658,1.273425653,0.333340865,0.65930075,1.128160002
fluphenazine depot,6.629374457,3.958552218,4.501836937,4.794762979,16.40678501,6.16713467,15.53201749,4.470988593,18.34122827,14.71744839,16.85146415,7.752979598,7.437439641,14.72465604,5.559271893,10.10162655
frescolat ML,4.868771037,2.48271945,5.520178258,2.627795169,4.048361943,2.79519141,2.037886158,3.608043863,3.04548123,2.961203206,5.015922548,2.646405248,2.926721005,3.092689501,1.332454289,3.828208418
g-Butyrobetaine,0.337513918,0.392260153,0.417195464,0.310398848,0.494771974,0.428799377,0.393100957,0.480634796,0.48682399,0.645001761,0.213643483,0.589180795,0.570003973,0.566535649,0.770942604,0.581938194
g-Guanidinobutyrate,4.932625397,5.745881268,4.411735989,3.705587736,6.45099381,6.6960469,5.99200545,11.79449717,18.07195941,11.98823455,6.975505784,7.847752035,24.77425616,38.15223472,15.00739347,6.584416237
galactosylhydroxylysine,6.017366608,2.150392244,5.307827022,4.161592769,2.692232768,8.099658729,6.526010732,2.454944791,1.192356905,1.355808328,5.235945746,1.939417598,1.260450771,0.430185756,2.130904443,3.402916281
"germacra-1(10),4,11(13)-trien-12-al",0.271693352,0.339547682,0.241396699,0.132567769,0.236894506,0.240524063,0.218403389,1.018408513,0.220535785,0.519400342,0.344838646,0.105775494,0.256322942,0.266610388,0.516254681,0.353489099
gln-ser,1.172515567,0.569304925,1.01214784,1.162906437,0.57461948,1.135560044,1.205817664,1.999881572,0.465900515,0.773842255,1.110113777,1.350264143,0.827107795,0.429204201,0.857880388,1.011931252
glu-ser,0.822853383,0.697719989,1.413669903,0.661065355,2.353942616,0.48447657,0.891845379,1.069764684,1.820942729,1.82214503,0.976486198,1.358893742,3.166081631,1.656488375,1.354711609,0.720724495
glu-thr,0.481740631,0.294236541,0.902972117,0.553082095,0.402688334,0.447865564,0.602765676,0.498612464,0.220404965,0.317586951,0.737985236,0.212193441,0.215966868,0.227118549,0.251056048,0.402031467
glutethimide,1.416982988,1.068849709,1.263329451,0.734860298,1.672386783,1.563283794,1.462923084,1.01342498,1.706054999,1.562373737,1.632428354,1.768797218,0.949950875,2.566891066,1.26634354,1.306182368
guaiapate,0.052388688,0.061371648,0.098439816,0.085973054,0.03244879,0.088229076,0.048124474,0.033360738,0.065558683,0.035345925,0.033913121,0.11411706,0.02517524,0.035205489,0.050979615,0.039516636
heliannuol D,0.032363454,0.053091133,0.328274276,0.309388855,0.087466337,0.322803297,0.033086533,0.041947828,0.406195227,0.03838583,0.483599086,0.02931969,0.034173665,0.529367491,0.80428164,0.03524336
heptaminol,0.449515992,0.357025886,0.456535063,0.394178098,0.821528874,0.375545188,0.419278028,0.183546972,0.353178091,0.192887858,0.332168077,0.211120616,0.262286642,0.454587466,0.156171162,0.620948717
hercynine,0.772351873,0.978258267,1.000178285,1.264851999,0.932654465,1.261044353,0.95512462,0.849107001,0.889165058,4.371807596,1.016467397,1.735242785,4.033120665,1.155036608,4.458144269,1.112015806
"hexahydro-2-oxo-1h-thieno(3,4-d)imidazole-4-pentanoic acid",2.044831676,0.280469971,0.125341018,0.146356373,1.659004777,0.180941777,0.178556549,0.595292924,1.398507672,1.935760462,0.541864535,1.067671357,2.261865336,1.079293845,0.340422003,0.125890974
hexobarbital,0.39945956,0.402307045,0.251050771,0.53773371,0.727648655,0.85279362,0.676333054,0.632629861,0.716499465,1.596695075,0.619388249,0.508687579,0.489753037,0.40888179,0.708421786,0.626754629
his-gln,0.429575861,0.478447979,0.51790173,0.550049083,0.195508356,0.264704785,0.208127019,0.373991365,0.217719853,0.110878838,0.134992347,0.097251302,0.068464802,0.328339706,0.120962939,0.175758556
histidinol,0.07484362,0.13133654,0.078222542,0.083657821,0.074742419,0.078740068,0.080104407,0.110669261,0.056428462,0.067717304,0.137587066,0.067645981,0.067702146,0.071389819,0.169487467,0.100731069
hodgkinsine,4.946622741,10.61765099,4.78994969,6.108729986,1.95559427,6.077435802,8.042513909,8.161172666,3.324542616,9.879251549,9.374935732,5.043970095,3.822913528,9.88325871,11.76922289,2.882096539
homobrassinolide,0.07097325,0.037088384,0.083460442,0.02325478,0.018796314,0.072759559,0.077782514,0.056996313,0.109309045,0.046489612,0.024849837,0.026395983,0.021065054,0.097075649,0.063560869,0.026974984
hydrocortisone cypionate,5.911910325,5.744304394,5.155136295,5.230146884,4.545477436,6.953732774,6.557989031,9.148666795,4.621515819,5.289324461,2.692472614,10.52441415,8.122603565,6.949889172,20.14879214,11.87244071
hymecromone,0.062847269,0.04847686,0.155357358,0.069731546,0.027915932,0.034156195,0.042836877,0.083619275,0.040029936,0.065323337,0.178802983,0.085703019,0.035254982,0.197875028,0.061982328,0.047885143
hypaphorine,0.541890825,0.465103042,0.911011559,0.523551049,0.276410617,0.168089086,0.316296345,0.406129949,0.2191546,0.160017303,0.18487413,0.134064255,0.21054251,0.216986791,0.153304701,0.2803604
ibuprofen piconol,0.025030015,0.050345253,0.060814244,0.028928019,0.022323094,0.025692198,0.026384563,0.061974312,0.025272272,0.033046314,0.031577371,0.027741112,0.052307358,0.143059278,0.11444672,0.058424409
ile-thr,4.558729433,1.232801135,1.959786108,2.826409298,1.868621509,4.473766928,4.133938761,6.19322081,1.905900471,3.934007046,3.373175618,4.70519824,3.763794944,0.828525067,1.649743591,2.402423919
imazamethabenz-methyl,0.590032598,0.507459418,0.612452843,0.482278268,1.595984101,1.552335866,1.701355098,1.062935738,1.147612933,1.307012334,0.894489353,1.126119874,0.818311107,1.161322495,0.946810515,0.770848022
indeloxazine,0.966497574,1.556820812,2.11398347,3.476410186,1.66960769,1.973956769,1.541183633,1.080255477,4.735913481,1.753391445,1.044334114,1.574506064,0.905701093,4.028732606,1.073231645,1.198905125
kresoxim-methyl,0.045203972,0.049769056,0.034432936,0.033613942,0.028363379,0.033201555,0.03215484,0.038677778,0.058631473,0.043027962,0.043027511,0.035758941,0.035048003,0.041759488,0.061940369,0.043753126
lactide,23.19613932,34.30155571,24.94079896,26.57228611,2.668372687,20.32139741,18.68675209,26.39923851,25.05962442,27.46698812,21.44065844,22.31307751,20.24821869,16.50174038,31.7136691,28.68463854
lentiginosine,0.923458227,1.18046501,1.065057841,1.232998284,1.165035858,1.051131208,1.098153047,1.33197606,3.113009448,1.301555176,1.104613586,0.985495024,1.183471254,2.055219791,1.555487614,1.210554899
leu-gln,0.839383336,0.507827115,0.348117803,0.480501987,0.375724215,0.986761635,0.989245476,1.164752722,0.749569693,1.203114524,0.878016631,2.10054501,1.269836199,0.259387701,0.682412725,0.498882079
leu-phe,2.528246203,1.306427926,1.99861341,2.070910619,1.261974755,1.566763554,3.076398152,2.291477578,0.7946771,0.926758864,1.474649471,1.073145189,0.807868879,0.33490593,0.425829484,0.851140161
leucoline,0.833816013,0.847098032,0.70037522,0.866726266,0.734716336,1.077822434,0.888633811,0.879604449,0.486115562,0.468045605,1.140074616,0.574289446,0.516983276,0.342339923,0.617662284,1.020506473
libenzapril,1.248366561,1.597665771,1.050371719,1.330401662,1.568780022,1.671269993,1.447083821,1.57909377,1.579263371,2.381107583,1.23434079,1.591999165,1.882607829,1.758873709,2.252357915,1.511202182
linatine,0.036631664,0.046537195,0.036449232,0.036371684,0.027305418,0.035006091,0.033555998,0.038481865,0.03183176,0.038859868,0.045216243,0.033194582,0.031931982,0.03847371,0.055733851,0.038746837
lobendazole,0.032229063,0.050885532,0.038728753,0.046027481,0.030852275,0.042983312,0.03372264,0.043923995,0.033920635,0.045775466,0.045067622,0.040283352,0.03638339,0.041271324,0.063708769,0.043674675
lycopsamine,4.253227621,3.561695299,5.95040648,3.436835803,4.728566507,5.497341555,6.709807637,5.256353037,6.15404782,8.878270347,4.512280219,5.958835987,4.644143689,7.081199439,4.300016329,3.217078966
lys-leu,9.576125717,4.582589367,5.837338348,13.26164211,4.121935828,5.503175838,7.846295941,10.49978903,3.623119815,6.649240704,8.156240144,7.180029725,9.226365423,2.083494274,4.978246474,10.9617482
lysophosphatidylcholine 14:1(9Z)/0:0,0.174371936,0.308248519,0.328722415,0.16083831,0.167690447,0.244931216,0.254835772,0.568381243,0.168796727,0.282521093,0.222295371,0.209804899,0.206204005,0.407811995,0.34448609,0.360834671
"lysophosphatidylethanolamine (22:6(4Z,7Z,10Z,13Z,16Z,19Z)/0:0)",1.257602347,0.304089604,0.737190132,1.226501753,0.203618664,1.112296596,1.083986098,2.43964168,0.591119092,1.458353462,0.994651974,1.325445986,0.876321241,0.586900937,1.661807666,0.800905479
mebutamate,1.543721735,1.325308958,1.31372849,1.1590346,0.446936864,0.6221783,1.230622154,0.860804959,0.472435947,0.643986096,0.826895774,0.958503023,0.773985254,0.149800728,0.562051351,0.633821812
mefenacet [JMAF],0.280191638,0.176768408,0.189621574,0.319720049,0.599064019,0.449434072,0.434070308,0.051227434,0.112825533,0.034605097,0.330421515,0.033497638,0.02448258,0.07468958,0.188247841,0.442025753
mefexamide,0.036023824,0.051201947,0.0371654,0.040957029,0.203964371,0.079029749,0.129994063,0.046516117,0.037845958,0.049864056,0.052960733,0.049870336,0.056624564,0.066271259,0.065755708,0.148592299
menoctone,0.758838889,1.096318482,0.857813815,1.082328866,1.523636558,1.615080976,1.315457669,1.48994387,1.064801874,1.70602616,0.908443914,1.547482909,1.393563875,1.109954281,1.728995898,1.898140675
mephentermine,0.031927173,0.05070281,0.034624252,0.036569809,0.030635001,0.031054945,0.030156541,0.042195279,0.033336567,0.042451909,0.042521357,0.03569414,0.034930652,0.0450154,0.066604027,0.037702454
meprobamate,34.50262442,27.35674658,20.18971976,31.44224,14.48596522,25.84943621,33.6584723,51.91552561,11.91333586,19.30591226,28.49277135,25.87035206,19.90223351,9.622065859,17.76236954,19.20586425
met-pro,0.340612046,0.465197663,0.318893141,0.464339785,0.976659759,0.262522071,0.259497899,0.051531478,0.390272868,0.154917646,0.092348713,0.385037132,0.457671216,0.377245344,0.132324394,0.253438856
metharbital,0.175488184,0.374865997,0.20637365,0.17395609,0.169907319,0.226495539,0.199703332,0.178790951,0.187666578,0.204261415,0.121419722,0.128484373,0.170359069,0.216428201,0.219025578,0.161970765
methocarbamol,2.187526528,1.841031633,2.745714033,3.622255294,2.3601603,2.218118209,2.23440274,4.767808974,2.682296663,2.891516045,2.045192247,2.250459258,1.890701179,3.111212749,2.354940476,2.475400873
methyl α-D-mannoside,14.70316338,15.90710557,13.2998655,11.05139619,33.07217591,60.3550747,41.96571597,16.64424111,34.74227107,42.5712003,39.29599946,56.21978074,22.86504096,22.32493978,65.03686045,27.56414813
methylxanthine,1.936437822,1.290304154,1.277215282,1.978651649,1.475804249,1.245484684,0.801129105,0.647990007,1.226922663,1.495801694,1.085772598,2.303285197,1.265647748,1.833157078,0.669408082,0.593307306
metioprim,1.262944366,0.458339929,0.364837524,2.036122656,1.830842081,2.541580051,1.465518378,0.309730876,2.305783578,1.985604092,2.001770192,1.860344412,2.540400087,4.212588109,2.202161749,1.330178288
miglustat,0.573695041,0.726640196,0.74292216,1.507114656,0.69276616,0.740495881,0.690560467,0.630707961,0.505468861,0.84355974,0.755021545,0.98192397,0.477049842,0.486735833,0.811632587,0.824428826
moroxydine,3.442591626,5.258385551,3.208772553,6.268574832,2.990995166,2.245205562,3.655903852,3.671788949,2.44346011,2.113825802,3.825622572,2.58392324,3.444455241,3.173282922,3.146185648,4.423208615
muramic acid,0.930953626,6.24304196,3.480900183,5.923716526,1.577264704,2.639764594,0.744829093,0.718327229,0.807197632,0.561915935,3.646384844,0.965053964,0.568348019,0.730524155,0.618339583,4.858137653
mycosporine,8.545476777,9.463372494,10.26766983,9.718971615,4.52841699,5.026981093,4.987345684,5.603530366,5.316677441,4.562810082,7.740621474,4.159678044,3.072771884,6.727185225,4.360663503,4.472682762
n-Hexanamide,1.98939465,4.091325868,3.692461029,3.76600732,5.418018751,3.395006776,3.408692854,1.803914172,3.432795086,3.413570377,2.757739071,3.002563801,4.157838484,3.833025527,4.982781082,7.044494255
nalidixic acid,0.435249834,0.556067454,0.279031959,0.112863193,5.935143835,0.648947063,0.550884625,2.222787622,6.740653833,5.75951352,0.453922883,3.135101144,10.56167277,3.084731214,0.971170244,0.518081651
nigellicine,0.953229993,1.083450657,1.069368683,1.089562342,1.722674016,1.31570023,0.758562788,1.006203859,0.729487997,1.591923362,0.811811676,1.003726789,1.133361797,0.644329987,0.848045207,0.951359391
noradrenaline,16.85965787,11.20594098,10.42540141,19.38420152,13.72246462,19.68477125,23.20916895,28.43866987,14.21864503,21.33991096,23.36567189,19.18264272,17.48904172,12.5774677,22.51537446,13.76505959
nylon cyclic dimer,0.374596227,0.637025391,0.365466206,0.761335948,0.317570564,0.283861266,0.411199851,0.542498929,0.440975086,0.595182663,0.722437652,0.474944615,0.518170987,0.662613276,0.939789536,0.645660034
octinoxate,0.107623176,0.073340283,0.048418181,0.076571993,0.153686979,0.09892629,0.190007583,0.297592809,0.051626282,0.299855815,0.050789317,0.081227518,0.104390163,0.075165985,0.311128191,0.048534156
oleoylglycine,2.237677435,4.413866367,2.870738901,2.894875818,2.161407472,2.254836375,2.168091632,2.61887005,2.560732585,2.691468063,1.25951201,1.449879155,2.36982943,3.22515832,5.29154675,3.15856972
ophthalmic acid,4.264311617,6.288253478,4.763904496,1.295754183,8.035162393,5.271646162,5.557822389,1.135411131,3.535227308,3.535908553,4.39356612,2.182330569,2.365365996,5.92749208,2.352930767,2.654014077
oxamniquine,0.089339524,0.074840741,0.064248242,0.076119767,0.055175332,0.078485744,0.075467556,0.071714996,0.042104653,0.041239903,0.082762286,0.055270707,0.044750641,0.042848082,0.056629596,0.095155359
oxeladin,0.600116691,0.659316998,0.446123613,0.638192768,0.75340754,0.569477066,0.541246871,0.506827239,0.561990954,0.715943492,0.510140345,0.523444557,0.600535148,0.52455941,0.613680048,0.703142248
p-cymene,0.186427305,0.045346305,0.196366711,0.136152136,0.025189439,0.028539015,0.167169987,0.038070471,0.033132792,0.039035553,0.268466836,0.23763519,0.034621911,0.11419974,0.057804614,0.213466994
p-dimethylinamyl benzoate,0.046722528,0.06331323,0.058802502,0.050792833,0.042698425,0.046200712,0.044560346,0.085185789,0.044602311,0.065483495,0.053415432,0.087617548,0.0628804,0.098742279,0.144174464,0.116012859
pantethine,0.072327595,0.082296804,0.086813143,0.077488829,0.046648803,0.27030587,0.078101908,3.825533895,0.467433121,5.568579643,0.276977432,1.290666695,1.843729117,0.169036139,2.81909418,0.101618504
peiminine,8.239923487,9.778079473,9.558555608,14.48456311,7.548550073,6.65321423,7.249950578,13.09064464,7.43815675,7.965989535,5.39988363,3.926175184,3.540679206,12.49890058,9.730219442,10.42796964
pentahomomethionine,0.889473405,0.540332752,1.971133077,0.707638147,5.102097969,1.164062895,1.665111217,1.608121156,2.001633442,3.445528203,0.671737163,2.568989335,6.888659944,2.306324646,1.01226501,1.17887153
pentobarbital,1.93775775,0.234192701,1.471577927,0.434089068,0.036273495,0.048536379,0.117032724,0.07060298,0.111801639,0.03514652,0.059380269,0.089588791,0.094689207,0.171097103,0.130960706,0.04713398
pentoxyl,0.15115202,0.776263598,0.645421741,0.662126015,1.364620494,0.259682332,0.49566032,1.219745424,1.252771028,1.276275447,0.461468518,0.275973684,2.895124451,1.784876121,0.574759716,0.292130412
phellopterin,0.434538406,0.686661095,0.368072958,0.464087175,0.890826472,0.607867208,1.211694699,0.276059157,0.327813906,0.444959352,1.505324112,0.350818694,0.154606562,0.346897999,0.24420699,0.542175677
phenacetin,3.896207856,3.053938004,3.169837917,3.232495661,3.771744081,3.139544606,3.456469298,3.182261577,2.347400772,2.362059012,3.588962855,2.03292464,1.862353698,4.511150119,2.3961044,1.421834194
phenylurea,95.52123579,62.81714101,157.7733593,88.4944615,91.87354053,23.86834965,17.78406361,36.89803179,43.10265167,35.5848438,103.1403609,32.68008145,16.9585152,52.5891895,7.138248025,0.938688391
pregnenolone acetate,2.342698502,4.387173112,2.231917875,3.480587816,1.462764738,3.699895377,2.757249456,3.436542037,2.443509605,2.998457014,2.817119412,3.649019541,3.805151621,1.553295363,3.471441633,2.905365618
pretyrosine,4.289448852,2.387123701,4.795808589,3.492864069,2.637557601,3.425477544,4.012126359,3.700963903,2.653837418,2.372456325,4.344319715,1.922823277,2.316260766,2.333085732,2.799019994,2.915939008
primidone,0.513947804,0.237332769,0.806965257,0.558690051,0.522470026,0.510931704,0.663943105,0.519139567,0.803603448,0.610756417,0.449421723,0.690938572,0.617176403,0.476522343,0.798637799,0.952590354
prinoxodan,1.038019045,0.669664408,0.856900585,0.93261148,0.751591651,0.984682284,1.074406082,1.53621251,0.376138808,0.497882685,1.164033063,1.145112438,1.156876029,0.27095534,0.607335083,1.045677031
pro-gln,0.22451707,0.100290827,0.287637751,0.22286361,0.208263288,0.176972356,0.219810819,0.151903058,0.144045762,0.169004333,0.178250432,0.122201226,0.153470609,0.123540269,0.127928008,0.16627322
pro-met,3.511726951,1.274481209,1.209687857,3.258201513,2.219201045,4.113239781,4.697184209,6.624668497,4.012817336,4.100174056,4.54340635,4.797865107,5.189989394,2.221220101,4.98807135,2.438324131
pro-trp,4.301814839,2.942761451,2.282228429,6.104804827,3.236550441,4.45920333,2.544778327,3.499327837,4.077320397,2.863159351,4.770788614,2.36984761,2.83847042,2.133139892,3.447067708,4.813909125
prolinal,2.765529898,1.257932184,2.475410253,2.061583179,0.10637955,0.141239132,0.133583993,0.121217637,0.636202689,0.080446486,0.158854626,0.093422364,0.08434128,0.484333648,0.107617597,0.160838157
prolintane,0.0408121,0.04965229,0.05196783,0.046813472,0.032659081,0.034391121,0.036328206,0.044376239,0.040305262,0.046766963,0.046045453,0.038387376,0.038659698,0.049676507,0.066291747,0.044839134
propionylcarnitine,0.161665409,0.677915563,0.526170601,0.31254977,0.364285623,0.542006706,0.522463049,0.508077127,0.125434865,0.894325168,0.922638786,0.590349196,0.58808949,0.747144609,1.008204279,0.736480843
pterin,0.928608417,1.356820853,0.908031877,0.701036057,1.162748735,0.607670446,0.86436882,1.035452484,1.26334093,1.75720486,1.645037824,1.254871933,1.449762,2.027344254,1.771989814,1.138924616
putrescine,4.833973286,1.39772237,16.78963938,2.14090904,1.3125581,0.905177475,0.740206837,0.99045598,0.448518849,0.250622997,2.307251174,0.995721107,1.416252389,1.060884,1.266031149,1.403536129
quinbolone,1.093072801,2.110523595,1.402602854,2.466649589,4.366876363,1.031726081,1.312874761,1.049147972,0.8113354,0.735625463,0.999385101,1.101590613,2.044053874,3.033181117,2.002583868,2.410833721
quinolone,0.210011935,0.292071165,0.097099734,0.292426781,0.19766742,0.169003419,0.30864474,0.248920489,0.258309577,0.196352279,0.298223902,0.285260252,0.280721731,0.341202737,0.507226914,0.294148678
riboprine,5.539651162,1.959272772,6.487009987,3.536798631,4.882939546,2.897729015,2.663499561,2.335068889,1.96843317,2.769773305,3.304593488,1.802870334,1.614810908,2.224578484,1.04395207,3.025314744
saccharopine,0.299533856,0.379388568,0.574209041,0.410343472,0.367155418,0.386622806,0.531418151,0.623211903,0.263912055,0.306093152,0.39420685,0.464593818,0.283766954,0.379406319,0.393422095,0.43044532
salinosporamide D,0.03515322,0.158492642,0.145597419,0.071104857,0.052738637,0.034820744,0.029370537,0.044679521,0.035472244,0.040510859,0.039531451,0.032741154,0.031564078,0.045550705,0.08312133,0.037656112
soyasapogenol A,0.104396678,0.10143409,0.062978546,0.07597129,0.049915965,0.065457158,0.058441676,0.076164296,0.069337814,0.122840696,0.086278723,0.075678206,0.078181367,0.101538408,0.114685456,0.081954241
soyasapogenol B,0.13046348,0.187807756,0.133133766,0.073307551,0.150751938,0.29894451,0.201602779,0.128389048,0.147058325,0.14170937,0.135714235,0.066427845,0.216764781,0.063910353,0.302551698,0.123806778
spermidine,0.330944949,0.333817975,0.278648016,0.35786759,0.233138736,0.309536117,0.292759306,0.368906462,0.181914133,0.218495588,0.348141788,0.359402432,0.184840219,0.173601286,0.235852009,0.352488845
sphinganine,10.35913531,21.54899854,12.82617725,14.14789233,9.190130081,12.87945701,12.98836704,19.44852965,10.80311857,15.20797173,19.79256114,10.04687744,12.63448909,17.82196115,29.09861805,17.73814312
streptamine 5-phosphate,2.059759863,8.772394766,2.201109769,4.973866492,7.192389708,1.973600976,1.924295866,0.323960587,4.701145919,1.555509249,5.929762311,1.610176688,1.567536129,11.68978277,1.653027906,3.442974983
styramate,302.7827694,331.9209672,264.1353693,330.8897846,272.2927578,400.8801131,363.1145663,296.1071135,159.8290814,152.1976667,391.7845422,186.0119947,155.3692055,145.0741978,184.8511751,369.6750808
suberylglycine,14.25711237,17.62092741,34.53063969,31.03041666,4.688478216,5.450596738,4.170570427,2.747391768,4.151309684,1.888330933,6.22540954,1.585025476,1.621724232,2.864042086,2.77345685,8.962067086
sym-homospermidine,0.13893381,0.226367131,0.840950562,0.236151529,0.084474034,0.09479281,0.112528517,0.289637943,0.056438009,0.299679669,0.499646903,0.11531466,0.356555713,0.198137708,0.251771226,0.245402084
"tert-Butyl 3-amino-1-methyl-2,3-dioxopropylcarbamate",13.10069624,9.712423183,7.472511698,13.884958,10.06135028,14.58435369,16.78859243,18.69488095,10.15251711,12.80704117,15.74786695,10.7354479,11.06193715,7.150582359,13.16097037,10.16029394
tert-Butyl N-[1-(aminocarbonyl)-3-methylbutyl]carbamate,41.22407127,10.9345664,15.07213654,8.939098406,12.38291643,8.624497768,31.58299711,34.89277854,4.82249574,7.509394652,22.33519049,22.77493919,12.24377836,3.939963368,5.549015293,11.20442605
thiomorpholine-3-carboxylic acid,0.330662282,0.270580505,0.238040846,0.269519989,0.250644449,0.107959164,0.273625051,0.209565196,0.26805508,0.084405965,0.198929823,0.217161856,0.059366509,0.173832534,0.206492777,0.049884553
thr-arg,0.608858995,0.658517344,0.473639114,1.049444404,0.322535228,0.663698638,0.855556431,0.78070811,0.101336488,0.087092316,0.741197326,0.544731937,0.39365871,0.176553096,0.356007085,0.988378788
thr-trp,0.936743043,0.502301619,0.571887017,0.97094098,0.578087822,0.895726512,1.148559798,1.205607123,0.565726205,0.587824342,0.934417257,0.608675163,0.6134542,0.233905907,0.411430055,0.706754609
threonylphenylalanine,2.320595593,0.863159815,0.662613008,1.233406394,0.508706884,1.830242816,2.009981918,4.13690955,0.469949639,0.885336424,1.752559902,2.222218677,1.546898012,0.51955132,0.894772822,1.363658347
thyronine,0.022953877,0.036150041,0.025605239,0.0265058,0.022311711,0.035355417,0.023977829,0.029650475,0.043707408,0.039311742,0.030489755,0.032303277,0.024770827,0.033846669,0.045795758,0.030073774
tiletamine,0.172505971,0.285635314,1.535662897,0.240299062,0.658362575,0.26094241,0.35051121,0.131286992,0.27313162,0.321188326,0.262353451,0.123540408,0.292987738,0.454764478,0.26579866,0.161268947
tilisolol,20.19487491,27.76591088,11.2372973,19.69607516,42.93090593,32.78864032,31.68260089,34.99605781,50.32293774,66.14697727,36.02561857,43.83025686,39.64641396,61.72740094,40.4185075,35.29575492
tolpropamine,0.028933127,0.04406929,0.030949003,0.032220225,0.029901362,0.032266316,0.031289123,0.037187243,0.039985255,0.048591292,0.037248789,0.034628453,0.037229358,0.045367222,0.058013994,0.039914061
toxoflavin,3.78096126,2.037774508,2.219976059,2.094234233,2.596579997,3.388391291,3.76875676,3.303025982,4.449122377,6.411996916,3.086408819,6.32339578,5.689629327,3.884545509,6.662194026,4.810553068
tranexamic acid,3.338093467,5.212171303,3.192714124,2.827689523,3.776219548,2.460709245,1.964480257,1.190764673,4.345911166,7.023552527,1.776390745,3.440371834,3.450803092,2.25551564,5.160292068,5.534141601
trans-2-Dodecenoylcarnitine,0.025317707,0.035759273,0.028485316,0.030221456,0.021311929,0.024354145,0.024710644,0.031358099,0.033982123,0.033102777,0.03426636,0.027564621,0.025226791,0.033760314,0.054031377,0.036915771
trans-3-Indoleacrylic acid,263.6161218,243.1748543,203.2586362,281.949412,218.2416433,337.306932,294.6300073,259.132856,129.011959,130.5976357,356.2455123,174.5717424,132.8031719,107.8289496,159.0656572,304.4976755
trans-3-Phenylglycidic acid,302.2465963,330.2447387,262.269532,329.3476742,272.5814889,402.330561,365.2557724,297.1692215,158.7875935,151.7700369,393.9690816,186.6548038,155.4964176,143.5662829,184.9398597,370.7690728
trans-Epoxysuccinyl-L-leucylamido-(4-guanidino)butane,4.436020901,3.830937921,5.733065524,2.729511353,3.473410635,2.405923564,2.136334441,3.313227402,2.291814544,2.914187142,2.428034802,1.728389932,2.17242936,3.779754257,3.967199107,3.405129191
triaziquone,0.025761181,0.034489723,0.025086499,0.046867843,0.021847091,0.029833509,0.036774592,0.029342322,5.741299141,4.746175844,0.752546869,0.354250557,0.296905753,7.571321899,0.698446005,0.031154032
trihomomethionine,0.116230134,0.086168192,0.260094675,0.085374675,1.143337826,0.145628137,0.193167639,0.321142799,0.455975985,0.819928023,0.093281459,0.517415618,1.829771343,0.605948856,0.169478654,0.183286566
urobilin,10.88151109,7.899171061,3.13618996,5.239347229,7.372502898,6.259624792,6.528823043,4.743073662,3.679863103,6.124624618,1.084526152,16.70280545,16.1863183,3.995100781,5.15074338,16.2945563
urobilinogen,65.73011831,39.09257077,28.1845688,55.74112424,55.85313554,99.76270132,116.5078101,182.6187836,84.41693634,150.099976,127.3701931,89.35760594,70.78419199,169.97104,83.87343235,67.22263902
val-arg,1.222286127,0.794930033,0.938418757,2.53008807,0.624358078,0.877270501,1.327873013,1.817061732,0.664820372,0.659146273,0.837002094,0.951479893,1.508145414,0.479801135,0.871702002,1.851823596
α-Apocholic acid,733.6354135,1082.211199,377.2467992,311.7978033,930.9809947,888.6548602,873.813856,1119.662156,1049.773392,1293.264013,772.4824697,1083.770582,1103.266533,1128.478577,1441.377963,956.1354644
α-Hydroxymetoprolol,0.968953717,0.683894054,0.78279764,0.872508445,1.691964059,1.314303367,1.11249771,0.654571525,1.177548911,1.142457578,0.662286049,1.274216046,1.032800994,1.212449332,0.819204701,0.825734203
α-Linolenoyl ethanolamide,0.011055707,0.016730957,0.011316258,0.013274042,0.011794203,0.011980029,0.012764731,0.015327291,0.021168683,0.015248556,0.015906901,0.014330892,0.014330569,0.01589266,0.023509705,0.014534878
γ-Glu-Ala,1.482802309,0.642635055,2.29774343,1.343037897,0.627538606,1.405793944,1.917915663,3.329182101,0.932080562,0.850009419,1.751773948,1.169866557,1.486243137,0.416407694,0.9941324,0.902155153
γ-Glu-gln,2.68241359,5.687726032,5.0552175,6.65568529,2.864132049,5.429425972,2.143981341,3.686957459,2.518163669,2.508201819,5.467277905,2.921884607,1.79956876,1.714576464,2.131081325,5.460920337
γ-L-glutamyl-L-tyrosine,0.503901981,0.255687346,0.651179179,0.544272727,0.219377615,0.330877527,0.614195557,0.35926733,0.244696597,0.17212045,0.753455499,0.204150695,0.231366244,0.191945998,0.190818495,0.421314333
γ-glutamyltyramine,1.082865697,0.942187863,0.925396976,0.956368258,0.440341869,0.40906186,1.199862349,0.445691549,0.448375164,0.331295216,0.632391245,0.44158876,0.462129931,0.215180799,0.275718659,0.384156307
δ-guanidinovaleric acid,8.46933608,7.360234901,8.612674813,7.703975626,6.783125353,4.37701831,5.155066756,6.448921479,8.800515486,6.894129534,5.796249118,3.030142117,5.031769153,14.3843978,4.816430601,6.983209397
ε-(γ-Glutamyl)-lysine,2.877487267,2.973202383,2.438234471,3.714808501,2.422591075,3.399567928,3.574398339,6.434797974,2.401770241,2.901858822,3.031503633,3.307698029,2.801006625,2.779847274,3.741126806,3.263987587
ω-Hydroxynorfentanyl,0.031239487,0.051259955,0.031214861,0.030198873,0.028572531,0.030944026,0.02610061,0.04574822,0.029918093,0.03600064,0.035130274,0.029095964,0.028049937,0.040479383,0.051717895,0.033463722
