Metabolite,BC1,BC2,BC3,BC4,BC5,BC6,BC7,BC8,HFD1,HFD2,HFD3,HFD4,HFD5,HFD6,HFD7,HFD8
(+)-[6]-Gingerol,0.204859507,0.34161622,0.406411401,0.308105756,0.261053376,0.125662143,0.375933616,0.145730748,0.27274107,0.31878128,0.457375485,0.381412323,0.266593974,0.287250655,0.384554497,0.242318027
(+)-castanospermine,19.74339985,22.78158964,24.10103281,27.59753936,20.87165667,19.5704857,13.85465526,13.33220494,11.11229207,12.38801915,20.35615464,18.4543961,17.85774772,15.80258282,19.12855793,25.37102446
"(10E,12Z)-9-Hydroperoxy-10,12-octadecadienoic acid",1.707126039,3.204878581,3.808697587,1.986927452,2.88739711,1.441751199,1.256068252,1.142590525,1.734699375,1.685532839,1.526022039,1.318708845,1.583423692,2.07859756,1.412826951,2.158833195
"(10E,15Z)-9,12,13-Trihydroxy-10,15-octadecadienoic acid",0.389662982,0.323348457,0.333012286,0.338297938,0.332472086,0.267634304,0.316664158,0.33048639,0.292251625,0.264684156,0.409736475,0.449352263,0.282125295,0.324373338,0.496810942,0.28143418
(10S)-Juvenile hormone III diol,4.238413314,2.466103145,4.593584484,3.504209858,1.87627239,3.724893795,4.370030931,7.437804689,5.319239474,5.540396457,4.599710541,5.399897152,4.010312406,5.228214649,4.956700928,2.84480044
"(12E)-9,10-Dihydroxy-12-octadecenoic acid",1.172595771,0.831030824,1.373870941,0.993627528,0.913348703,1.179965912,1.267242267,1.526973451,1.57827049,1.779167851,0.970296911,1.719716327,1.160253074,1.071797385,1.302584526,1.467173983
"(15Z)-9,12,13-Trihydroxy-15-octadecenoic acid",0.286502284,0.382614643,0.303681903,1.760964617,1.625354464,1.663959175,2.143980016,2.627074536,2.052421913,2.700150913,2.167045006,3.444170419,3.247925256,0.379022651,0.503962663,0.338937308
"(18R)-24-Amino-21-hydroxy-21-oxido-15-oxo-16,20,22-trioxa-21λ~5~-phosphatetracosan-18-yl (6Z,9Z,12Z)-6,9,12-octadecatrienoate",1.770588765,5.729634171,4.314717716,6.815631562,8.091124194,3.333189177,1.741211824,1.385847656,1.445671783,1.142398185,1.792412066,1.400565155,1.268247886,2.500204488,1.280470992,1.691080876
"(1E)-1-(3-Oxo-6,7-dihydro-2-benzofuran-1(3H)-ylidene)-2-butanyl (2E)-2-methyl-2-butenoate",0.582142386,0.651944189,0.682257539,0.562842159,0.60979647,0.549523742,0.569954963,0.55549232,0.453245782,0.583065699,0.630573958,0.630764989,0.508512674,0.689356938,0.639398811,0.558498387
"(1E)-7-(4-Hydroxyphenyl)-1-phenyl-1-heptene-3,5-dione",0.111299036,0.169278122,0.129787985,0.184780282,0.108421777,0.108468098,0.114789149,0.134517714,0.107745264,0.127379687,0.150873108,0.128313127,0.123596123,0.144369815,0.177962867,0.127028483
"(1R,5S,6R,7R,9S,11S,12S,13S,14S)-3-Amino-14-methyl-8,10-dioxa-2,4-diazatetracyclo[7.3.1.1~7,11~.0~1,6~]tetradec-2-ene-5,9,12,13,14-pentol",2.541375187,2.1534816,2.630553632,3.903717897,1.953721436,3.00115878,2.53781791,6.217882797,1.639979337,2.213593346,3.322624875,4.410198262,3.8262887,1.814052741,4.384815019,2.73717378
"(1S,2R,3S,4S,6R,7R,8R,14S)-3-Hydroxy-2,4,7,14-tetramethyl-9-oxo-4-vinyltricyclo[5.4.3.0~1,8~]tetradec-6-yl glycolate",0.081278595,0.11905366,0.096368919,0.101759955,0.0816686,0.076415444,0.079902432,0.097649066,0.070372198,0.087225059,0.105788023,0.10053144,0.081949184,0.099139853,0.126688789,0.09396129
"(1S,2R,5S)-2-Isopropyl-5-methylcyclohexyl 3-oxobutanoate",0.474683488,0.960713556,0.677452592,0.717342265,0.918920362,0.626536921,0.680064022,0.61862459,1.200468262,0.912585952,0.826223164,0.713979069,1.038696503,1.125400164,0.76493676,0.771060974
"(1S,2R,7R,8R,11R,12R)-12-Methyl-6-methylene-17-oxa-14-azahexacyclo[10.6.3.1~5,8~.0~1,11~.0~2,8~.0~14,18~]docos-7-yl acetate",2.543769317,2.352103833,3.127609665,2.413206001,2.444314762,1.726326238,1.566302004,1.764165915,1.416801856,2.233407636,2.682932178,2.611183664,2.727450592,1.919147133,2.01280348,3.375698247
(1Z)-N-[3-Hydroxy-2-(octanoyloxy)propyl]octanimidic acid,52.07041014,75.02046176,67.32076492,79.30317544,33.50450484,38.22348809,48.63640609,44.50054816,62.16952548,27.72565336,38.51303127,41.16677525,38.48767703,42.56548269,39.91779753,29.32323043
"(1r,2R,3S,4s,5R,6S)-1-Methyl-1,2,3,4,5,6-cyclohexanehexol",0.958742417,1.09985267,1.573969648,1.127484244,0.976936565,1.106049587,1.084727163,0.900574569,0.577103419,0.640013968,1.110704215,0.734005088,0.715233607,0.568530791,0.738719971,1.031263933
(2-(Dimethoxymethyl)-1-heptenyl)benzene,0.67060306,1.299064095,1.415736483,0.969980671,1.281191082,0.847194893,0.919573526,0.836495944,1.355837746,1.233986588,1.188423422,0.965433002,1.404511598,1.521751136,1.200293139,1.042618395
"(2-Hydroxy-2-oxido-1,3,2-dioxaphospholan-4-yl)methyl stearate",64.36301682,94.42184597,49.63672172,87.17259831,29.30317784,107.1337602,59.57812081,216.4113103,237.868668,79.85948375,142.5141242,125.3680623,83.31091102,70.78803732,213.5123111,46.98937989
(2-Pentyl-3-phenyl-2-oxiranyl)methyl hydrogen sulfate,5.179006739,6.660470887,5.329253531,7.728032755,3.045472611,4.674473381,3.558269143,6.428234798,6.358312402,7.586610274,6.303655941,6.806102837,5.757758655,6.973389237,7.048561775,4.332730532
"(2E)-3-(3,4-Dimethoxyphenyl)acrylic acid",0.226555451,0.433848621,0.196664001,0.221126647,0.269651079,0.254295335,0.257838133,0.220541755,0.233666797,0.209393706,0.31416106,0.251667659,0.218704162,0.381069089,0.322512891,0.27447394
(2E)-3-(4-Hydroxyphenyl)-N-[2-(1H-indol-3-yl)ethyl]acrylamide,0.308667491,0.464360478,0.269748751,0.24811724,0.292191616,0.307342116,0.323597554,0.378638587,0.274087346,0.373179001,0.381085231,0.382586683,0.321112184,0.394639043,0.505267974,0.369079511
(2E)-3-Methyl-4-(sulfooxy)-2-butenoic acid,7.204257196,7.817744245,8.035264075,10.12313453,3.286518234,4.855070822,2.90797447,11.44025742,5.257153907,14.3368539,8.24768743,6.978570193,6.579559882,4.455866808,19.52088752,5.426255522
"(2E,4Z)-2-hydroxy-6-oxonona-2,4-dienedioic acid",0.184174551,0.144347324,0.227114387,0.199857684,0.133906083,0.136247646,0.176755652,0.165252903,1.185615054,0.659670568,0.241876841,0.398130716,0.231963231,1.362823827,0.222011031,0.146613819
(2R)-1-(Octanoyloxy)-3-(phosphonooxy)-2-propanyl decanoate,0.169370963,0.216193746,0.190691523,0.210868466,0.229049676,0.156128626,0.175822162,0.174184592,0.162207843,0.19474809,0.21822349,0.174435973,0.198780857,0.191905032,0.210509113,0.17212901
(2R)-3-{[(2-Aminoethoxy)(hydroxy)phosphoryl]oxy}-2-hydroxypropyl (11Z)-11-icosenoate,5.66451011,4.368443726,2.493192048,3.811835972,3.51910758,3.313034036,2.746271084,5.492185434,5.729713857,2.518267763,3.431195366,5.328311732,2.947919111,2.943963746,14.39244607,1.370179737
(2R)-3-{[(2-Aminoethoxy)(hydroxy)phosphoryl]oxy}-2-hydroxypropyl laurate,1.707890744,1.593526089,0.811971929,1.411980309,2.310870062,2.409289859,2.066632826,2.158931749,2.121362046,2.991458307,1.750639128,2.474420642,1.884664513,1.393776394,1.629696287,1.902539498
(2R)-3-{[(2-Aminoethoxy)(hydroxy)phosphoryl]oxy}-2-hydroxypropyl pentadecanoate,18.51454342,16.09433972,47.36994357,20.22853706,9.333552175,29.2823599,23.63921849,45.11662085,35.31316845,19.61924267,24.25527113,39.92063157,19.62342142,22.93758994,53.61643702,18.43588803
"(2R,4aR,6bS,12aS)-1-Hydroxy-1,2,6b,9,9,12a-hexamethyl-10,13-dioxo-1,3,4,5,6,6a,6b,7,8,8a,9,10,11,12,12a,12b,13,14b-octadecahydro-4a(2H)-picenecarboxylic acid",0.687777214,0.69209761,2.272946852,0.542325929,0.312226029,0.243734696,0.430460195,0.827877985,3.305813011,0.246562861,0.962814633,0.202104758,0.137497443,0.774882492,0.436105102,0.459434795
"(2S)-1-O-(7Z,10Z)-hexadecadienoyl-2-O-linoleoyl-3-O-β-D-galactopyranosyl-sn-glycerol",7.993729406,15.6296681,12.5954373,12.88105235,14.01427771,8.973805134,9.59175296,15.37082055,19.86209697,9.140089451,29.81438365,13.06113324,4.583071141,6.338431167,6.509579642,4.478311607
"(2S)-2,3-Dihydroxypropyl pentadecanoate",2.482370165,2.989045516,1.549364782,2.623059237,3.59265937,2.048530096,1.594271739,1.438396462,2.066162486,1.602311825,2.288519084,2.111387666,2.036445538,1.786963764,1.988169599,1.892378464
(2S)-2-Amino-8-hydroxyoctanoic acid,0.109582925,0.118957773,0.121415324,0.116767703,0.091585032,0.122640145,0.1231702,0.131480313,0.088919075,0.100535041,0.122572206,0.101132436,0.090551919,0.105117171,0.13418265,0.104921322
"(2S)-2-Hydroxy-2-[(1R,2E,4R)-4-hydroxy-4,8-dimethyl-2,7-cyclodecadien-1-yl]propyl acetate",0.327935709,0.329787395,0.282922823,0.283147356,0.277710832,0.376841093,0.390023797,0.486996497,0.288238169,0.417432925,0.391297739,0.401076145,0.280642348,0.405251099,0.485370273,0.316095561
"(2S)-2-Hydroxy-N-{(4S,4aS,8S,8aR)-6-[(2S)-3-hydroxy-2-methoxypropyl]-8-methoxy-7,7-dimethylhexahydropyrano[3,2-d][1,3]dioxin-4-yl}-2-[(2R,5R,6R)-2-methoxy-5,6-dimethyl-4-methylenetetrahydro-2H-pyran-2-yl]acetamide",1.239308123,0.464318429,0.256953384,0.81946878,0.662743294,1.659220469,0.152491355,1.781775386,1.146706463,1.014232696,1.541822043,4.589292565,1.288380252,1.464251623,1.308028783,1.571843758
"(2S)-3-Hydroxy-1,2-propanediyl dibutanoate",0.293984184,0.802311521,1.555505679,1.668508472,1.851722527,0.817136761,0.737775477,0.14623091,1.116807726,0.177394951,1.104587929,0.11988237,0.116083,0.926133535,0.771722849,0.216789374
"(2S)-3-{[2-O-(α-D-Glucopyranosyl)-α-D-glucopyranosyl]oxy}-1,2-propanediyl dihexadecanoate",0.074269485,0.104415623,0.081118983,0.090747445,0.247913253,0.067211286,0.075447949,0.08684389,0.065382627,0.07612994,0.090832741,0.079655335,0.073035507,0.097825302,0.105550554,0.078108087
"(2S,3S)-2,3-dihydro-3-hydroxyanthranilic acid zwitterion",1.032196021,0.796926985,1.547178004,1.513546705,1.617663724,1.867934869,1.269623993,1.297181603,0.52179236,0.897173881,0.773164313,0.987213786,0.670916171,0.552712226,0.432206688,0.74360826
"(2S,4S)-4-Amino-2-hydroxy-2-methylpentanedioic acid",0.979607016,0.785398654,1.008762381,2.580857027,1.167787286,2.095383287,0.991021056,1.342834693,0.721427019,1.030977996,1.42431208,1.457703959,1.09243691,1.255053125,1.520531903,2.237676042
(2Z)-2-[(Sulfooxy)methyl]-2-butenoic acid,12.24683803,13.53023539,11.10213048,8.765271013,10.89672522,12.8184519,8.392851381,39.02811667,22.6486986,65.17886228,22.32791714,46.29738219,29.04609504,19.13734913,70.30380657,35.88952888
(3E)-3-Methyl-2-oxo-4-phenyl-3-buten-1-yl hydrogen sulfate,0.096050161,0.1244128,0.119733712,0.111024467,0.105205198,0.083838116,0.101812366,0.10334987,0.081831304,0.096780198,0.116602129,0.09373807,0.095203657,0.123831155,0.116767989,0.099550587
"(3E)-4-[(2R,4S)-2,4-Dihydroxy-2,6,6-trimethylcyclohexyl]-3-buten-2-one",2.085094978,0.58131976,1.885213051,0.957112225,1.258903498,1.908977665,2.965923295,1.037371615,0.945116874,2.294297712,0.979118778,2.489269537,0.923060203,0.982101424,1.512810336,1.220027016
"(3E,5S,6S,7S,9R,11E,13E,15R,16R)-16-Ethyl-15-(hydroxymethyl)-5,7,9-trimethyl-2,10-dioxooxacyclohexadeca-3,11,13-trien-6-yl 3,4,6-trideoxy-3-(dimethylamino)-β-D-xylo-hexopyranoside",0.380637602,0.456746861,0.363047379,0.555329689,0.354492311,0.337793643,0.771398334,0.713852816,0.318050179,0.373389078,0.471141879,0.905126592,0.913920722,0.430195023,0.798092118,0.551989052
"(3R,4S,9R,11R)-29-(4-Hydroxyphenyl)-4-methyl-3,9,11-nonacosanetriol",15.59172872,22.1368527,15.19621568,23.14356994,14.29261971,12.6456657,24.53231577,15.4284502,16.19608523,18.34901213,37.18024084,21.38515457,11.92586233,27.60167238,19.44406127,10.11980061
"(3S,6S)-3-(Hydroxymethyl)-6-{4-[(3-methyl-2-buten-1-yl)oxy]benzyl}-2,5-piperazinedione",1.076680301,1.185315529,0.912780804,1.189507485,2.572444368,3.846787909,3.448880687,1.787650797,2.378545722,3.251681631,1.394909703,1.189385378,1.502637095,1.686537484,0.844149087,1.226379905
"(3Z,7Z)-1,5,5,8-Tetramethyl-12-thiabicyclo[9.1.0]dodeca-3,7-diene",0.627066581,0.606217641,0.298673845,0.736655237,0.724974855,0.464211772,0.366913759,0.230567748,0.545481867,0.604303534,0.48103908,0.646479744,0.506488105,0.346359579,0.517286095,1
"(3aR,4R,5R,6aS)-5-Hydroxy-4-[(1E,3S)-3-hydroxyoct-1-en-1-yl]hexahydro-2H-cyclopenta[b]furan-2-one",0.459532938,0.55060598,0.590249963,0.412677461,0.483341977,0.350283594,0.397707925,0.42668297,0.37066907,0.482742663,0.510241509,0.648094372,0.515346329,0.510754219,0.692587857,0.626435886
"(3s,6R,7S)-6,7-Dihydroxy-8-methyl-8-azabicyclo[3.2.1]oct-3-yl (2E)-2-methyl-2-butenoate",0.106622785,0.115211137,0.102875799,0.108843289,1.140093679,0.12079883,0.091257512,0.320546728,0.649435095,1.081945227,0.210214634,0.406169469,1.656756266,0.677753326,0.139453002,0.206933955
"(3α,5α,17β)-17-Hydroxyandrostan-3-yl β-D-glucopyranuronate",0.410009278,0.205440314,0.192419224,0.156284475,1.474817661,0.365252008,0.557303555,0.958226169,0.460639142,0.382090048,0.24900036,1.698921141,4.01932367,1.613763072,4.63818579,3.999965432
"(3α,5β,12α,17ξ)-12,24-Dihydroxy-24-oxocholan-3-yl D-glucopyranosiduronic acid",0.701250245,0.814773761,0.362473137,0.797298334,0.73938412,0.891822619,0.933440115,1.026535315,0.703956118,0.974851464,0.898724381,1.005721448,0.738478906,0.869537461,0.977536805,0.804379865
"(3α,5β,17ξ,20S)-3-Hydroxy-7-oxocholan-24-oic acid",532.5442669,741.509283,303.7216868,257.9414325,843.7161583,638.6257189,577.2195435,664.7467407,399.1495333,639.7434668,497.9002621,469.6558834,620.3265183,612.3286447,590.2648262,509.2933816
"(3β,5ξ,9ξ)-3,23-Dihydroxy-1-oxoolean-12-en-28-oic acid",2.337939516,2.73682087,2.977217502,3.051268605,1.691702317,0.80210567,1.370857494,1.42767837,1.649983185,1.207011352,3.809052185,1.443489351,1.640251531,1.657439057,1.186272007,11.32143856
"(3β,9β,16β,23R,24R)-3,24,25-Trihydroxy-16,23-epoxy-9,19-cyclolanostan-15-one",3.396437259,0.296172098,0.316714826,5.695776157,4.841173695,3.85699938,4.226222455,0.236150071,3.899183377,0.506838811,3.997906175,0.551083997,3.825648104,3.873083368,5.059395285,0.600430218
"(4E,6E)-1-(4-hydroxyphenyl)-7-phenylhepta-4,6-dien-3-one",0.408311374,0.617549861,0.42708332,0.396657846,0.668071899,0.471582947,0.43102262,0.450690933,0.375088881,0.475393863,0.501118911,0.668017336,0.559505642,0.475422218,0.795331769,0.670201869
"(4E,9R,11R)-9,11-Dihydroxy-29-(4-hydroxyphenyl)-4-methyl-4-nonacosen-3-one",2.091091443,8.551632516,5.928520149,10.92996824,4.136582465,2.286986175,1.555363926,5.095807589,6.183554184,4.146869968,1.170441323,1.489251226,2.711509061,2.286904061,14.20520595,5.42764095
"(4R,5S,6R)-4-Amino-5,6-dihydroxy-2-oxo-7-(phosphonooxy)heptanoic acid",0.274477382,0.153739547,0.198388958,0.539633002,0.542038999,0.083204308,0.1423939,0.127495953,0.310620169,0.080505754,0.215947184,0.19726821,0.102528651,0.114057747,0.102264707,0.133317701
"(4R,6R)-4-Hydroxy-6-{2-[(1R,2R,3S,6R,8aR)-3-hydroxy-2,6-dimethyl-1,2,3,5,6,7,8,8a-octahydro-1-naphthalenyl]ethyl}tetrahydro-2H-pyran-2-one",0.351497379,0.438792795,0.169910215,0.465480092,0.824275877,0.565272337,0.300822276,0.249889611,0.559714888,0.794512096,0.296284896,0.741518558,0.725342611,0.409725098,0.596106829,0.40369204
"(4R,9β,16α)-2,16,20,24,25-Pentahydroxy-9,10,14-trimethyl-4,9-cyclo-9,10-secocholesta-2,5-diene-1,11,22-trione",1.633181065,2.442495548,2.286097512,2.015500777,2.197153077,2.027281694,1.078256204,1.313840339,0.699817848,0.896796273,0.885252111,2.026556934,1.388336708,1.611446764,1.298814779,1.718367337
"(4S,9R,11R)-9,11-Dihydroxy-29-(4-hydroxyphenyl)-4-methyl-3-nonacosanone",8.848221463,8.251290309,16.92835986,7.662704541,10.50471641,10.25881183,11.01797112,19.07748801,8.183487903,10.53550639,10.94575041,17.49024731,11.34231016,13.79842304,14.8545646,16.45671474
"(5E,7E,10R,12R,13E,16R,17R,18S,22S)-22-Ethyl-10,12,16,18-tetrahydroxy-17-methyloxacyclodocosa-3,5,7,13-tetraen-2-one",0.757840253,0.75303686,0.511112519,1.157998026,1.45182206,2.255075206,3.082634724,3.092879781,1.562668038,3.72011268,0.71473934,3.42564674,2.471483444,0.644987563,0.846094062,1.769668896
"(5R)-5-[(1R)-1,2-Dihydroxyethyl]-4-hydroxy-2-oxo-2,5-dihydro-3-furanyl hydrogen sulfate",0.195609011,0.189781228,0.266994543,0.186287805,0.667228709,0.125816525,0.193283034,0.241319844,0.215143695,0.150185168,0.510929536,0.155364481,1.173392709,0.183622891,0.201264549,0.135584096
"(5R)-5-[(1S)-1,2-Dihydroxyethyl]-α-D-lyxopyranose",4.352296304,3.894519147,4.554828312,5.829580652,8.836617874,5.13765235,4.75585637,4.146485572,7.248192817,3.008803126,12.76757325,3.715014682,2.229201709,1.743636429,10.53141503,7.9251652
"(6R)-9-(β-D-Ribofuranosyl)-6,9-dihydro-1H-purin-6-ol",2.809744493,3.148928986,3.425767258,1.946834366,1.436774126,1.698736434,1.885074019,2.004610434,1.046890222,1.396873955,2.429410485,1.428909418,1.110106717,1.288300085,1.751313794,1.809850237
"(6R,8Z)-6-Hydroxy-3-oxo-8-tetradecenoic acid",6.863348042,2.168883342,9.366770884,6.79721697,4.278063841,9.133823729,11.72140243,15.18628388,9.79410299,10.11760961,5.029308908,9.068978649,2.633969771,4.647706975,12.3641942,6.357561366
"(6S)-1-{[4-(dimethylamino)-3-methylphenyl]methyl}-5-(2,2-diphenylacetyl)-4H,6H,7H-imidazo[4,5-c]pyridine-6-carboxylic acid",0.384869772,0.146312791,0.718681103,0.133815253,0.107742981,0.108724808,0.111168579,0.129395916,0.208906308,0.293583578,0.218019005,0.122555688,0.106494461,0.304178385,0.156636172,0.1261491
"(7R,14bR,15aS)-10-Acetyl-7-methyl-14b-(2-methyl-3-buten-2-yl)-10,14b,15,15a-tetrahydroindolo[3″,2″:4′,5′]pyrrolo[2′,1′:3,4]pyrazino[2,1-b]quinazoline-5,8(7H,9aH)-dione",0.762550234,0.819631835,0.367737196,0.506522179,2.434907092,0.362448416,0.444108178,20.51789181,0.388986617,5.442353588,5.325560058,0.684477142,0.540813468,0.535994426,0.781503109,0.657392794
"(8E,11Z)-8,11-Heptadecadienal",1.952768871,0.530500513,1.216238438,1.259237711,0.694315589,3.358099365,3.020024432,2.419643919,1.343675473,3.001912374,1.468103932,4.284041341,1.668069697,2.055257179,2.88845001,2.410031078
(9E)-11-Hydroxy-9-tridecenoic acid,1.062667936,2.165620848,1.240535891,2.049422093,3.29188051,1.967170411,1.383865851,0.69593376,1.823543702,1.878518709,1.411652295,2.003542418,1.953130521,1.543166459,1.655540785,2.980564933
"(9S,10R,11E,13S)-9,10,13-Trihydroxy-11-octadecenoic acid",0.84203356,1.158803742,1.272040918,0.983186469,0.862326187,0.854366144,0.933738534,1.227062253,0.762343386,0.984727519,0.922819426,1.047151781,0.918178145,1.035343333,1.169323093,1.02166103
(9Z)-12-Oxo-9-dodecenoic acid,0.557383402,0.228213376,0.588005733,0.599973998,0.318990343,0.840837256,0.61853956,1.61333063,1.203404726,1.25785294,0.54117358,0.801309237,1.013661288,0.357891226,1.203618049,0.341399143
"(9α,11α,15S)-9,11,15-Trihydroxyprostan-1-oic acid",0.526139742,0.531206972,0.562743799,0.518064908,0.915962996,0.520964975,0.554214204,0.493875541,0.422598921,0.526369576,0.438517063,0.609818788,0.532909691,0.575047583,0.663985652,0.633504297
(E)-5-hydroxyconiferyl alcohol,0.115436253,0.13425883,0.219172875,0.19808657,0.124102052,0.09338818,0.229845296,0.225628939,0.093493825,0.189772231,0.129704903,0.222671713,0.308808718,0.119931531,0.367842271,0.128612606
(E)-Ferulic acid,0.11127254,0.175264855,0.13650043,0.135178344,0.102216488,0.110314143,0.12254126,0.13286696,0.19305153,0.147611125,0.148929283,0.136188881,0.190994691,0.159169807,0.203266616,0.139912395
(Hydroxyethyl)methacrylate,0.113646089,0.133271302,0.141543542,0.135275241,0.092887139,0.115931966,0.13233641,0.125961712,0.087754287,0.096819164,0.202751507,0.090759578,0.097855075,0.103184772,0.133223094,0.146367187
(R)-3-hydroxybutyrylcarnitine,0.121596813,0.102260446,0.10639922,0.174167295,0.077347811,0.094667246,0.099936497,0.108015993,0.066269412,0.073822535,0.110877782,0.076688889,0.071795363,0.081852011,0.099748519,0.110532121
"(S)-3,5-DHPG",0.382951997,0.404177973,0.420564237,0.465916342,0.310048769,0.385297727,0.362276983,0.514213877,0.30155674,0.432257735,0.417920935,0.368482036,0.342663541,0.369709895,0.521512642,0.393601982
(S)-3-(indol-3-yl)-2-oxobutyric acid,0.095516432,0.122400913,0.103903433,0.108992744,0.095102693,0.089943941,0.088650667,0.100923141,0.082486067,0.096826048,0.115677002,0.098966288,0.102929829,0.118113959,0.121653555,0.099439603
"(Z)-2-Butene-1,2,3-tricarboxylic acid",0.77130797,0.710787126,1.228392569,0.860460853,1.172889873,0.419465433,0.549827507,0.484182463,0.28037161,0.365964823,0.966235788,0.355718701,0.408589109,0.589138773,0.300657319,0.755054816
(Z)-Isoambrettolide,4.86208455,4.816499489,7.255402912,7.737575502,5.135095732,5.246443324,2.714213779,3.844244212,4.455052377,3.807984351,5.014453216,3.959825585,3.701679146,4.868267434,3.398832846,5.880737432
(±)-(2E)-Abscisic acid,0.065700092,0.090093921,0.068676065,0.087384666,0.059641812,0.062188852,0.062861487,0.073778918,0.092965633,0.104172173,0.080844,0.100164716,0.093627764,0.077741853,0.098897541,0.073547297
(±)-Abscisic acid,1.888418162,0.865441413,1.260411246,1.482587878,0.489644849,2.635387324,1.941531099,5.293912818,2.043871914,2.829496424,1.382470935,1.98793872,1.487909539,1.60000851,1.816450047,1.131299669
(±)-Camphoric acid,5.340438775,3.729905122,5.959523716,5.036948353,6.380866334,4.67367803,5.888273875,5.819367449,4.022454221,4.883978417,5.645181992,4.791488278,5.841162641,4.148533868,4.407380103,5.081467501
(±)-Equol,0.944295528,1.610251814,0.973639685,0.832057188,1.128869133,1.11366088,1.396326002,1.628765547,4.011482415,0.977714325,1.166025182,2.608119674,2.891594346,3.777946266,2.024611418,1.973796397
(±)-Mandelic Acid,1.278472777,1.343318764,1.757256142,1.700884768,1.30273448,1.474905315,1.491030456,2.357395973,0.883147775,1.127055896,1.377431852,1.864995272,1.235660215,0.929751471,1.503593445,1.341949449
(±)-Naringenin,0.129283561,0.207162673,0.126375296,0.157989964,0.140961364,0.146414276,0.151459457,0.237582669,0.985118138,0.154373427,0.190062642,0.26628945,0.543294265,0.193325118,0.191965174,0.1705388
(±)-pantetheine,0.268403396,0.338035177,0.276546512,0.280141386,0.254673435,0.489052608,0.463093512,0.452807938,0.262157469,0.360868734,0.401083857,0.38225472,0.271128678,0.345773505,0.460123841,0.289068257
(±)10(11)-EpDPA,8.055452741,2.884985771,4.775419233,2.526878976,11.43729868,20.13537904,13.80700197,14.07470515,8.816950982,7.497088308,4.536410706,14.53764844,14.33170466,8.951844365,11.55002187,16.39314253
(±)11(12)-DiHET,9.662853876,8.601357221,12.16697891,9.126807587,6.282231331,1.924249002,3.774046352,1.858174895,8.505058533,1.899939554,6.897879664,2.230328191,1.947542107,7.224785848,1.550907337,2.305948758
(±)11(12)-EET,43.56152446,8.409446941,29.43279447,25.20712015,64.70749548,44.39143582,40.64599722,37.62253671,33.34362267,25.086831,24.77525342,42.1854606,24.30627416,33.19504054,54.09734617,59.88417662
(±)12(13)-DiHOME,1.119963745,2.023328839,1.404537226,1.506367734,1.555222829,1.212073411,0.995498733,0.974742017,1.304051839,0.895243285,1.199852002,1.571348009,0.869565043,1.826225108,1.023595879,1.082089208
(±)5-iPF2?-VI,0.719008396,1.311464235,0.650184741,0.773934082,0.915127476,0.718907742,0.760786735,0.822504838,1.355724304,0.796838681,0.818972146,1.220341821,1.714287902,0.905719477,1.345502897,1.627579306
(±)9(10)-DiHOME,1.146187106,3.354474987,2.112355439,1.630434688,2.200935692,1.295844745,1.060646604,0.985106666,1.516963355,1.124586364,1.175622415,1.951813803,0.961439201,2.458027219,1.183581978,1.567690654
(±)9-HpODE,1.048705333,1.835958318,1.005880718,1.258929734,1.116184874,1.704132737,1.79018201,2.108244881,1.655154239,1.057852093,0.960491866,2.62718507,1.923183964,0.854003599,1.972911417,1.877049869
(−)-(α)-Kainic Acid,0.079783728,0.102115796,0.088564311,0.089471102,0.076602635,0.076923306,0.076772866,0.090791796,0.071533016,0.085484965,0.122290569,0.112505789,0.125159831,0.144057415,0.107425367,0.083561753
(−)-Andrographolide,1.987580515,1.813366179,1.552597082,1.71430914,2.370726277,2.97684026,2.337118681,2.342772889,1.40852131,2.044362114,1.627762803,2.432655378,2.171435794,2.129932764,1.695344499,1.976020592
(−)-Prostaglandin E1,0.672369221,0.494796916,0.615254994,0.798863597,0.829851535,0.578923905,0.54026087,0.297706384,0.44931254,0.661459641,0.509015373,0.769574253,0.587257112,0.539756816,0.471645654,0.558608144
(−)-Prostaglandin E2,0.937052654,0.65924529,0.686651353,0.709752612,0.853831944,0.65789261,0.7367611,0.661962643,0.542526773,0.548776943,0.80001759,0.936535127,0.587239722,0.719297724,0.581959015,0.642718976
(−)-Riboflavin,1.700461053,1.292771431,1.573386214,1.197184029,2.41335163,1.807429322,1.702851083,1.087013127,1.707578214,1.846363463,1.99735135,1.902161612,1.495512424,1.288516527,1.273542729,1.879777483
(−)-nabilone,0.748470887,0.864475054,0.560102263,0.955871253,0.889889024,0.881977091,0.951836662,0.57783924,0.476059328,0.621558999,0.648764263,0.908372512,0.390863059,0.692797129,0.706173698,1.227957567
(−)-trans-Methyl dihydrojasmonate,1.300489085,0.867585392,1.4563321,1.060497977,2.659077397,0.830104385,0.968009377,0.811540626,1.672698133,1.247422702,1.012412407,1.247134329,1.243601675,1.168242691,0.971077806,0.888393048
.alpha.-Aminoadipic acid,0.286659699,0.295179625,0.348494363,0.324058368,0.268586388,0.32549986,0.316429713,0.383796724,0.25656358,0.333670325,0.358146433,0.283408103,0.291424081,0.298197843,0.378488972,0.298966809
"1,18-Octadecanedioic acid",7.783851624,12.23969124,4.532436194,12.52355722,19.74314479,9.876544475,9.181837341,5.318129986,27.82264096,13.85975823,6.29680135,8.214732139,8.607657259,4.653542435,3.961622115,3.283835578
"1,1′-MONOGLYCERIDE CITRATE",0.617345895,0.461509637,0.68828901,0.610915677,0.424160244,0.422609096,0.59997916,0.614135412,0.503060216,0.531066932,0.818358972,0.517472949,0.535032507,0.687599995,0.693928441,0.69869604
"1,2,3,4-tetrahydro-β-carboline-3-carboxylic acid",0.216211128,0.157255352,0.151341076,0.140332761,0.134785689,0.115410946,0.130237629,0.130632219,0.117865799,0.127740065,0.15433764,0.129514402,0.141530701,0.156520164,0.150011501,0.12854003
"1,2-Dideoxy-3-C-methyl-1-(2,5,5,8a-tetramethyl-3,4,4a,5,6,7,8,8a-octahydro-1-naphthalenyl)pentitol",4.864925415,4.934881431,3.368396719,1.692574315,19.09874027,14.08040037,11.12394674,4.985447766,7.363580112,35.98705419,2.628774525,1.587835123,1.375319791,2.951482583,2.208905576,1.433443437
"1,2-Dilauroyl-3-myristoyl-rac-glycerol",0.49475311,4.299703441,0.969737444,0.761310023,0.356419587,1.442297924,0.5522123,0.367702699,2.334617798,0.791763676,0.644884564,1.345825078,1.258443573,1.482896883,0.956604417,0.954458354
"1,3,4,5-Tetrahydroxycyclohexanecarboxylic acid",2.462474728,2.824908291,2.908054494,2.8958784,2.50920535,2.840824715,2.786059297,2.313073956,1.482256923,1.71757793,2.852779862,1.88524983,1.837036361,1.46023862,2.319543316,2.754785491
"1,3-Dihydroxy-2-propanyl (7Z,10Z,13Z,16Z)-7,10,13,16-docosatetraenoate",0.814047854,2.107218151,0.542379072,0.876667647,2.003154591,1.620489546,0.940567447,0.463214893,1.128175206,1.12088443,0.896172873,1.374960194,1.474729049,1.27597015,1.263372246,0.925548531
"1,3-Dihydroxy-2-propanyl (9Z)-9-tetradecenoate",27.84100107,52.59405848,24.43762936,35.83721549,49.52666678,25.89127799,34.46866346,23.58606752,25.58644546,30.16209136,33.36900979,27.09189014,35.87793755,14.89681565,12.07646426,22.41562855
"1,3-Dihydroxy-2-propanyl 22-methyltetracosanoate",3.807508353,16.01311735,8.658265363,10.92926096,3.210810813,2.875856449,3.217797092,2.764577054,3.222872682,2.98830206,4.36561526,1.002233979,1.737677128,2.731357324,1.677988944,1.344400758
"1,3-Dihydroxy-3,4a,8,8-tetramethyl-4-[(2Z)-3-methyl-2,4-pentadien-1-yl]decahydro-2-naphthalenyl acetate",0.581215896,0.799867353,0.621464833,0.678647066,0.595222936,0.589728495,0.644515497,0.694145615,0.526209542,0.655176895,0.62308879,0.722799292,0.633774897,0.714648479,0.71832119,0.705204233
"1,4,5-Trihydroxy-5-hydroxymethyl-2-methoxycyclohex-1-en-3-one",0.288551111,0.233324606,0.528684193,0.434343018,0.171321375,0.191528521,0.289122777,0.303440584,0.493807167,0.693128808,0.482232793,0.333753369,0.323965913,0.326305332,0.343951365,0.413934229
"1,7-Dihydroxy-3-methoxy-2-prenylxanthone",0.508265032,0.632885341,0.40088096,0.610342303,0.517344073,0.566947259,0.594010413,0.59200186,0.459524248,0.573268253,0.611973204,0.704939961,0.527939931,0.582886458,0.787797521,0.645766948
"1,7-Dihydroxy-6,6-dimethyl-3,5,5a,6,7,8,9a,9b-octahydronaphtho[1,2-c]furan-9(1H)-one",0.402485824,0.256618041,0.272794654,0.305137765,0.366740601,0.282580118,0.316455961,1.312118623,0.231014698,0.220045341,0.326301524,0.402263534,0.235164947,0.308955036,0.480499791,0.325571132
"1-(2-Ethoxyethyl)-2-(4-methyl-1,4-diazepan-1-yl)-1H-benzimidazol-5-ol",0.297363973,0.235207338,0.147220626,0.320427485,0.217752663,0.192664804,0.2084429,0.246496962,0.26804828,0.308185803,0.198833451,0.291740019,0.293532598,0.284967998,0.362344458,0.192859362
"1-(3,4-Dihydroxyphenyl)-7-(4-hydroxyphenyl)-3,5-heptanedione",0.851643099,0.954198233,0.898787522,0.933125069,0.819207125,0.854915698,0.957377231,0.869434988,0.776256809,0.956641903,0.68600862,1.037401333,0.792918655,0.976971738,0.819022731,0.944430568
"1-(7-Amino-2,3-dihydro-1H-pyrazolo[4,3-d]pyrimidin-3-yl)-1,4-anhydropentitol",3.024027028,4.302590554,4.59548857,4.438346204,1.552774237,2.410020351,1.478433576,0.586852338,0.376693437,0.458366176,1.789088727,0.458917293,0.440297058,0.51097316,0.613530942,0.737007325
"1-(9Z-hexadecenoyl)-2-(9Z,12Z-octadecadienoyl)-sn-glycerol",0.187876985,0.310646995,0.243897414,0.256209698,0.2263528,1.58999501,1.408827334,1.646400498,0.8420538,1.279612513,1.247248535,0.829782149,0.322934467,0.514644588,1.064239795,0.38118624
1-(Decanoyloxy)-3-(octanoyloxy)-2-propanyl tridecanoate,0.074643501,0.126669859,0.098329329,0.122171968,0.079127431,0.069302558,0.089981675,0.093973059,0.089004918,0.100335455,0.115997869,0.110188764,0.10519385,0.104782063,0.148306631,0.112637208
1-(Propyldisulfanyl)-1-(propylsulfinyl)propane,2.511498876,2.244387042,2.348026589,2.984828991,2.010139232,2.958661453,3.750419777,20.30093474,3.187240211,8.275617815,5.914620269,4.790016441,4.289877197,4.574860633,9.366873704,3.315815914
1-(malonylamino)cyclopropane-1-carboxylic acid,5.508546263,5.613732326,8.99562652,6.535169924,6.707916842,5.229975133,5.223792935,3.979699865,3.45218406,3.898105164,8.981926173,2.802170976,3.027025992,4.411551807,2.847690646,6.832236511
1-(sn-glycero-3-phospho)-1D-myo-inositol,0.377439121,0.282162388,0.420813034,0.334444965,0.259082435,0.257544216,0.340940259,0.375476264,0.307565997,0.324689024,0.419409534,0.316377798,0.327113537,0.340220251,0.424260925,0.341661824
"1-(β-D-Ribofuranosyl)-1,3,4,7-tetrahydro-2H-1,3-diazepin-2-one",1.695069963,1.944554857,3.373171141,1.993407867,1.696004713,1.955511093,1.917812751,1.67920521,1.020326893,1.182312544,1.963740542,1.297731232,1.264542991,1.12679175,1.596681647,1.896285102
1-(β-D-ribofuranosyl)thymine,3.034633453,2.41903221,2.141951809,6.822889508,1.755820071,3.18387704,1.575622978,3.330136531,1.998348378,3.622393212,2.024330943,3.911443112,2.791142842,1.229936622,4.066176931,3.013745983
1-Acetylcyclohexyl acetate,7.134803655,4.42904269,10.0591105,7.699822436,8.062801249,7.390383392,8.970400348,8.026267049,5.894487906,6.482264356,6.816467791,6.56482753,7.541139451,7.23253951,5.417825455,7.062705478
1-Isopropyl citrate,0.765443512,0.775010882,0.821518523,0.893394148,0.594518222,0.738808029,0.694665774,1.004552284,0.604174993,0.828853799,0.898299805,0.742851549,0.702399485,0.779498228,1,0.754731431
"1-Isopropyl-4,8-dimethyl-9-oxospiro[4.5]dec-7-en-2-yl acetate",0.123303786,0.179691805,0.136127854,0.144018967,0.116464831,0.12214172,0.13413612,0.143275592,0.109159374,0.140017551,0.183436024,0.140645668,0.138859765,0.153519937,0.197629191,0.153683383
1-Methylinosine,5.186979732,27.94386908,5.549388356,5.514555364,4.48580922,4.453585808,3.445315091,8.935852799,3.465269901,6.952427849,2.049175167,5.040641259,1.729543098,1.771240609,2.090410533,1.889400578
1-Myristoyl-2-hydroxy-sn-glycero-3-PE,13.94869863,4.375987713,25.67325994,11.22855199,2.450822256,5.998889802,6.875130311,14.91259432,10.46244612,3.868463719,5.315513881,6.818142779,4.218111593,3.57130082,5.85867049,2.85075644
"1-O-(9,16,17-Trihydroxy-18-oxokauran-18-yl)hexopyranose",2.545330957,1.918292615,1.317277404,2.628115203,1.742539604,2.023890179,2.440454381,1.654098131,1.658491118,2.2539755,2.566679769,8.41658341,2.518535564,2.781272835,2.793748402,3.116486517
1-O-(indol-3-ylacetyl)-β-D-glucose,0.070401828,0.107189676,0.077868794,0.082710625,0.065363868,0.073753448,0.078889726,0.084144062,0.064309317,0.074076321,0.103214765,0.071007597,0.070012654,0.088710329,0.109034001,0.082532032
1-Octadecyl Lysophosphatidic Acid,2.419106542,4.359922883,1.909965412,2.22221044,2.489430857,2.670667646,2.93202068,2.742742401,2.514329966,2.804530842,3.492211938,3.090036262,2.820496594,3.595141827,3.650589698,3.27315917
1-Oleoyl-rac-glycerol,1.037057825,1.309936077,1.049452622,1.470714913,1.094266981,0.748512601,0.860358195,0.767392112,0.930437773,0.744455733,1.070996192,0.918111745,0.732278944,0.988549242,0.847747445,0.793452392
1-Palmitoyl-2-hydroxy-sn-glycero-3-PE,79.55452233,71.72062731,214.4662462,79.17101541,14.80921112,52.46469164,36.05419505,123.4050763,123.0070226,46.39774033,58.92210959,62.51961999,35.76250117,75.77220532,166.6710056,32.96882978
"1-Pentofuranosyl-2,4(1H,3H)-pyrimidinedione",22.29399608,5.038379302,12.10635449,24.79718771,3.981483564,19.42861089,10.67879145,29.4520548,9.934946471,36.98685324,14.67253934,28.28357426,21.17119607,9.995121138,25.60084472,6.585839047
"1-Phenyl-1,3-octadecanedione",5.040204083,8.673978526,4.384324022,10.71573941,4.972443077,5.831478258,6.257360344,5.352237351,4.183227316,3.506861289,9.326972742,8.695063877,5.512472023,3.35741657,11.65246777,7.626392537
1-S-[(1E)-N-Hydroxy-9-(methylsulfanyl)nonanimidoyl]-1-thio-β-D-glucopyranose,0.121685962,0.165209355,0.146825053,0.168472146,0.106735711,0.130635575,0.137906852,0.149056111,0.091448132,0.101871025,0.153005222,0.105826436,0.09907364,0.113413842,0.137720118,0.152528228
1-Stearoyl-2-oleoyl-sn-glycerol,5.088001963,4.462320116,3.477015527,3.549777419,2.108317708,3.51204858,4.354839198,3.617248869,5.126439929,3.257515201,3.59629634,2.756568025,2.781868324,4.770037715,4.560386247,2.569799485
1-Thio-β-D-glucopyranose,6.098948202,3.307460822,7.220394589,4.267196973,4.238555128,4.868708887,5.65556619,5.612819563,5.072480456,3.58279413,7.786175066,2.868580178,4.698580611,6.158686518,3.108595716,4.983230205
"1-[4-(1,2,3,4-Tetrahydroxybutyl)-1H-imidazol-2-yl]ethanone",2.286649786,2.722008674,5.374896388,3.178247444,2.715215432,1.448271529,1.381286985,1.719826745,0.85184191,1.634332687,1.832980995,1.191487899,1.708405532,1.865501043,1.333024105,2.417579713
"1-[4-hydroxy-5-(hydroxymethyl)tetrahydrofuran-2-yl]pyrimidine-2,4(1H,3H)-dione",37.33874209,32.92516986,66.1614758,56.02324287,38.77492418,44.30931924,60.78339329,16.49053838,18.98712768,10.24542956,45.27020133,11.8131527,11.12786536,16.52136085,12.38653676,44.69896324
1-[5-(4-Hydroxy-2-butanyl)-2-methyltetrahydro-2-furanyl]-4-methyl-2-pentanone,0.150065272,0.255436113,0.2766952,0.533227684,0.387040236,0.190659901,0.161188186,0.169735605,0.219012864,0.238882224,0.308377037,0.185898759,0.172444419,0.496625631,0.224706102,0.361032337
1-heptadecanoyl-sn-glycero-3-phosphate,17.93237378,11.39751263,9.072051887,13.03889277,3.116122078,5.374994923,4.159897521,5.477727397,9.303627945,7.5260286,6.352437131,22.88988775,10.45425579,3.444626796,23.61730261,7.736056751
1-linoleoyl-sn-glycero-3-phosphoethanolamine,0.090371911,0.142084948,0.098886874,0.117318492,0.210731145,0.176097448,0.100004536,0.108114974,0.136433099,0.102753307,0.122272952,0.147536746,0.092526015,0.119059538,0.130281765,0.105900854
"1-methyl-1,2,3,4-tetrahydro-β-carboline-3-carboxylic acid",0.914419453,1.042764427,0.767262039,0.912320577,0.825614447,0.777399291,0.557432785,0.778514765,0.647556852,0.79925119,0.545649841,0.661956068,0.673139607,0.57945097,0.710447851,0.486029767
1-nonanoic acid,1.083516569,0.655742074,0.297248519,0.338838249,0.407565103,1.10380728,1.214867202,1.567041984,0.635920507,1.316765462,0.474839875,1.405875239,0.3305612,0.575968259,0.487463281,1.843490973
1-stearoyl-2-arachidonoyl-sn-glycero-3-phosphoserine,0.198911413,0.18189279,0.155053922,0.38611498,0.316702713,0.212183547,0.343775994,0.189193949,0.442014064,0.515799227,0.137593082,0.319195261,0.143201832,0.180317256,0.171349476,0.138404444
"10,16-Dihydroxyhexadecanoic acid",6.850414149,11.96254827,6.159475013,7.414212403,5.697080114,5.048017984,6.467671482,6.240426419,5.125568899,6.168213085,6.841743436,3.56025398,3.641566117,6.204706819,5.143689993,2.751724787
"10-(3,4-Dihydroxy-5,6-dimethyl-2-heptanyl)-5,6-dihydroxy-7a,9a-dimethylhexadecahydro-3H-benzo[c]indeno[5,4-e]oxepin-3-one",1.80631906,4.310209699,2.147203314,2.466805917,2.889698682,4.907918701,3.817149842,2.606196891,1.867398607,2.227595598,3.129836192,4.881218328,3.848878753,2.761485635,2.623110023,5.732973294
"10-Ethyl-4-propyl-5,9,10,11-tetrahydro-1H-furo[3′,4′:5,6]cyclonona[1,2-c]furan-1,3,6,8(4H)-tetrone",0.078469035,0.117033244,0.098223234,0.105213925,0.099730146,0.081237505,0.091523584,0.091478263,0.083250572,0.096801747,0.102253222,0.094122119,0.108801764,0.106906387,0.111307523,0.090659841
10-GINGEROL,0.814155289,1.09372235,2.095469685,0.976320692,1.264599293,1.130102359,1.428188305,1.150717352,0.849045262,1.123150914,1.275876423,1.450579426,2.093509659,1.075663222,1.602845388,2.186976921
10-HDA,1.063878591,0.522003072,1.245809948,0.900710549,1.836380193,0.565926534,0.696827748,0.41430366,0.901334194,0.658670004,0.919582702,0.842716839,1.185426386,0.893983677,0.486014093,0.807286083
"10-[(5E)-3,4-Dihydroxy-5-isopropyl-5-hepten-2-yl]-5,6-dihydroxy-7a,9a-dimethylhexadecahydro-3H-benzo[c]indeno[5,4-e]oxepin-3-one",0.497564113,0.583223497,0.776484739,1.213464913,1.843850494,0.650046115,0.645001762,0.744691345,0.921107922,2.067415298,0.571594606,0.662328495,1.446556988,0.706383933,1.082836468,1.004832166
10-oxo-8-decenoic acid,1.669774926,0.937983956,1.20507056,1.43899782,1.477900857,1.539090578,1.40914667,1.884794983,0.782477362,0.695826066,0.466453937,0.700688925,0.860691054,0.859238371,0.427394384,0.441445725
11(E)-Eicosenoic Acid,1.101814845,0.311788209,1.047174158,3.327149425,1.227303281,1.346609136,1.619032376,2.806524333,1.306468384,3.113252068,3.340200531,1.624806394,1.661516405,2.51784052,2.954494657,1.267855853
"11(Z),14(Z)-Eicosadienoic acid",163.7565299,169.6180974,131.2430232,234.6661346,137.4265192,156.5156775,139.8557185,184.9262535,159.2377878,163.6224336,149.9429172,108.2873929,133.8868408,181.969263,151.6112218,176.5262113
12(13)Ep-9-KODE,2.36049311,2.683405043,2.815535549,2.358761286,1.264735989,2.834985678,2.055621821,3.63832108,2.865813136,3.100373206,2.495195656,3.524680851,2.461513857,2.460231763,2.632612166,1.89615798
"12,13-DiHOME",3.214725122,4.462566481,2.840527563,3.460202243,2.865541174,2.517256246,2.326101327,3.102989213,2.56589357,1.637050169,1.641468588,3.03715703,2.857142424,1.31238168,2.711088214,2.982903568
12-HSA,9215.044872,15055.95778,16943.83648,10972.77483,12824.5139,9037.061603,7143.343697,3289.03724,4159.922587,4721.136229,7796.917765,6422.904408,6530.527956,9203.34959,7459.514766,11549.38006
12-Hydroxydodecanoic acid,2.152091098,1.494088723,4.69463836,1.525053632,1.89021251,1.188605074,1.33506441,0.997063954,1.139509909,0.657762446,1.305674592,1.36027599,0.776625967,1.081071853,1.264181614,1.623205539
12-Hydroxylauric acid,9.59993061,7.612722094,17.92704855,12.81238154,8.98949348,6.626816343,6.29285376,6.677696737,6.479867256,5.742703356,4.816028872,7.97701429,6.816050127,6.112533559,7.258734528,9.923024982
12-oxo Phytodienoic Acid,0.176316499,0.272747291,0.166210365,0.179582862,0.182575587,0.176143962,0.185992166,0.189552991,0.149773631,0.165987877,0.231361071,0.179860468,0.16428803,0.23182471,0.212077824,0.190598772
13(S)-HOTrE,16.97805094,15.80020817,17.60559991,11.0689898,7.253860718,6.627590203,12.94853982,20.26520101,9.238058063,9.943132688,12.33205302,8.795953066,10.91142947,10.92847399,10.74091655,5.71053823
13-Heptadecyn-1-ol,0.304055821,0.118557971,0.284791929,0.13301121,0.168448757,0.882569722,1.425693567,0.434713537,0.451262123,0.70986949,0.247398553,1.019027617,0.31464023,0.404001444,0.550592274,0.396436107
13-Hydroxy-9-methoxy-10-oxo-11-octadecenoic acid,1.195630319,2.550602967,1.376258072,1.763492276,2.022324085,1.254000756,1.467716555,0.568591297,2.507527049,1.463682333,1.35606678,2.798197689,0.923426455,1.50083012,0.740891555,1.089233129
13S-hydroxyoctadecadienoic acid,35.9296391,15.73181885,49.73992205,31.48351859,18.23555718,46.01391195,30.13177232,72.88327801,28.75870767,49.71670291,28.49825981,54.31023453,27.47700564,34.0930896,87.09686019,31.13816076
"13Z,16Z-Docosadienoic Acid",1.235294541,7.42441752,0.804356949,2.735176955,1.231394657,1.271846186,1.760192534,4.243703607,1.314938819,3.924029292,7.027104941,1.688944618,1.915521138,4.22888658,3.000119079,1.617196481
14(Z)-Eicosenoic acid,920.9073752,2274.09339,476.6628139,2524.56489,975.6234464,834.9438047,473.2979401,1201.005949,798.5320237,2099.459012,922.1731087,670.2541466,1364.00334,1520.328155,1569.852637,1115.287961
"14,18-Dihydroxy-12-oxo-9,13,15-octadecatrienoic acid",0.482518199,0.513677806,0.489859835,0.539283643,0.563846962,0.437251149,0.521471016,0.497654872,0.417427652,0.564075628,0.557571761,0.48209879,0.517334033,0.614779576,0.545598291,0.496100936
"15-Deoxy-δ12,14-PGJ2",0.135888301,0.203411823,0.166288466,0.166236521,0.129934714,0.138851586,0.142033993,0.167733933,0.140447587,0.154540088,0.19270963,0.150355044,0.143526636,0.177418,0.213357125,0.155770346
15-OxoEDE,1.255518997,0.963842585,0.567987225,0.447981018,0.699819915,0.802467692,0.411701851,1.595612614,0.794970302,2.330176476,0.836207126,0.912373829,0.423650071,1.286589884,2.775907319,0.584604624
15S-hydroxyeicosatrienoic acid,28.67777818,30.07779609,8.590405401,21.51997496,27.63393727,41.65661352,14.02843808,15.1011806,17.62143454,52.23694875,9.915654221,10.6773053,11.14110418,12.77030259,8.064304929,9.481519117
"16-Heptadecyne-1,2,4-triol",0.254190317,0.308544243,0.274901688,0.277420626,0.217100014,0.266336271,0.220846926,0.262312021,0.248820006,0.222597642,0.278178148,0.331945933,0.451350318,0.347073217,0.295917745,0.311846493
16-Hydroxyhexadecanoic acid,6.540591614,9.082782756,6.874264716,7.731049209,7.017042154,6.511188407,5.09915056,5.962133091,5.699897674,7.850372242,5.213000442,9.243487355,5.523056898,4.680197357,7.956127669,6.713362855
16-feruloyloxypalmitic acid,22.29244709,15.19169323,13.90907464,9.271001462,22.81380174,32.51501421,31.63112485,60.26232876,68.39037043,46.93259822,22.527678,52.68790379,55.82904341,31.66592772,47.03526726,30.813072
17(S)-HpDHA,0.161231663,0.176499624,0.143114274,0.151914099,0.744757943,0.22094674,0.257631946,0.155438479,0.16308707,0.139758753,0.166857514,1.165643633,0.125344812,0.169578044,0.225305049,0.144504183
"17,21-Dihydroxypregnenolone",0.131655531,0.190500216,0.152194253,0.159340497,0.125136908,0.126958589,0.137316438,0.157315201,0.125398636,0.145717639,0.185340381,0.145762262,0.139611454,0.165821919,0.207614666,0.157096822
18-β-Glycyrrhetinic acid,0.486255696,0.685590626,0.530152231,1.001113551,0.886374829,0.572406212,0.403420876,0.732099385,0.818897048,0.559826907,0.562420558,0.891330422,0.533200437,0.668489261,0.595886965,0.785781075
1β-Hydroxycholic acid,696.0679341,675.5205805,820.3268576,1172.891861,860.3806154,703.216096,1028.546995,815.9815738,636.675382,595.2979029,482.9978575,612.1719521,833.6984999,635.3482637,641.2023247,718.6724834
"2,2'-Methylenebis(4-methyl-6-tert-butylphenol)",0.61019517,0.691716061,0.721945059,0.710992726,0.524941561,0.61673446,0.859950133,0.74575379,0.507289917,0.664212418,0.91068299,0.622280753,0.627684252,0.64267309,0.909312196,0.7972585
"2,3,4,5-tetrahydrodipicolinic acid",0.967461246,1.633329007,1.256553882,1.611055287,1.774159332,0.49456199,0.940261323,1.13350591,0.837620818,0.814054156,1,1.070563034,0.964111634,1.25683311,1.45822399,1.10108943
"2,3,4,9-Tetrahydro-1H-β-carboline-1,3-dicarboxylic acid",0.079294145,0.112441481,0.086962446,0.097718324,0.075766993,0.077212543,0.081486297,0.09510768,0.073592915,0.085788485,0.102276861,0.084641165,0.087622159,0.114069857,0.115748673,0.085824409
"2,3-Bis(octanoyloxy)propanimidic acid",0.387858556,0.566471376,0.388068135,0.444097231,0.439652168,0.418941971,0.464718395,0.453787097,0.397918248,0.463088513,0.427765923,0.730907413,0.593924449,0.533540978,0.702265696,0.739678603
"2,3-Dihydroxyolean-12-ene-23,28-dioic acid",0.832163465,1.14522055,0.989071497,0.971661817,0.830079676,0.831843216,0.922793497,0.921452609,0.753407398,0.882873428,0.960589735,1.034877344,0.870740437,1.023207312,1.074360768,0.938269985
"2,3-Dimethoxy-5-(7-methoxy-3,4-dihydro-2H-chromen-2-yl)phenol",0.394317037,0.495753975,0.503508639,0.486169437,0.417704452,0.420533942,0.420349736,0.565518053,0.651301532,0.450502388,0.455962647,0.423403244,0.436827168,0.544392415,0.522019554,0.436749366
"2,3-dinor-8-epi-prostaglandin F2α",0.679354811,0.747864149,0.716793742,0.73883662,0.642063272,0.670050288,0.75205739,0.799557464,0.608400453,0.811060766,0.62828716,0.813075562,0.678247245,0.765713153,0.6807796,0.740208626
"2,4,6-Trihydroxy-2-(4-hydroxy-3-methoxybenzyl)-1-benzofuran-3(2H)-one",0.326977418,0.346644136,0.297384129,0.297620139,0.291905733,0.396102935,0.409959459,0.511888817,0.302971164,0.438769576,0.411298516,0.421576736,0.294987091,0.42517614,0.510179471,0.332252457
"2,4-Bis(2-phenyl-2-propanyl)phenol",0.266753488,0.358274909,0.306474965,0.331317866,0.26952851,0.256065996,0.315580184,0.394535097,0.205038451,0.267336731,0.341398163,0.360539882,0.299894752,0.401468318,0.571896994,0.362221987
"2,4-Dideoxy-2-ethylpentaric acid",0.588267352,0.370620158,1.313114997,0.876208721,0.604308255,0.656433885,1.088628687,0.950393701,0.721628047,0.694012987,1.034095023,0.682802794,0.70554071,0.906114764,0.878751602,0.786668018
"2,4-Dihydroxy-6-[(2E,6E,10E)-3,7,11,15-tetramethyl-2,6,10,14-hexadecatetraen-1-yl]phenyl acetate",0.099917504,0.147995978,0.121177428,0.11813746,0.102703807,0.105471924,0.102000522,0.449486157,0.095624451,0.113086076,0.136676465,0.116721876,0.104647969,0.129787187,0.145659719,0.118336902
"2,4-dihydroxyheptadec-16-ynyl acetate",9.685434918,12.05773697,8.833543822,12.17390226,8.351789168,7.804521217,7.921122998,8.101365664,7.855978034,6.397792604,9.236821569,6.120987107,7.300160222,8.202153046,10.0446725,9.645676686
"2,5-Dimethyl-3-thioisovalerylfuran",0.193383651,0.357386808,0.307368978,0.32771394,0.466977416,0.235133718,0.248731799,0.250732382,0.186190347,0.235463886,0.49392077,0.266682814,0.227546622,0.296839315,0.301371864,0.34875882
"2,5-di-tert-Butylhydroquinone",2.912751865,4.293169556,3.775996992,3.022644831,4.164196967,3.505442997,4.306689848,1.854150467,4.175170238,7.658140108,5.416391958,4.287302776,3.704490736,5.26227286,4.017950562,3.931389777
2-(1H-indol-3-yl)acetic acid,12.66414174,5.80601956,16.14956768,9.810322381,13.7770127,14.99313082,14.90736,21.40376968,8.250597011,18.27975633,5.947006632,26.04685422,26.58356189,6.681520219,40.06766392,35.79914119
2-(2-Acetoxy-2-oxoethyl)-2-hydroxysuccinic acid,0.131013077,0.111399124,0.19213774,0.091924466,0.070000372,0.081907973,0.07764034,0.096896822,0.139795562,0.085214837,0.2159029,0.072866403,0.080923115,0.09424727,0.123024821,0.085499359
"2-(3,4-Dihydroxyphenyl)-3,7-dihydroxy-5-chromanesulfinic acid",0.113120455,0.153137974,0.13066142,0.139399839,0.130964685,0.114912937,0.124856421,0.130038315,0.110733889,0.123687077,0.132356846,0.11688104,0.123594131,0.140071172,0.15186589,0.128413663
"2-(3-Hydroxy-4,5-dimethoxyphenyl)-7-methoxy-8-chromanol",0.065497705,0.093410603,0.075268937,0.084528652,0.055662676,0.061635637,0.066925785,0.080993464,0.27467206,0.074642172,0.091111528,0.068642231,0.074983905,0.100360387,0.103040329,0.073957911
"2-(4-Isopropyl-4-methyl-5-oxo-4,5-dihydro-1H-imidazol-2-yl)-4-methylbenzoic acid",0.24617419,0.149668423,0.321544303,0.163934932,0.124544989,0.11456303,0.121022072,0.131787138,0.108798873,0.127827617,0.140502392,0.122169277,0.120774897,0.135757865,0.148158216,0.122532567
2-(4′-methylthio)butylmalic acid,1.914587596,1.798631382,1.681737386,2.227821508,2.27490213,1.816331531,1.528926473,1.936831392,1.889913204,2.173703912,1.581232995,1.901066965,1.94058396,2.192729487,1.923801691,1.732486251
2-(6-Amino-9H-purin-9-yl)-6-deoxy-D-erythro-hex-5-en-2-ulofuranosyl,2.139701637,2.555336374,4.753451696,4.135710352,2.020455579,2.699035086,2.827505706,2.442188642,2.284489101,2.443663269,5.378005608,2.590042102,2.565825806,3.371282082,4.453277551,4.842371057
2-(6′-methylthio)hexylmalic acid,9.179432049,11.55822391,11.64763854,14.76900609,18.78612956,9.335677697,13.71905088,6.176091563,8.286863303,6.824053365,8.643505042,6.54000179,6.991097926,7.88200802,5.872989972,10.32204594
2-(Methylthio)-3H-phenoxazin-3-one,0.399960573,0.363400953,0.450080336,0.476632029,0.279751321,0.459008579,0.397442427,0.663730928,0.588908066,1.712489189,0.356468407,2.023897919,0.514924886,0.299009573,0.476627625,0.316097833
2-(Sulfooxy)pentanoic acid,1.604479142,0.914509567,1.21110555,4.022328978,0.871770647,0.685218071,0.520575481,0.523515835,0.985038532,0.389182952,0.565827505,2.033611282,2.20758383,0.965029047,0.525581226,0.624201982
2-Amino-3-hydroxy-15-methyl-1-hexadecanesulfonic acid,3.455187083,9.152180908,5.216542056,3.339906151,5.39408172,3.694020294,2.861569138,3.851079391,5.468244747,2.59928629,3.291401261,3.022467751,2.579988739,4.329912088,2.215978796,2.075446514
"2-Amino-5-{[(4,5-dihydroxy-2-cyclopenten-1-yl)amino]methyl}-4H-pyrrolo[2,3-d]pyrimidin-4-on",0.785997901,0.88334711,1.292225587,0.975373736,0.751638964,0.855300411,0.871199054,0.723296824,0.463500841,0.537085578,0.892062534,0.589516479,0.684627138,0.456615731,0.725319789,0.861419753
"2-Amino-9-(2-deoxypentofuranosyl)-3,9-dihydro-6H-purin-6-one",0.259667333,0.194119663,0.289507347,0.230088582,0.178241314,0.177757361,0.234557159,0.337593525,0.814091368,0.223376774,0.288541779,0.217658888,0.225044769,0.234061814,0.291879398,0.235053575
2-Deoxyhexopyranose,0.132534699,0.109921261,0.13938334,0.120220746,0.103385489,0.115355668,0.110582437,0.137422328,0.110755697,0.140457907,0.163710509,0.14124977,0.134156158,0.144711787,0.176532713,0.122156874
2-Ethylhexyl sulfate,5.772044547,6.792466771,6.213903572,9.062249462,10.40111063,6.500961944,8.02751251,5.447957673,6.337334147,6.746162165,5.16682057,6.557159788,6.486767132,7.349771464,5.176034084,6.708335467
2-Hexenoylcarnitine,0.124517997,0.115880898,0.109264718,0.104430128,0.102367428,0.084026907,0.083051071,0.158916239,0.123718384,0.29950816,0.301278349,0.090710686,0.125087982,0.108494376,0.126695193,0.095936979
2-Hydroxy-2-(2-oxopropyl)succinic acid,1.992965209,1.208669448,1.424860125,1.397583868,0.892312525,1.823701539,2.187567398,2.469083328,1.881264222,1.497355024,4.51581129,1.955102549,2.285372111,5.98622271,2.424721469,2.821927286
2-Hydroxy-6-methoxy-4-vinylphenyl hydrogen sulfate,1.762696558,1.334361805,1.363636833,1.198175667,3.432549925,2.68594574,1.208225929,10.57319634,39.29527883,6.080140247,12.16917939,5.186704608,10.70434332,18.10465498,3.991917359,1.903619166
2-Hydroxyethyl 12-hydroxyoctadecanoate,1.047250357,1.185545957,2.291346054,3.223068761,3.043584076,1.53402527,1.144181238,0.889485384,1.510711881,0.524906516,1.489441756,0.438937168,0.722844966,1.145545221,0.985189566,1.981639933
2-Hydroxymyristic acid,1.366880031,1.268740275,1.346384475,1.454424583,1.221527223,1.335893688,1.308892793,1.034370298,1.251988293,1.081250865,1.164926743,1.234375369,1.161054457,1.080966122,1.29989664,1.375754216
2-Hydroxyphenylacetic acid,0.324292699,0.329640619,0.453848798,0.451948523,0.391601958,0.443356507,0.38848926,0.325229107,0.187086942,0.145868344,0.286769517,0.294223637,0.218758485,0.153901011,0.135779811,0.263954629
2-Isocapryloyl-3R-hydroxymethyl-γ-butyrolactone,0.074890437,0.099766177,0.08954607,0.092184856,0.077496428,0.074154945,0.07785611,0.106656681,0.09039724,0.125842368,0.098377065,0.078257916,0.094818737,0.130922958,0.130517182,0.082721348
"2-Isopropenyl-6-(2-methyl-3-buten-2-yl)-2,3-dihydro-7H-furo[3,2-g]chromen-7-one",0.18517321,0.260988735,0.246861839,0.24731837,0.153704391,0.144747989,0.152974158,0.186361056,0.136357478,0.162602719,0.304596848,0.162645316,0.164005591,0.183280469,0.230494781,0.208108257
2-MeO-E1,0.256141674,0.399658158,0.403130984,0.454938234,0.738571454,0.279736641,0.608231606,0.144922284,0.156533072,0.143648923,0.679042592,0.256473763,0.151222198,0.18803493,0.148232667,0.449282342
2-Methyl-3-furylacrolein,0.170284094,0.219482325,0.213652351,0.207988781,0.14728742,0.170275289,0.19049684,0.196514272,0.283462171,0.172778485,0.214682938,0.169142621,0.190943284,0.225934941,0.239605776,0.203154474
2-Monocaprin,2.372741275,2.806028102,2.716495979,3.286389646,5.344558716,2.230312568,1.662569919,1.708333252,6.001981925,2.154329072,2.263149413,2.101151326,1.684666031,2.193149581,2.364505877,2.263744045
2-Monolaurin,2.639439505,3.088304853,3.268831355,3.37422146,3.915268177,2.77137709,2.542030411,2.011963239,3.327508452,2.163598771,2.888548606,3.527588952,2.879102682,2.558537714,2.62780602,3.176510471
2-Monolinolein,12.20452527,38.24277266,16.89834963,40.1559834,5.383465045,1.906047576,1.025643484,0.542687777,4.067800337,0.979433416,4.674754355,0.498736201,0.492915914,4.139276124,0.66431709,0.585550671
2-O-ETHYL ASCORBIC ACID,0.461867203,0.428860505,0.583601458,0.566146798,0.753293687,0.997392004,0.778190346,0.565423168,0.272013242,0.589088597,0.425358028,0.393202328,0.818921595,0.273446215,0.923774433,0.372577511
2-Oxobutyric acid,0.924947109,0.843675664,0.135199871,0.158565449,0.148451399,0.160598338,0.975354059,0.157293792,0.71285298,0.948664095,0.587323099,0.913417166,0.847132817,0.114576085,0.129522161,0.127545109
2-Oxosuberate,3.466794313,0.422991012,0.403241428,0.4364284,0.361675083,0.45268468,0.476976297,0.502342924,0.988316772,0.382373898,0.424267033,0.385177535,0.355217633,0.509487566,0.439513433,0.371554313
2-Sulfosuccinic acid,0.345110077,0.077671488,0.583163768,0.184011522,0.073708721,0.057109194,0.109426856,0.618121406,0.28571372,0.347353686,0.207984432,0.205423872,0.316657709,0.375141923,0.130984587,0.530090775
"2-[(1S,2S,4aR,8aS)-1-hydroxy-4a-methyl-8-methylidene-decahydronaphthalen-2-yl]prop-2-enoic acid",0.65754414,0.405671268,0.784174545,0.564567414,1.100106689,0.80828714,0.69257959,0.985656382,1.282171656,2.08286437,0.985462024,2.023762183,2.378575898,1.045804767,1.315289872,0.415292018
2-[(2-Amino-2-carboxyethyl)thio]butanedioic acid,5.82158834,8.241187547,8.964635949,8.810027395,6.400008706,4.159183177,4.0909886,3.079635866,2.799792946,2.479429415,3.767628066,5.095673725,4.848526635,4.952029272,3.916973611,6.186659908
"2-[(2S,4aR,8aS)-2-Hydroxy-4a-methyl-8-methylenedecahydro-2-naphthalenyl]acrylic acid",525.3473719,99.14577845,613.3660831,528.307033,591.7374777,460.4562997,545.1148328,338.1693514,263.9682793,308.8634007,460.1711427,328.181612,253.6123829,345.3834758,247.974051,413.7038706
2-[(4-Nitrophenoxy)methyl]oxirane,0.188638498,0.369873489,0.104461013,0.101809747,0.114351553,0.307788393,0.462767169,1.178994564,1.806796856,0.502312708,0.332833919,1.031586095,1.317766426,12.92628605,3.231603942,2.338201288
"2-[4-(3-Hydroxypropyl)-2-methoxyphenoxy]-1,3-propanediol",0.100988012,0.121133099,0.101953528,0.205015954,0.113686574,0.088277889,0.236339579,0.318537791,0.086310339,0.098103328,0.209337854,0.209864362,0.194861576,0.237520215,0.186664387,0.155001967
"2-amino-2,3,7-trideoxy-D-lyxo-hept-6-ulosonic acid",0.762002055,0.997007835,0.570961151,0.756105939,0.956107835,1.219392927,0.891945114,0.708252027,0.552994129,0.670909645,1.323745683,0.749288371,0.750054879,0.557752099,0.76559288,0.987796095
2-arachidonoylglycerol,0.818924142,1.160885115,1.013955537,0.994919744,0.913115639,1.015997683,1.173191374,1.092496408,1.068221248,1.03208098,1.315894952,1.530734802,1.120231502,1.19207692,1.41230756,1.290650982
2-deoxy-D-ribonic acid,0.539032009,1.434304744,1.366485412,0.977316585,1.493805363,1.322919856,1.056659599,0.681751673,0.410030736,0.562511752,1.035464874,0.521883692,0.49920384,0.529015991,0.683524576,1.456271026
2-methoxyacetaminophen sulfate,0.683982405,0.78465275,0.807747623,0.804365564,2.417369831,0.789073731,0.773861968,0.642484518,1.066721923,0.456596355,0.792394419,0.523651146,1.271398358,0.916197943,0.52701482,0.735720432
2-methylcitric acid,0.129148096,0.104303257,0.160211716,0.099576914,0.064711734,0.075719697,0.080245501,0.250474242,0.144123645,0.177530251,0.213292489,0.083652454,0.100854236,0.10338622,0.110794998,0.09872791
2-monolinolenin,7.348194888,13.54463144,10.6452071,9.304397919,9.56821573,10.46382166,12.83315105,11.30930185,8.089948245,15.08773738,13.86897535,11.89788705,12.55763127,13.17248243,17.10080672,21.32205193
2-oxo-7-methylthioheptanoic acid,2.916123868,0.139071523,2.050546254,1.204823648,0.88765636,0.88002062,0.888230469,1.247890617,1.180182553,0.499523209,0.485731426,1.602119309,0.75453717,1.727002417,2.099919291,0.894311499
22-Oxodocosanoic acid,3.457531668,5.259862764,3.589929452,5.420249013,3.912680809,3.678324886,3.733280113,3.818229729,3.983054672,3.195720137,3.498620853,3.85877877,3.49422374,4.532799341,3.527900333,4.659195582
2′-Deoxycytidine,2.535304227,1.626650629,3.259801865,3.431114485,1.511328941,3.030903494,2.719495529,3.994511941,1.030032526,1.674569874,2.376879023,2.867128835,2.016678084,0.920568695,3.032688257,1.908541297
"3, 5-Tetradecadiencarnitine",0.312563282,0.459672182,0.400394899,0.425489717,0.378850165,0.304980005,0.315441482,0.354443092,0.428951519,0.443117165,0.431877143,0.365654939,0.352746741,0.43958358,0.417808301,0.337493936
"3,3′-(3,7,12,17-Tetramethyl-8,13-divinyl-1,2,3,4,5,6,7,8,9,10,13,15,16,17,18,19,20,24-octadecahydroporphyrin-2,18-diyl)dipropanoic acid",12.67245889,13.82973072,11.20040595,13.41720456,12.17243662,12.75241459,13.07729511,16.76044756,17.50155834,19.57340822,18.26561061,10.29635547,15.20241206,15.13916729,13.08378434,9.159808386
"3,4,5-Trihydroxy-1-cyclohexenecarboxylic acid",0.462992627,0.477234931,0.679166383,0.75473735,0.837081042,1,0.583652716,0.788996482,0.267586055,0.268997489,0.421668743,0.591283558,0.504365717,0.98215564,0.567814495,0.363630984
"3,4-Dihydroxy-5-(3-methyl-2-buten-1-yl)-2-(4-methylpentanoyl)-2-cyclopenten-1-one",0.738860266,0.825629543,0.624080978,0.713421073,0.703475137,0.834459527,0.890748365,0.967588818,0.672035302,0.894791661,0.903282083,0.822757071,0.720577095,0.902543986,0.967472819,0.821729178
"3,4-Dihydroxybenzenesulfonic acid",1.727793203,4.524309568,0.476051443,0.221040855,0.903722235,5.628670354,3.476063488,25.16586468,78.44273928,7.425793771,2.876205085,10.00601078,29.869476,133.6045145,25.06448572,8.166247671
"3,4-Methylenesebacic acid",0.07840626,0.109663005,0.166632646,0.186239873,0.130118903,0.075636628,0.084453826,0.095153984,0.202109785,0.094710394,0.105665348,0.147841777,0.095326368,0.120362731,0.156950318,0.093504405
"3,5-Dimethoxybenzoic acid",0.317288634,0.210887408,0.140059309,0.254253165,0.145972172,0.073430198,0.08105114,0.099558709,0.21488632,0.079692478,0.122931015,0.086175334,0.211378121,0.091195697,0.30354654,0.278480112
"3,5-di-tert-Butyl-4-hydroxybenzyl alcohol",1.005763542,1.383604521,2.29737082,1.108440038,1.525174883,1.226225504,1.383082493,0.988528288,1.079573707,1.619344051,1.488376381,2.438973969,1.747414311,1.35248257,1.898044306,1.298803061
"3,7,15-Trihydroxy-12,13-epoxytrichothec-9-en-8-one",6.115273651,2.049672388,6.545373211,2.536936669,2.618538845,8.392303405,12.58446071,11.84044868,5.234392862,13.10836074,6.088737628,8.771783922,4.032265646,2.699680805,4.666653692,2.775536098
"3-(2,8,13,14,17,18-Hexahydroxytriacontyl)-5-methyl-2(5H)-furanone",1.918321482,16.32994248,5.634529902,4.121175345,23.67104765,6.775948313,12.04983418,15.03851391,102.2836121,43.61169265,17.06603176,6.1835483,25.53191208,96.36781984,7.279005039,3.127082465
"3-(3,5-Dimethoxyphenyl)propionic acid",0.09649145,0.12951474,0.107734698,0.115116369,0.165419261,0.117080141,0.10557351,0.116046384,0.232995979,0.098814719,0.12905513,0.096714627,0.103392357,0.227707953,0.138473979,0.109773712
3-(4-Methoxyphenyl)propyl hydrogen sulfate,0.083105575,0.113756014,0.10019317,0.101750272,0.088493272,0.085427473,0.08656732,0.105775781,0.080953852,0.096007869,0.101122177,0.092614703,0.094472571,0.116151338,0.120352302,0.09244819
3-(7-Hydroxy-4-oxo-4H-chromen-2-yl)phenyl hydrogen sulfate,0.41166629,0.469856065,0.456189636,0.42609636,0.427101233,0.333205297,0.335187054,0.370208958,0.483523851,0.49114093,0.414567115,0.686196693,0.47983222,1.190490081,0.433250167,0.364749485
"3-(7′-Hydroxy-4b′,8′,8′,10a′-tetramethyl-5-oxotetradecahydro-2′H-spiro[furan-3,1′-phenanthren]-2′-yl)-1-(4-methyl-5-oxotetrahydro-2-furanyl)-2-butanyl acetate",4.861874846,2.869286742,3.116495366,3.88405398,4.823111831,4.903381031,4.608598936,4.468813012,3.922397796,5.585838591,2.888923049,4.443287083,5.254786796,3.797848796,5.154767779,4.111448849
3-(Methylthio)hexyl hexanoate,0.629073212,1.172217444,0.226237523,1.05541383,2.357056117,0.592516079,0.367740152,0.18627639,0.157923736,0.190922494,0.456687046,0.196012683,0.174570963,0.308312694,0.247156384,0.500438826
3-(Sulfooxy)benzenepropanoic acid,2.55769081,0.31955407,1.581020965,2.167464877,0.519471046,0.424863926,2.247286143,3.943314354,0.900005432,5.058549495,1.644521742,1.578796097,2.863815477,0.804903957,3.524176938,5.587601297
3-(Sulfooxy)butanoic acid,3.89946611,7.202917897,3.485906173,4.762374582,11.17894973,6.5821955,8.488657146,2.680696441,3.07297631,4.957844455,6.677208797,6.414659329,5.755888262,7.369121766,9.516113325,8.15072006
3-(acetamidomethylidene)-2-(hydroxymethyl)succinic acid,0.216228402,0.248992834,0.255405894,0.262492917,0.18889472,0.240209039,0.253017109,0.294306573,0.183266766,0.235565539,0.253321631,0.202379158,0.21529543,0.239891473,0.261974014,0.217287077
3-Carboxyindole,0.055018576,0.077047988,0.069069421,0.072009332,0.04965557,0.057665505,0.061968969,0.073084179,0.056712796,0.063885237,0.073840665,0.064568698,0.064031852,0.075249398,0.090836911,0.064917399
"3-Hydroxy-2,4,5-pyridinetrimethanol",14.42341395,14.87224089,18.17660339,17.56489867,14.58613225,10.9423632,14.22820969,10.1541967,9.175644693,9.947078147,11.65288831,11.4174331,8.992204288,12.6153884,11.97599154,10.03607139
3-Hydroxy-2-methyl-2-[(sulfooxy)methyl]propanoic acid,22.52795079,25.55317097,18.38828838,27.17055963,19.95524714,25.72893655,27.23847319,28.64054716,20.67752957,24.03083494,23.51796551,28.22703059,18.24931659,17.57872122,28.64216593,24.31324044
3-Hydroxyicosanoic acid,219.7022335,202.6257569,44.86810172,66.0813651,41.57300918,47.18736454,8.660400814,84.42480152,147.3551656,90.59531061,76.14375685,238.1860914,39.00937708,115.2366314,227.287851,34.54749328
3-Hydroxypentadecanoic acid,115.068371,92.88280305,122.8835033,105.1075492,136.4102962,103.843085,111.3091006,116.9699737,66.86297004,62.27120188,31.71666995,87.60370035,87.17414802,60.73967356,83.95359257,88.38556676
3-Hydroxysebacic acid,0.132084963,0.149208793,0.148620161,0.170531915,0.10804068,0.132232748,0.139592925,0.150878496,0.092566192,0.129824628,0.15487589,0.107120288,0.115902051,0.195890059,0.139330353,0.154393064
3-Hydroxytridecanoic acid,1.908896651,2.160298279,1.649186482,2.361791716,3.022533602,2.121789994,2.00330888,1.410268902,1.251183797,1.528485729,0.840301052,2.360704262,2.39542002,1.429711814,1.634509086,2.741620246
3-Hydroxyundecanoic acid,2.172181677,2.044479415,2.589671819,2.114262289,3.428775458,2.388174519,3.684747237,3.548464348,3.941346547,1.700006561,1.657487845,1.383479645,1.63057053,1.870401451,1.95319525,3.33635544
3-Indoxyl sulphate,4.724927058,5.796699518,1.913820183,1.243950245,34.77159808,3.714895494,2.406685732,16.35937006,39.61461532,23.31912964,18.30252422,22.46540484,58.59331593,20.33422525,2.99566681,2.434707661
3-Methylazelaic acid,0.116317956,0.377031423,0.277119327,0.346532384,0.116275783,0.26460828,0.13359717,0.317292694,0.302530311,0.310969365,0.341864812,0.296101724,0.188986867,0.423556375,0.53651491,0.145717772
3-O-β-D-galactosyl-sn-glycerol,3.559752968,4.325458629,1.673148843,1.24080159,0.610400589,1.275133707,0.816602139,1.251678097,1.13934074,1.315755057,1.038122947,2.715007539,1.322908009,1.147610285,2.083205496,1.060429983
3-Oxotetradecanoic acid,0.132800608,0.162364807,0.276859425,0.133201026,0.190561488,0.189751462,0.196060161,0.246786611,0.191417274,0.199859351,0.342816537,0.358436667,0.322562141,0.158552298,0.349670505,0.326565891
3-Sulfodeoxycholic acid,4.155183456,0.528695676,5.249020143,0.676785051,4.946758901,4.103274029,0.39385921,0.337091573,3.085313491,0.403204496,0.425570519,2.654757565,0.695984757,0.612814048,0.632138504,0.642340879
3-Thiohexyl caproate,0.662358203,0.644491203,0.823871312,0.787666016,1.14401324,0.435372351,0.617044731,0.237775471,0.311053573,0.241794253,0.282170259,0.280957126,0.234480695,0.506431787,0.217184454,0.607607598
"3-[(15Z,19Z)-11,12-Dihydroxy-15,19-dotriacontadien-1-yl]-5-methyl-2(5H)-furanone",2.582366209,2.343819571,5.261192416,4.596866964,4.14801756,3.348481018,5.148918811,3.397172153,1.022754501,2.470671631,5.102212382,1.858519108,2.458241895,4.70298625,6.115510467,5.040832958
3-[(2Z)-1-Oxo-2-buten-2-yl]pentanedioic acid,4.34208201,3.773279167,4.192032969,4.283430083,4.093807853,3.045658814,3.643987201,3.087831199,6.755736039,5.669346612,5.666408147,4.167411788,6.127543868,10.09659797,4.137691301,3.86283556
3-[(3-Hydroxytridecanoyl)oxy]-4-(trimethylammonio)butanoate,1.145584966,7.328396827,1.010715224,1.372363895,0.594493048,2.266716315,1.106347657,5.133592558,2.45111837,1.947539018,1.653868573,2.824296366,2.119655121,0.922934605,4.953686015,1.13800311
3-[(6-Oxodecanoyl)oxy]-4-(trimethylammonio)butanoate,0.43841057,0.691511257,0.471482419,0.529992252,0.500922011,0.482979856,0.500756458,0.435419324,0.459227691,0.524143464,0.552621267,0.787221928,0.635199735,0.627301953,0.80530883,0.816678487
"3-[(Ethyl{(1E,4E)-4-[{4-[ethyl(3-sulfobenzyl)amino]phenyl}(4-sulfophenyl)methylene]-2,5-cyclohexadien-1-ylidene}ammonio)methyl]benzenesulfonate",3.521219174,5.068359357,3.132853057,4.66560003,3.604560063,3.574209225,2.781259567,3.122188619,3.827660904,4.803142891,3.800868447,3.596937451,4.297466963,3.995571962,3.770982179,4.305271146
"3-[2-(3,4-Dihydroxy-5-methoxyphenyl)ethyl]phenyl hydrogen sulfate",0.082950578,0.10262779,0.093699705,0.101240116,0.084140008,0.08131115,0.083410502,0.095711136,0.071071444,0.089779639,0.101775094,0.083919777,0.087261555,1.019954459,0.108378821,0.091079832
3-hydroxyflavanone,0.764306438,1.051835938,0.908419734,0.892429689,0.782725876,0.775500616,0.847546234,0.912810482,0.691972369,0.861566111,0.819369836,0.950490438,0.833422206,0.939772014,0.986754269,0.927352708
3-ketocarbofuran,1.105347375,0.453147148,0.870798197,0.814414308,0.68821082,1.299794259,1.519611779,1.824820179,0.79359831,1.049358249,0.716816438,0.94229133,1.712812409,0.760963448,0.789723116,0.643249333
3-oxolauric acid,0.482676309,0.836390901,0.359277903,0.519548378,0.761493911,0.482608739,0.523785989,0.749800872,0.424878361,0.544014359,0.625482224,0.521112461,0.896341746,0.624366215,0.675811764,0.562712433
3-oxopalmitic acid,0.636665479,0.691525165,0.8053451,0.711962936,0.431634722,0.52795841,0.451762634,0.608867323,0.761751457,0.533537244,0.534431854,0.898803508,0.72225856,0.443780331,0.620043358,0.912764328
"3-{2-[13-(Acetoxymethyl)-13-hydroxy-8-methylpodocarpan-14-yl]-1-hydroxyethyl}-5-oxo-2,5-dihydro-2-furanyl (2E)-3-phenylacrylate",0.230929761,0.373385336,0.231378191,0.212823666,0.250628658,0.258485645,0.277567242,0.281274631,0.23509964,0.295860159,0.326877552,0.273250006,0.26588949,0.326388788,0.400959448,0.296356597
"3a,6b,7a,12a-Tetrahydroxy-5b-cholanoic acid",627.1269078,819.3691925,508.4242239,870.3335036,40.03676303,911.8913815,992.4878503,976.6624284,524.8564794,542.4309306,589.9702292,610.2610471,1050.637498,636.1050777,168.1018359,927.03021
"3b,7a,12a-Trihydroxy-5b-cholanoic acid",7.859148604,7.853832162,4.183001175,5.367710215,6.365621947,10.77937168,14.1812008,19.0977197,8.578497191,12.1491315,13.87708494,13.2373432,5.940454546,10.4349028,9.270264277,7.187261897
3b-Hydroxy-5-cholenoic acid,0.804743829,0.685438706,1.442758029,0.550867394,0.250486555,0.815311819,0.627266292,1.455680918,0.514787441,0.833102756,0.312830686,1.275324321,0.574527097,0.297241092,1.137487519,1.01294588
"3α,7α-dihydroxy-5β-cholestan-26-oic acid",2.605846015,4.901469136,2.248595754,2.466960781,2.815900107,2.422034043,2.3009147,1.347824015,1.168910752,1.326866257,1.886156333,1.326089104,1.75341026,0.968161858,1.121472456,2.257888011
"3β,17β-Diacetoxy-5α-androstane",0.245036288,0.413101817,0.160664935,0.178352433,0.225630113,0.223350444,0.205000888,0.20626429,0.222492764,0.18741313,0.277919746,0.222965891,0.20263269,0.340093343,0.258286439,0.257535544
"4,5-Dihydroxy-3-oxo-1-cyclohexene-1-carboxylic acid",0.148429748,0.17645914,0.171112037,0.167568016,0.140971403,0.167360174,0.18572872,0.182768894,0.117851044,0.140720174,0.179268993,0.145939524,0.127029585,0.145010104,0.156888978,0.149630535
"4,6-Henicosanedione",1.573346143,2.662934012,0.740342491,1.237967265,1.021760198,1.542089921,2.056958172,2.888832307,0.791110191,6.237067474,3.48086099,2.050255252,1.178440573,3.804388172,2.062015476,1.609838906
"4,8-Dihydroxy-3,6-dimethyl-9-methylenedecahydroazuleno[4,5-b]furan-2(3H)-one",2.86928068,2.821366003,3.054921332,2.687155948,2.828537718,2.993157458,3.367203562,3.689216188,2.778895705,4.05271101,2.717897364,4.014104985,2.549518136,3.350816562,2.862487131,2.534167254
"4,8a-dimethyl-decahydronaphthalen-4a-ol",0.650246394,0.651942169,0.684987617,0.653301719,0.687614052,0.640172471,0.629132008,0.674892092,0.548708442,0.664210341,0.641236151,0.838477295,0.528663261,0.771286533,0.631033898,0.580423232
"4-(1,2-Dihydroxypropan-2-yl)-1-methylcyclohexane-1,2-diol",0.067989861,0.096758857,0.077223455,0.076098158,0.064404596,0.065080908,0.068823549,0.08735529,0.076090661,0.078272571,0.08990546,0.076459437,0.07415742,0.121263773,0.110473255,0.076506013
4-(2-Amino-2-carboxyethyl)-3-furoic acid,0.765227594,0.877855821,0.903693962,0.899910174,0.779749393,0.882801938,0.865783283,0.718800481,0.460619509,0.533746809,0.886517066,0.585851776,0.570869175,0.4537772,0.72081087,0.856064775
"4-(2-Aminophenyl)-2,4-dioxobutanoic acid",0.4760422,0.716161399,0.590120343,0.625030169,0.468676206,0.494794719,0.537256625,0.590551623,0.433818438,0.512025233,0.659428207,0.473705764,0.485678027,0.593323383,0.769513788,0.572994106
"4-(2-Aminopropoxy)-3,5-dimethylphenol",0.056980052,0.081144954,0.06774258,0.070411974,0.057995508,0.05887198,0.059578314,0.067607233,0.053991149,0.06550642,0.078102041,0.062129349,0.059309559,0.070422736,0.083249054,0.06567289
4-(2-Hydroxyethyl)phenyl hydrogen sulfate,0.363010479,0.197643117,0.099825107,0.108733471,0.204518339,0.085587873,0.09596264,0.366878434,1.385858739,0.219892614,1.312692412,0.661137361,0.131850664,1.878657802,0.13201325,0.11253839
4-(3-Butoxy-4-methoxybenzyl)imidazolidin-2-one,1.176654468,0.775910647,0.808395254,1.109864746,0.450115566,0.702320441,2.248233954,0.729075499,0.134507887,0.220779057,0.766750042,0.713277684,0.322487746,0.185883037,0.205480124,0.38924985
"4-(5,6-Dihydroxy-6-methyl-1-hepten-2-yl)-1-methyl-1,2-cyclohexanediol",0.094259925,0.119118551,0.112317518,0.107347853,0.086191916,0.081038811,0.085371476,0.09240803,0.079301323,0.088748316,0.101421848,0.093245096,0.08646788,0.111525653,0.122538273,0.099966719
4-(Stearoylamino)butanoic acid,18.260275,30.01964206,15.52666943,16.47780279,14.8244382,10.16609326,8.06080174,5.973386199,18.28712405,14.21231484,22.27114996,33.95530376,25.60407652,13.07898925,13.70257596,11.70111577
4-Acetamidobenzoic acid,1.260931743,3.638715578,0.336833103,0.331555465,1.086169701,1.573361051,4.302486405,4.516607346,7.073138827,2.611039518,1.397160506,11.93770499,27.38087256,79.40744829,13.63102969,10.31858899
4-Acetoxy-2-hexyltetrahydrofuran,0.0756364,0.105927367,0.092075822,0.115584244,0.079066441,0.091916676,0.079972432,0.109526691,0.072428341,0.127072673,0.159355178,0.073046209,0.107749765,0.144538979,0.104527719,0.080786648
4-Acetyl-2(3H)-benzoxazolone,0.273984403,0.189077866,0.383354935,0.36723879,0.399878765,0.489212289,0.348880788,0.275998277,0.12895293,0.196032118,0.228726524,0.244693524,0.15806172,0.123200072,0.116517785,0.223793659
4-Amino-4-deoxypentopyranose,0.811947712,0.49487361,0.935897233,0.531235764,0.785828151,0.144250991,0.824781317,0.387444654,0.400972401,0.275816575,0.736997824,0.524918162,0.469537736,0.232150591,0.290231012,0.65614868
"4-Amino-7-(α-D-ribofuranosyl)-7H-pyrrolo[2,3-d]pyrimidine-5-carbonitrile",0.485363006,0.464211243,0.55583696,0.517399583,0.871411896,0.436265565,0.381163936,0.494433362,0.591503011,0.468272642,0.479699645,0.401171295,0.392166548,0.445362499,0.576313431,0.4035909
4-Carboxy-2-[(5-oxidanidyl-5-oxidanylidenenorvalyl)amino]butanoate,7.345803154,3.200559905,15.00757773,5.930674757,3.840102893,3.897287831,11.74692858,1.353422166,2.296825708,1.05472602,4.485388106,0.822366339,1.248187118,1.535069941,1.091345687,9.627562478
4-Dodecylbenzenesulfonic acid,28.43826549,51.15593533,26.13258107,28.55200466,30.92755698,23.59778657,31.60879486,36.55135201,32.33901297,34.5170121,39.4045757,26.13253933,30.41886961,46.92840655,47.89542856,31.8998824
4-Ethyl-2-hydroxy-6-methoxyphenyl hydrogen sulfate,0.084509557,0.109228286,0.092003291,0.097674801,0.088749201,0.085142607,0.085938469,0.159876461,0.178997743,0.09105822,0.099140564,0.090969815,0.356842005,2.274374969,0.25979343,0.095009504
4-Formyl-2-methoxyphenyl hydrogen sulfate,1.888481618,1.001854116,2.400412293,0.551431696,6.409194105,1.45716786,2.004186431,3.899940442,4.623119196,4.509038989,10.44981227,3.733584015,15.61086307,13.15715991,3.046723565,1.661990378
4-Formylbenzenesulfonic acid,0.569744356,0.879167339,1.04695149,1.133115597,0.18193704,0.311595969,0.486910008,1.300740772,0.676917961,0.725771688,0.435119065,0.388865043,0.297143025,0.890619269,0.568266548,0.579948716
4-Hydroxy-L-threonine,69.01703585,104.2164747,112.9557536,51.49689898,87.53868794,104.8118715,121.924076,64.51154506,53.80713379,51.17385543,114.634858,49.68691818,47.0170147,29.99207468,53.89869894,135.4233618
4-Hydroxyphthalic acid,2.651779163,1.706226349,2.5472896,2.004941478,5.27723825,7.77352412,3.476416351,0.500139046,0.364588189,0.819385029,2.594291232,2.51864387,1.975510028,1.309200783,2.844078342,1.630614825
4-Methyl-2-propyltetrahydro-2H-pyran-4-yl acetate,3.498728552,8.085996501,3.683682226,4.81765515,0.71721069,4.998796575,6.936524856,6.342976838,2.64562727,4.341725197,3.175185087,3.514926792,3.673666693,4.499533186,2.560837376,3.613208937
4-NQO,0.390987792,0.316731903,0.432615122,0.323863133,0.320864666,0.230380306,0.303351307,0.274015846,0.36512748,0.266212591,0.276097081,0.282243549,0.220860895,0.279974594,0.181427282,0.318699029
"4-O-(2,3-Di-O-sulfo-β-D-xylopyranosyl)-2,3-di-O-sulfo-β-D-xylopyranose",0.378476321,0.403132853,0.364000984,0.349317437,0.292085608,0.328362248,0.351845676,0.542258437,0.328631403,0.487725209,0.452427418,0.424337526,0.380472971,0.442138855,0.509362315,0.346375993
4-O-(β-L-Araf)-cis-L-Hyp,0.996175952,1.379376153,1.369924398,1.130899909,1,1.500229,1.443841507,1.25105426,0.737656845,0.669712675,1.234391,0.971247498,0.860245441,2.02429769,1.57459337,1.74954403
4-[(2-Isopropyl-5-methylcyclohexyl)oxy]-4-oxobutanoic acid,0.338190186,0.315014645,0.324429403,0.303114975,0.320315132,0.254429413,0.302360313,0.392636081,0.246440868,0.358305683,0.399176144,0.327081186,0.245586723,0.313151839,0.439339525,0.269956568
4-[(2-Methyl-3-furyl)thio]-5-nonanone,2.722533805,3.808852971,4.513336067,4.18049668,1.871975782,3.043320935,2.466434914,1.380773572,1.159611215,5.251106547,2.267643272,3.429458393,4.641894968,1.856198105,3.045794486,2.946542144
"4-[(E)-2-(3,4,5-Trimethoxyphenyl)vinyl]phenol",0.282017263,0.275858906,0.337385609,0.377501202,0.393807954,0.312549007,0.3492061,0.437222706,0.297411761,0.449966167,0.248460076,0.340187987,0.320187692,0.386843331,0.423515762,0.343943008
"4-[2-(2,3-Dihydroxy-5,6,8a-trimethyloctahydro-2H-spiro[naphthalene-1,2'-oxiran]-5-yl)ethyl]-5-hydroxy-2(5H)-furanone",1.303286496,1.987913353,1.061734958,1.034869127,2.094655765,1.315780184,1.118712609,0.670761724,1.380880431,1.312766558,1.886208159,2.120078862,1.096108396,1.878465381,0.966725184,1.122868931
4-oxo-4-(4-toluidino)but-2-enoic acid,0.378587642,1.961378285,0.120819394,0.105564741,0.395113725,0.504681464,0.896202993,0.969199099,2.023926132,0.512912271,0.254126265,13.67174624,20.93238362,25.54687512,5.122702244,8.016504466
4-phenolsulfonic acid,3.33618504,8.183712158,0.667215499,0.712093197,6.081985834,5.049634514,4.548161176,24.31421645,42.67023575,14.53865457,3.612834563,15.77989615,35.55275101,203.1584266,57.08491748,18.39797375
4-tert-Octylphenol monoethoxylate,2.462075384,1.990276044,2.673941404,3.026199311,3.441252303,2.035830766,1.737849107,1.603946652,2.224709482,2.42543485,1.589484603,4.409673694,2.574248546,3.229106566,2.948329782,3.731897942
"5,7-DIHYDROXY-3′,4′,5′-TRIMETHOXYFLAVANONE",0.060090997,0.089666301,0.06584973,0.073000953,0.05225817,0.058860158,0.06566025,0.06712067,0.061151749,0.064075153,0.080426933,0.062491574,0.062653892,0.084129139,0.088679914,0.072170176
"5-(3,4-Dihydroxyphenyl)-4-hydroxypentanoic acid",0.400398427,0.516499722,0.502372614,0.507399674,0.364844154,0.400377724,0.455749047,0.463892916,1.720606787,0.635481078,0.525422512,0.39771442,0.448975526,1.207510284,0.563398342,0.494778445
5-(Sulfooxy)pentanoic acid,286.350009,423.5063656,200.9620049,373.3135665,216.4756308,272.9740198,194.0085277,232.6029326,214.6565141,325.4322411,287.5052468,324.1643305,102.7884368,176.256832,460.5272387,266.7130533
"5-Chloro-6-methoxy-1,3-benzoxazol-2(3H)-one",0.19950008,0.229176426,0.097444593,0.104021076,0.146880675,0.243469099,0.347089885,0.746462361,0.664694395,0.221970302,0.133500498,0.676965646,1.302578366,11.74702589,1.744621483,2.168191091
5-Deoxodihydrokalafungin,0.230175339,0.228745444,0.178485289,0.182610057,0.371292731,0.305071153,0.29416179,0.226759454,0.32117219,0.396048247,0.191528266,0.407322821,0.328592918,0.270461418,0.254891612,0.257673956
5-Heptyl-2-oxotetrahydro-3-furancarboxylic acid,0.448442958,0.634090902,0.376350296,0.176916685,0.425680646,0.333670176,0.314037488,0.162952999,0.345461486,0.377795048,0.361404458,0.471849528,0.428532219,0.175171071,0.455356657,0.356431345
5-Hexyl-2-oxotetrahydro-3-furancarboxylic acid,0.514026747,0.307624521,0.813989721,0.262912432,0.084523587,0.178511467,0.261227983,0.258007564,0.347006799,0.118367651,0.406339142,0.291016024,0.18591338,0.227773462,0.130356782,0.166816591
"5-Hydroxy-3a,4,5,7a-tetrahydro-1H-isoindole-1,3(2H)-dione",4.910008455,3.901581466,11.4783285,5.63942247,5.794416373,6.373932893,6.060033034,2.817971615,2.320983104,2.063859432,3.831763283,2.896135948,2.294129625,1.920785002,2.22886287,2.599725141
5-Hydroxyindole-3-acetic acid,3.781664498,3.401832682,2.597791897,3.908373741,2.841530498,3.347761001,3.017020471,4.377532933,5.296761377,5.590428134,3.084188196,4.930413553,4.917042415,4.705463797,4.784220174,3.456685442
5-Methyl dCMP,0.958601147,0.832941867,1.058049674,0.838048837,1.163406849,1.106197614,0.821486999,1.751367513,0.832995524,1.958081926,0.841538803,1.535699936,1.807072279,0.793063459,0.95123676,0.812265721
5-Nitro-o-toluidine,0.671793676,0.512854226,0.910051375,0.953442852,1.310208428,0.478924025,0.815457346,0.782135679,1.213792704,1.023262387,0.356137746,0.776144922,1.660826559,1.829971767,0.50690281,0.492904849
5-Octyl-2-oxotetrahydro-3-furancarboxylic acid,0.154822484,0.146710797,0.324326862,0.240717141,1.662902611,0.644349297,0.360756149,2.256702037,2.013400169,2.935193144,6.108848189,1.557224507,3.20522114,1.913520605,1.015515606,0.486615318
5-POHSA,0.277769177,0.400200076,0.432450662,0.321071706,0.255101035,0.70527706,0.272055485,0.536295002,0.368928104,3.350672255,3.357221847,0.574411402,0.258871003,4.296836294,5.737354341,0.496762504
"5-[(Z)-Pentadec-8-enyl]benzene-1,3-diol",0.520056799,0.296103472,0.866237706,0.557657927,0.73823528,0.592802632,0.523038423,0.866210295,0.471308682,0.48671499,0.49536779,0.752623393,1.065778656,0.665443794,0.854131074,1.066822912
5-methylthioribose,18.41576037,21.21710601,25.53213692,31.96437364,44.11599001,29.06031559,26.61050989,26.11653209,14.01435875,17.48856896,16.11426917,17.86262136,16.86684485,16.10071288,17.20076967,25.62765778
"5α-Androstane-3α,17β-diol dipropionate",22.89929468,27.18999761,7.856509311,22.99382258,21.96478284,26.72210307,19.64144148,18.63414193,16.31213749,27.69140425,17.19055475,31.83760803,28.23592517,22.18126764,42.14863711,32.03696979
5α-Dihydrotestosterone,3.173198408,2.404443749,3.29546766,4.237522315,6.445005724,6.390971636,5.026318257,5.093754747,5.704663202,4.748054277,4.266079283,9.311061897,6.552430949,3.894274115,5.21253416,6.361628271
5′-DEOXY-5′-(METHYLTHIO)-TUBERCIDIN,2.716615652,3.023834714,3.27071752,3.19802008,3.937140716,3.116552556,2.721715902,2.35488769,2.048044698,2.761870646,2.474062253,2.687175665,2.372200035,2.291536784,2.190197112,3.040882182
5′-Deoxyadenosine,14.57715906,9.355699385,21.38006657,19.95620924,6.642985878,13.97259311,17.25129339,11.65069767,6.659863481,7.32079626,14.80262158,9.62057021,7.974928546,2.843550406,9.45641829,15.47880042
5′-Methoxybilobetine,0.532264058,1.249775798,0.608865271,0.598700134,0.398411093,0.560621958,0.594131679,0.673191769,0.404882493,0.555448994,0.601987617,0.515331051,0.474918798,0.522373798,0.674942412,0.505776549
"5′-O-[({[2,3-Bis(dodecanoyloxy)propoxy](hydroxy)phosphoryl}oxy)(hydroxy)phosphoryl]cytidine",0.303264478,0.283908667,0.273781633,0.302962708,0.367077348,0.341586969,0.298614551,0.297093573,0.269084575,0.364060179,0.247469469,0.373660805,0.268817765,0.33676719,0.232461902,0.292684695
"6,6a-Dihydroxy-3,6,9-trimethyl-3a,4,5,6,6a,7,9a,9b-octahydroazuleno[4,5-b]furan-2(3H)-one",2.034190859,1.565972659,1.329942236,1.691785238,1.77989943,1.546214505,1.482474093,0.729564365,0.3946889,0.811507973,1.316935527,0.514841925,0.522617002,0.829494688,0.700673877,0.952486125
6-Acetamido-2-oxohexanoic acid,0.850337751,0.975492718,1.004204629,1,0.830045547,0.980988951,0.962077447,0.798746921,0.51185054,0.593111206,0.985117283,0.651011393,0.634362396,0.504247216,0.80098091,0.951278027
6-Decylubiquinol,7.89640376,6.430743505,12.19634739,10.99159018,6.984536778,8.650836093,11.25729051,10.71841725,6.051943808,4.327527517,7.222027025,5.301762538,5.374857309,5.965458184,4.902252969,17.49743555
"6-Hydroxy-1a,5,7a-trimethyl-2,2a,6,6a,7a,8,9,9a-octahydrobisoxireno[4,5:8,9]cyclodeca[1,2-b]furan-4(1aH)-one",7.202878016,3.879074257,10.15010124,4.294469157,9.036740021,6.708533824,8.500784665,4.478163454,5.479522202,6.403925887,5.828514973,5.933741126,3.510561982,7.814685959,3.169836254,4.019352051
"6-Hydroxy-3,4a,5-trimethyl-2-oxo-2,4,4a,5,6,7,8,8a,9,9a-decahydronaphtho[2,3-b]furan-4-yl (2Z)-2-methyl-2-butenoate",0.508761839,0.535913779,0.524766821,0.548671441,0.586930605,0.531924615,0.514131546,0.496152584,0.469044024,0.581002928,0.476558843,0.581870498,0.461623043,0.536161684,0.428342916,0.510911884
6-Hydroxy-3-[(1Z)-3-(3-hydroxyphenyl)-3-oxo-1-propen-1-yl]-2-methoxyphenyl hydrogen sulfate,0.320610504,0.216559156,0.19792451,0.160424516,0.431417231,0.794759314,0.774322074,0.415326013,0.281092915,0.496997687,0.836743974,0.545692007,0.144102204,0.214675478,0.249890956,0.175303701
"6-Hydroxy-5-methyl-4,11-dioxoundecanoic acid",0.138599838,0.161800813,0.148771365,0.150542418,0.13163543,0.156180142,0.146121268,0.170664839,0.108980203,0.129300804,0.143467085,0.136274532,0.11756582,0.135406663,0.146498847,0.139721102
6-Hydroxymelatonin,0.724505844,0.353549941,0.111997653,0.360506774,0.844956471,0.618262328,0.973961957,0.39300887,0.593697967,0.497291604,1.611049408,0.69534285,0.705482679,0.973118107,0.620768332,1.407098803
6-Hydroxypentadecanedioic acid,0.085180506,0.120162453,0.102932656,0.111581639,0.076907966,0.08587316,0.095981739,0.113247161,0.08787898,0.103603313,0.117689144,0.101423137,0.114495487,0.135477564,0.143675019,0.105577444
6-O-Sulfo-α-D-galactopyranose,0.984341911,1.131979845,1.200520502,1.247362786,0.802350637,1.999404491,1.151343502,2.955671674,1.459756338,5.11529196,1.81571655,1.100540893,1.650533209,1.329242145,1.478458344,0.745747953
6-[(6-Aminohexanoyl)amino]hexanoic acid,0.293172963,0.330684907,0.313208405,0.402718378,0.83951514,0.709181647,0.725394999,0.139962032,0.119674751,0.140059745,0.151159406,0.148734507,0.144897294,0.153635659,0.156717111,0.229825162
6-{4-Oxo-5-[(2E)-2-penten-1-yl]-2-cyclopenten-1-yl}hexanoic acid,0.370650159,0.476009146,0.461834921,0.41484731,0.387312132,0.317622656,0.354289449,0.314803835,0.255447338,0.331451154,0.413603842,0.321191833,0.273729102,0.339514156,0.374055934,0.361249362
6α-Methylprogesterone,90.29050202,54.33937488,102.6948748,45.99500371,146.3380557,144.4934098,59.50654381,60.05961239,50.93969027,89.12004172,37.98703215,88.42629198,76.12515509,47.11147609,50.1834756,112.5139603
"7,8-dihydroxanthopterin",0.973048938,2.06563461,1.533030996,1.235626874,1.928855435,0.58119693,0.799309875,0.610982696,1,0.792375074,1.570579804,0.587699343,0.269387085,1.337908998,0.292192666,0.772969936
"7-Methyl-3-methylene-1,2,6,7-octanetetrol",0.167696267,0.106693159,0.301914804,0.136440098,0.247140016,0.646282555,0.786095344,0.450927138,0.069098202,0.446255318,0.242547445,0.078995978,0.094247591,0.12163354,0.143446486,0.530825893
7-Sulfocholic acid,1.350778716,1.907039592,1.434631475,1.142813324,1.702592292,1.143510227,1.288673006,1.543690255,1.021441296,0.792406195,1.220529025,0.97371792,0.572008372,1.083936345,0.888418437,1.161337591
7-ketodeoxycholic acid,112.371981,156.217701,105.6593193,89.95327095,161.1089476,34.69488917,87.19924452,107.2440421,196.5148899,48.79796428,84.13147608,798.2933402,289.9146485,137.3264036,319.8596007,262.5894282
"7Z,10Z-Hexadecadienoic acid",0.264405902,0.340316357,0.279421654,0.330777575,0.310612789,0.26131367,0.525058024,0.495875042,0.26807288,0.526795475,0.662502473,0.282918496,0.291055631,0.308809369,0.793748268,0.291268001
"7a,12a-Dihydroxy-3-oxo-4-cholenoic acid",0.522096802,0.726312504,0.421864081,0.776516146,1.29786348,0.942581023,0.756323959,0.869688361,1.42542764,0.965599957,0.732802679,2.160437765,1.531165965,1.007757217,1.887757902,1.350972943
7α-Hydroxy-3-oxochol-4-en-24-oic acid,4.620026534,8.028832905,6.414677836,5.244970598,9.527995554,6.167518544,3.168582667,6.6937052,5.378171838,6.77654229,5.779880817,6.320993109,2.727885884,8.089865456,7.569105045,7.942933364
"8,12-iso-iPF2?-VI-1,5-lactone",0.496898588,0.596929756,0.533321766,0.508833491,0.49773328,0.498059702,0.500625355,0.637544124,0.427097025,0.559636772,0.596158203,0.533755566,0.409144276,0.46044873,0.57736454,0.459257019
"8,9-DiHETrE",1.253876566,0.74308473,1.659827099,1.447365413,3.860461282,1.768992217,0.600729918,0.901908988,1.25399463,2.534060492,1.37897186,2.427625556,1.364852401,1.255667885,1.363551598,1.897117039
8-Amino-7-oxononanoic acid,0.161079941,0.219009044,0.193714678,0.214032659,0.124995693,0.227122305,0.193098924,0.247268954,0.34652232,0.185445439,0.171396135,0.246678229,0.209544638,0.124660833,0.264259037,0.084377826
"8-Azabicyclo[3.2.1]octane-1,2,4,7-tetrol",1.12359249,1.022104358,1.372127324,1.212560882,0.86475601,1.063615395,1.255923888,1.533419433,0.835339133,0.892069252,1.237975195,1.035486572,1.164173303,1.172808447,1.498726662,1.080644206
8-Hydroxyalanylclavam,0.181173702,0.241961076,0.201962889,0.199780323,0.143384598,0.196495345,0.181873398,0.233131655,0.159488359,0.191855995,0.218736388,0.192436345,0.179436623,0.199207671,0.232570595,0.195031309
8-Hydroxyhexadecanedioic acid,1.100901408,1.018633415,1.448178072,1.381088899,0.547332232,1.114216517,1.100099846,1.551684705,0.909183998,1.160885861,0.822082182,0.984971917,0.928023366,0.615476265,1.235107885,0.612164983
"8-Methyl-8-azabicyclo[3.2.1]octane-1,2,3,4,6-pentol",0.66731749,1.103756605,0.483626603,1.267440819,0.474325827,0.836447443,0.234711885,0.839186523,0.371736691,0.962326866,0.662655767,0.869867363,0.69828863,1.113461319,1.027498188,0.886605768
"8-[(3E)-5,6-Dimethyl-3-hepten-2-yl]-16-hydroxy-9,13-dimethyl-18,19-dioxapentacyclo[10.5.2.0~1,13~.0~4,12~.0~5,9~]nonadec-3-en-2-one",0.25936526,0.376931747,0.246382718,0.38741908,0.293805086,0.319896965,0.275045257,0.253271985,0.525509838,0.841281093,0.358974585,0.389725771,0.310485215,0.394949452,0.382579147,0.366106742
"8Z,11Z,14Z-Eicosatrienoic acid",692.4367415,604.8982414,662.3171494,698.5250332,670.4037715,948.6054631,613.6333175,857.1365613,284.2197824,717.9532052,877.2059219,961.624242,543.783245,622.8844741,1274.241919,1039.682426
9(S)-HpOTrE,1.113168617,1.563124792,0.883993386,0.777460926,1.212909128,1.113211967,1.17266773,1.28586158,1.125113822,1.42659424,1.280913906,1.389803524,1.239010564,1.424447815,1.698320275,1.293109648
"9(Z),11(E)-Conjugated linoleic acid",120.9492613,162.3100561,227.6167192,103.2225467,137.0954768,166.8961597,229.3398701,187.3330516,139.5164833,164.6382364,336.2100557,187.4217967,166.1958698,207.8084978,320.2469369,295.0285969
"9,10-DiHODE",6.261894419,3.046373581,3.634410166,3.822111365,2.633476933,5.549036411,6.117549698,9.109983118,1.573966724,2.037042492,1.520830507,2.066004431,0.691429702,1.284716052,1.625666689,0.842179109
"9,10-Dihydroxystearic acid",4.021163566,5.436745442,3.963426875,4.646243061,4.178041134,4.913570843,5.678929369,8.137708346,4.312968087,6.187193912,6.906845297,5.800402647,6.217840272,8.263691137,8.833095351,4.005966828
"9,17-dioxo-1,2,3,4,10,19-hexanorandrostan-5-oic acid",0.123822296,0.1524114,0.150129366,0.142761716,0.151900258,0.115404021,0.124030244,0.122892599,0.111173474,0.132355398,0.139942446,0.133131413,0.13334259,0.140950671,0.140805106,0.130127527
"9-(2-Deoxypentofuranosyl)-1,9-dihydro-6H-purin-6-one",11.56820518,16.73180419,44.09114904,34.0419902,27.16348652,19.7309053,21.01563315,7.317790795,5.907529621,4.00395571,15.03235777,4.792928404,3.067859318,4.315297419,4.302133907,22.36138867
9-(3-Methyl-5-pentyl-2-furyl)nonanoic acid,0.156509458,0.207012912,0.196011367,0.216596285,0.163556032,0.122394919,0.164507272,0.187265142,0.203182881,0.184832516,0.24501208,0.189220455,0.212116282,0.1732908,0.273591938,0.268000824
9-HOTE,7.219832445,6.909862849,6.593708976,6.755936414,9.680262841,7.418692882,5.934311321,6.159078102,7.200648092,7.239026903,4.986880109,11.14446101,9.628567291,6.71618364,9.507417951,10.60963008
9-Methyluric acid,11.13034887,12.25989073,14.47503348,14.6821424,18.85575217,13.00422833,17.08713941,11.49283715,8.729360982,10.24122171,11.44377861,11.45099329,5.371301682,11.63539788,6.129398195,10.556759
9-PAHSA,8.913215553,13.45580799,7.359253765,14.21287351,2.983409076,10.18754109,12.68881506,12.05370744,14.60060321,13.47601163,14.95389593,8.447587003,12.49501975,7.801174014,12.98407578,6.857326833
"9E,11E-CLA",4.566251372,4.915919621,7.569556019,4.492009514,4.40687455,7.451964257,5.096963252,10.86170428,3.752346866,4.680147613,5.852851168,5.280786813,3.692300656,4.723661112,7.862605099,7.002506559
ACETYL ARGININE,16.89514288,12.85587662,13.45420206,16.87061147,7.995828904,14.61740283,17.80712354,20.78703856,2.206024397,5.545682005,13.64331608,2.270362179,1.668734341,2.366342593,7.734147254,4.179756474
ACETYLSULFAPHENAZOLE,0.148438016,0.198001138,0.167320803,0.184992345,0.168802785,0.148577728,0.152014784,0.168134223,0.14317439,0.159922332,0.16226446,0.154679842,0.159802157,0.178411701,0.196356385,0.165668004
ALA-PRO,4.148836925,1.656885816,4.199793261,2.447138027,2.1435743,2.280693206,3.675280412,1.64105605,0.92636291,1.833922529,3.188303096,1.656305162,1.634225237,1.945960753,1.690020522,1.657194395
APM,0.246265565,0.314662566,0.625841302,0.318222105,0.30960982,0.295488236,0.337864796,0.284726486,0.200325794,0.227613311,0.409985362,0.242961723,0.230436614,0.377512995,0.306239033,0.337576834
AVOCADYNONE ACETATE,1.031453998,0.686232932,0.473213236,1.553230258,1.199623514,1.13463801,0.879141667,1.593190714,1.139936016,1.442583082,0.915521821,0.977716051,2.664550465,0.911420123,1.060259873,1.577982601
Acetochlor ESA,0.341776111,0.400331416,1.305791619,1.542585462,1.181161247,0.2022557,0.555154006,0.305935829,1.277234933,0.574386422,0.76694915,0.334724363,0.269721816,1.32410547,0.339309457,0.435194203
Acetoxypinoresinol,0.36823807,0.404876575,0.360568565,0.394859926,0.698130823,0.397070306,0.41369103,0.368778378,0.320261261,0.401189597,0.313094283,0.464793113,0.406174358,0.438291115,0.506078141,0.48284579
Acetyl-L-methionine,8.909244879,6.344266067,7.837846089,6.19869662,7.409921422,12.77270153,10.06119355,10.04583484,8.287296046,4.428573094,5.194219634,8.768514106,6.005832355,3.625392077,10.22672822,11.18698089
Acetylcarnitine,2.807116178,16.75055953,9.758925251,19.04788495,6.267213949,12.45152247,3.201806781,1.422121553,1.678357587,1.033845902,12.78086396,2.76175176,1.702232098,1.235076704,1.584685649,22.22508422
Adenine,3.142430053,4.789461388,4.762383912,4.476398699,11.68399891,2.586973589,4.663255854,1.667838685,2.575222226,2.936819688,4.563128929,2.577944984,1.574566804,2.981921107,1.646030979,5.593727895
Adenosine,2.619852672,5.203185362,23.39147178,20.18061184,5.715472889,11.54781562,13.57366576,10.06173907,8.830704651,6.958147302,9.508488928,7.220300515,6.302559689,3.707216147,7.562370151,11.52769741
Adrenic acid,95.88910498,61.06974542,153.1067612,149.1339385,58.61301598,97.28737949,67.91270932,80.4537383,21.00143457,55.57933431,89.99214675,48.14042296,43.7216645,62.8858503,83.20588561,61.56546358
Aldosterone,3.806976802,3.943495504,2.712019823,2.837687279,6.27735198,5.712959979,5.681158168,5.922872691,3.635361889,4.222653774,2.826576931,5.465394517,6.677184886,4.184333358,3.558911266,4.221173638
Allantoic acid,0.543630701,0.406402326,0.606102738,0.481705633,2.123671918,0.444021299,1.487158836,1.417872073,11.02198772,3.990928501,0.670836597,1.898429755,20.85977933,21.61042908,4.555788954,3.260485796
Allithiamine,2.110273605,0.58223415,3.040744226,1.82376871,0.394640928,0.460279407,0.431578104,0.640134124,0.398775757,0.492139413,0.566551626,0.492026341,0.480272724,0.557365686,0.640372532,0.456971342
Allyl undecylenate,67.12572681,38.54882879,120.4681662,84.18827777,70.77147217,49.83122891,51.36422889,54.54767529,43.24252757,47.45336299,40.70981082,50.71817407,59.56382429,57.52492355,61.08426522,69.74288937
Aminopterin,1.284359706,1.525121624,1.149656464,1.672976784,1.725718669,1.150448482,1.272685566,1.228259844,1.412324889,1.748000909,1.154832278,1.502469449,1.486396976,1.599912435,1.17272396,1.392292323
Androstane,6.798547574,9.704404038,5.695934815,12.55427476,6.387305529,7.153011913,3.520399596,4.34531083,2.48648476,5.607210289,1.806504205,3.404289458,2.766354178,1.870509884,2.441050869,4.643619545
Apigenin 7-sulfate,0.651300432,0.716980634,0.687193299,0.708325903,0.61554887,0.642380145,0.721000713,0.766539242,0.583276179,0.777567508,0.602341651,0.779499102,0.650238604,0.762200625,0.652666384,0.709641251
Arabic acid,1.626807183,0.149393988,0.132769601,0.301276235,0.098802937,0.11812993,0.124705134,0.260507459,1.20768482,0.092118989,0.138358147,0.095695751,0.089589395,1.628712504,0.124536275,0.137926815
Arabinosylhypoxanthine,0.763735578,1.438428165,1.312539405,1.788215154,1.412529844,0.635282995,0.596324203,0.376086885,0.279751441,0.277138063,1.189404292,0.258936962,0.25862844,0.376001096,0.376845436,1.077994175
Arachidic acid,1.025594213,3.908031874,0.845019073,1.382167456,1.168924305,1.26540748,1.069251528,1.792695656,1.429055673,3.748073323,3.480364093,1.193666434,1.456093514,2.231455769,2.060300554,0.691265493
Arachidonic acid,2.513138062,6.040495028,3.706939041,3.862431575,2.128381296,3.894598483,3.471380945,4.331017737,3.475107769,4.326596795,3.426695568,2.834921466,4.675969773,6.375200648,6.442967832,4.588841533
Asaronaldehyde,0.128816137,0.238223898,0.124461135,0.14051937,0.089477926,0.105010002,0.131621516,0.442347243,0.38245975,0.13492915,0.136861216,0.124796569,0.188101074,0.21275383,0.167080303,0.124888699
Ascorbyl stearate,93.06137479,132.8211244,64.55551808,116.3233974,79.9673589,100.0478623,135.3517056,191.8407308,64.63798307,80.7712267,97.42597772,97.90518418,205.3689164,79.72417073,86.78420872,134.0082094
Asebotoxin II,0.602651825,1.306742327,0.716284442,0.677959236,0.601142748,0.602419901,0.604028306,0.66731492,0.545616771,0.639375922,0.695657982,0.669334474,0.847390851,0.712147876,0.778050833,0.614973468
Aspirin,0.790976552,0.974883625,0.643112958,0.95397413,0.849915569,1.003254984,1.11686891,1.228258096,0.796049666,1.166417937,1.075806436,1.20335413,0.875021166,1,1.185457318,0.962447242
Auraptene,0.241239172,0.184228248,0.197563657,0.357684527,0.249930978,0.227265335,0.145175582,0.215804651,0.164065307,0.229039885,0.175934346,0.424171331,0.210689556,0.165237032,0.240274386,0.198668588
Azapropazone,0.119904346,0.175838927,0.144557689,0.148617491,0.102743714,0.116825695,0.132353488,0.151290081,0.121616466,0.135917134,0.162005347,0.125698308,0.122866595,0.168565179,0.18521206,0.148188925
Azelaic acid,0.607895005,3.632541387,0.893535568,1.11417307,0.706782085,1.01545508,0.558287961,0.994563776,0.271616443,0.578478354,0.577156333,0.429853842,0.284826344,0.43694759,0.722391495,0.544524806
BLAH,24.44388626,5.331040164,12.51658763,10.49229506,7.940023059,1.557040662,3.055907313,1.88436694,3.76793321,2.123296571,3.491692967,6.903331847,6.227906915,2.798700268,0.752390849,1.119141514
Bendazac,0.067001518,0.09050735,0.075628873,0.083946545,0.073936068,0.066694047,0.07100405,0.085529112,0.065670067,0.075959082,0.083702745,0.070362701,0.06949833,0.090363455,0.092870448,0.080983071
Benzil,2.406861706,2.706553331,2.702399084,2.442775313,2.604288552,2.37684475,1.793015088,2.294066512,2.01079375,3.174576428,2.703742225,2.757579054,2.47378635,1.982272101,3.293954937,2.024993591
Benzoyl glucuronide,1.116346421,1.661776114,0.456093882,1.214512975,0.615518031,0.991018663,0.332601323,0.360778107,0.30596313,0.500172263,0.417260061,0.265699958,0.278028685,0.382807534,0.388032233,0.420795349
Benzyl succinate,0.183022408,0.243852021,0.174254299,0.171773306,0.189715693,0.172241245,0.171459079,0.183604975,0.145720621,0.173856816,0.223601656,0.19549877,0.151660595,0.235255297,0.232742133,0.207557369
Bicine,7.989528462,5.383420364,10.0211889,7.731097096,1.595937182,1.400785441,1.785730297,1.726638029,1.140829865,1.516835622,1.656152166,1.407603983,1.373978878,1.615331503,1.89280446,1.925346373
Bicyclomycin,16.173353,10.44012913,32.47746467,24.61989053,18.11386394,5.887466583,26.16593947,16.46673115,9.668352045,8.986940991,14.63329003,10.44532845,8.761861719,9.732069378,12.04138063,17.27418793
Bilirubin,6.047611172,3.627155069,2.603691335,3.221154074,2.517505826,6.097352539,4.516268426,4.233781829,0.666438904,2.477856428,1.049364121,7.484156104,6.821141687,1.13728344,8.903602796,7.434331021
Biotin l-Sulfoxide,0.103412132,0.107766719,0.084853491,0.089649111,0.077615775,0.074328724,0.082993456,0.10456916,0.074355949,0.093072668,1.134728974,0.07962721,0.09367799,0.112079761,0.119541473,0.091887532
Bisoprolol,0.5948442,0.770605224,0.697575438,0.69238741,0.647513166,0.589090828,0.621566179,0.778161002,0.539285314,0.646880538,0.774175538,0.704035996,0.6005679,0.763935712,0.826353525,0.60725303
Boldione,0.537138687,0.679758015,0.580728454,0.663224963,0.602886737,0.524317351,0.518971541,0.566583378,0.521059068,0.59244291,0.614785997,0.562898352,0.536632506,0.618635367,0.686496465,0.60534899
Botrydial,2.335646626,3.353937223,4.736382362,5.674947699,2.756453939,2.412374842,1.858130041,2.580072704,2.180053183,2.693190913,2.589011807,4.918284037,2.258644414,2.33534853,2.959274428,3.539452122
Brassylic acid,0.08031067,0.112973474,0.094660031,0.105070752,0.09238632,0.083476856,0.087856618,0.103785865,0.091076434,0.095073334,0.104765603,0.105502045,0.086986806,0.101164618,0.121311104,0.12808306
Bucillamine,0.3245361,0.112761867,0.230039827,0.102039901,0.631022023,0.119062935,0.192639693,0.503273567,1.398723513,0.957269581,0.342180235,0.820515577,2.244383274,0.982965805,0.194617666,0.099075122
Bufotalin,1.737929451,0.775003444,1.696677435,0.749666487,0.716018913,4.061409677,3.662951307,3.704749286,1.524119551,1.343277953,0.56318586,5.076288631,1.931936598,1.21422409,4.404764536,3.206790371
Buspirone,0.556057407,0.714119244,0.692854764,0.622362931,0.58105406,0.779536571,0.531512714,0.472275541,0.371727326,0.95540145,0.620497453,0.468964592,0.410654335,0.509346499,0.522961808,0.541954127
Butalamine,0.437847521,0.719427235,0.369968304,0.474753659,0.497299153,0.493779725,0.495599085,0.499054087,0.471404452,0.504624475,0.633339696,0.592669156,0.501934168,0.591705081,0.721362903,0.625344697
Butenylcarnitine,2.292264718,0.845962998,3.784837992,1.113067821,1.911635368,1.065074082,1.573189032,1.210850863,1.545112107,1.185632633,2.738286773,0.995617345,1.939726969,3.12068015,0.638651013,1.54964744
Butopyronoxyl,0.178590277,0.133219198,0.128208908,0.11888319,0.158810607,0.185977734,0.110331079,0.203368787,0.097481322,0.108215262,0.130747453,0.266313061,0.119898028,0.213275245,0.127082555,0.188898054
Butyl Parahydroxybenzoate,0.092574267,0.178418665,0.104570476,0.112985705,0.093901691,0.090744637,0.09308755,0.119419239,0.07931695,0.122205481,0.113582749,0.09365591,0.122194586,0.116300861,0.120952622,0.101646653
Butyl vanillyl ether,0.091017373,0.118367123,0.105414403,0.109324493,0.105594545,0.086014487,0.088545038,0.096857429,0.088096262,0.10660252,0.108265985,0.103333581,0.103165034,0.139949941,0.142361709,0.095990882
Butylated hydroxymethylphenol,6.358416585,3.907531962,8.330045104,9.418105931,7.312527922,7.341418527,6.138272257,4.187685493,5.8109404,5.659190332,5.147551389,6.534741249,9.521956221,9.189020831,9.266374441,7.109779339
Butyryl-L-homoserine lactone,0.06627064,0.08935013,0.074098051,0.212056436,1.022165994,0.196354113,0.068093421,0.614242635,1.15020504,0.931639227,0.13990714,0.612472843,1.482088252,0.762507817,0.312787107,0.12694647
Bz-Arg-OEt,2.336480286,1.961964876,2.394038544,3.056777835,2.332329072,3.280801927,2.795261676,4.419942685,1.038804468,2.134279186,2.699418676,2.858829505,2.452764319,1.210920798,1.683586934,2.382541241
C14-Carnitine,0.699697767,1.380890825,0.576612393,0.629891684,0.957254088,0.452072108,0.496771092,0.555333827,0.411726769,0.550799723,0.822795169,0.875119128,0.515972259,0.675838401,0.89963648,1.060529727
Cabergoline,1.509047034,1.236178403,1.973581842,0.903186325,2.059000051,3.062013953,0.479046748,1.303739274,1.042905417,1.973188411,2.669156145,0.995010654,0.599785013,2.552057461,3.914813661,1.958385619
Caproylglycine,1.637267267,1.836194688,1.262791348,1.632008335,0.650065671,1.192791222,0.622245857,2.954327948,0.746351306,1.031729178,1.089230863,1.105023119,1.652936917,0.738183762,0.900720162,2.135220096
Capryloylglycine,0.108662548,0.13732585,0.127971053,0.123884858,0.114274248,0.149577288,0.111041852,0.159014359,0.378407904,0.117286171,0.128915706,0.121048458,0.191851354,0.158589878,0.168578783,0.134249183
Carbocysteine,1.451048986,4.129089307,2.015636789,2.175509735,2.460610566,0.603113962,1.421202095,1.181309297,0.66607733,0.580647051,2.174549305,0.621915435,0.558969447,2.036473286,1.098515085,1.564833841
Catramilast,2.031114661,4.914502994,1.225899659,0.941453246,2.549904063,3.702725346,4.531568516,0.362243337,5.055942847,6.670258209,4.159012341,4.099861742,1.570078718,3.64209856,4.237930191,1.061856431
Chlorphenesin,0.084262589,0.118867566,0.097723444,0.107565039,0.071617984,0.084947779,0.093251314,0.111085173,0.084069957,0.102486869,0.11642091,0.094617699,0.098560027,0.134017639,0.139317716,0.0976203
Cholesterol sulfate,39.66413025,159.1380544,45.48622005,104.8706266,322.01872,56.80525606,155.9178565,62.3949845,242.3826795,118.4689371,526.6843402,72.20333785,167.0604289,111.1950376,108.2945291,42.17447656
Cholic acid,12.38166453,20.25745514,13.85192739,13.61325418,13.83573199,22.79286548,23.90984317,19.85124626,12.03458377,20.60324211,15.21080941,27.45691725,16.86217031,15.48161185,16.03352595,18.41084404
Citric acid,0.713928257,0.927784725,0.554042291,0.803182562,0.65631117,0.655254002,0.888098392,0.257198173,0.803641753,0.775795433,1.974868676,0.945936944,1.032504216,0.495703045,1.32412985,1.076394255
Citronellyl Acetate,1.677600478,1.220966076,2.981514975,2.599740725,1.950252274,1.274663986,1.248707603,1.260303152,1.506165924,1.352673796,1.27533658,1.625188952,1.063198488,1.769792707,1.453465172,1.721615759
Cladinose,3.938383091,3.264591542,5.238293109,3.973227729,4.584324959,3.863580894,3.445559523,3.146462705,2.708993248,3.00773011,4.024822283,2.845271439,3.673936769,3.52458951,2.819130512,3.778764692
Combretastatin A-4,3.079280299,3.418429417,3.256593319,3.369172295,2.934821757,3.062748253,3.429818226,3.153468759,2.780951608,3.707296287,2.673363626,3.716505764,2.840642923,3.500015838,3.102402623,3.383436613
Compactin diol lactone,0.45959672,0.420199437,0.396511871,0.353393724,0.437786315,0.572288816,0.641103298,0.786364404,0.533344876,0.631510047,0.526821249,0.616069866,0.393315822,0.56795302,0.647811036,0.44300294
Cortisol,0.396942812,0.310928987,0.758727222,0.434176299,0.536957487,0.422792502,1.23558338,2.910114332,0.419726577,0.530372062,0.530392461,0.404642228,1.085531093,0.447218001,0.477802789,0.419323921
Coumesterol,0.113936514,0.176685198,0.129154099,0.139749443,0.112930958,0.124615891,0.120462524,0.139941707,0.107121983,0.135834156,0.145888933,0.13020745,0.119037084,0.150941593,0.163963913,0.135184889
Cucurbitacin F,0.208228511,0.192315225,0.286584115,0.184767932,0.174315153,0.134910156,0.143755727,0.141703915,0.168490577,0.246894443,0.187807865,0.196752665,0.162902388,0.205555958,0.180947052,0.171702788
Cyclic ADP-ribose,0.500907579,0.646911633,0.574213782,0.597924037,0.397870863,0.454813304,0.569141117,0.529700187,0.339440841,0.393329988,0.653294298,0.421094608,0.420686292,0.33439859,0.531181688,0.630853322
Cyclo(Phe-Ser),3.983696412,4.332975719,3.456924256,5.871612187,5.531497425,4.351872243,3.646268549,3.913340734,5.897122783,7.33854026,3.614693216,6.705343821,6.086200581,5.679364121,5.48325701,4.523817377
Cyclohexyl disulfide,3.599513704,3.143386886,4.575150953,5.816519927,5.128557114,3.989644712,4.37367647,3.831504457,3.332045975,3.607119725,3.239691976,5.28857741,2.541010524,3.6409953,4.240947117,5.303833446
Cyclopentadecanolide,3.458504716,3.373796217,5.080379992,5.447037021,4.784073418,3.208820893,3.939398384,3.327319727,4.42521529,4.590029505,3.181422488,3.328186109,4.360436077,5.141231282,5.104098974,4.16049192
Cyclopiazonic acid,0.16632203,0.241542509,0.201058148,0.17021251,0.275714603,0.188211488,0.204915252,0.229430913,0.186488796,0.239143502,0.214069854,0.200029967,0.19228411,0.236236688,0.262253118,0.207267126
Cystathionine ketimine,0.332996295,0.305407374,0.283013426,0.357185083,0.061497724,0.212949332,0.200555794,0.282244583,0.247534152,0.193357245,0.187240922,0.195392535,0.242044328,0.229422108,0.187871593,0.222852904
Cytarabine,6.210968589,4.74874736,6.667393614,10.99241662,2.996799617,7.14873912,4.506304202,10.33996296,2.917432995,9.192523426,8.623460517,6.300381576,7.572626934,2.576450538,8.427112148,5.970910082
Cytidine,14.38531422,11.1011845,15.37339936,25.16161606,8.533235816,20.45670264,15.9304373,26.0718152,7.308370488,20.01307004,19.95379134,24.22138207,22.74885449,9.958671771,25.77063889,15.96605234
D-(+)-Maltose,10.45613133,131.6886167,11.30385886,7.499827714,6.506990445,7.875778239,5.819537108,20.77389657,6.50969321,14.6792207,5.182548568,11.73500447,9.090099035,3.25410703,11.06071841,5.451258137
D-(+)-Tryptophan,41.12351717,31.17642515,38.37401193,49.91239952,38.53018623,45.32034883,43.77269707,38.57175702,18.67339084,15.00635251,50.96058546,25.251692,20.3744346,15.70466118,21.89419994,47.5992475
D-Erythronolactone,0.31447912,0.236265619,0.593228719,0.369450871,0.550286822,0.425711552,0.372626467,0.312843684,0.256261418,0.27052818,0.349448517,0.509639791,0.272548264,0.283468669,0.353490656,0.284669775
D-Gluconic acid,6.242996107,3.922469323,4.420580355,6.236411389,3.555014591,6.764754223,4.684740704,12.666828,13.8013273,11.84435367,6.146392331,16.09856241,16.67968535,20.40221515,14.61229944,7.585976357
D-Glucono-δ-lactone,0.878740575,0.829563596,0.919842567,0.957256995,0.60189914,1.261646081,1.156795505,1.02571349,1.109566238,1.199407503,1.864109296,1.177206423,0.871593037,0.789175665,1.688211683,1.58881207
D-PANTOTHENIC ACID,84.30396078,73.59891713,80.79354122,87.22746063,80.07830679,99.41336502,91.68953335,52.00310738,60.30410757,50.40719242,74.07818042,72.50270814,37.35030906,55.56322611,50.4663884,63.8144212
"DG(18:0/20:2(11Z,14Z)/0:0)",2.270872296,1.806919112,1.980144752,1.933052743,1.734580688,1.934537517,2.032077505,1.41997095,2.111042376,1.145668009,1.644142369,1.139686142,1.061973831,1.294093505,1.162880963,1.442045745
DIBUTOXYETHYLPHTHALATE,0.386528455,0.609676855,0.415686535,0.474962095,0.441642206,0.42582335,0.441496244,0.474813246,0.786725056,0.485884322,0.4872233,0.745618722,0.560029317,0.55306617,0.710007466,0.698609614
DIGITOGENIN,0.519373094,0.609120991,0.436140789,0.483885739,0.463373633,0.786148178,0.948391238,1.256556653,0.410987795,0.894668527,0.480421293,0.728212929,0.917847129,0.568463085,0.934801784,0.755461467
DL-Ala-DL-Leu,6.011910788,4.238743188,3.568125706,4.876992283,2.260749168,4.165255319,5.498135349,9.152102883,0.923096933,1.290507227,3.800720437,4.205279115,2.287304688,1.190745644,1.629879205,3.27733195
DL-Lactic Acid,31.33879558,43.26236521,42.31041817,35.15264503,12.63004906,23.4479781,18.34203807,17.87287392,6.257370607,7.741104511,23.94040479,12.05056737,6.219945059,3.447312805,9.674935578,6.412362608
DL-Nordihydroguaiaretic acid,2.79107886,3.841073301,3.317348892,3.258956769,2.701231941,2.790004744,3.095052272,3.090554929,2.526930765,2.961160234,2.992158268,3.470981844,2.920466147,3.431840519,3.603409372,3.14696046
DL-Phenylalanine,0.413671649,0.148489499,0.190878805,0.286107269,0.228338761,0.387894257,0.390292545,0.125203741,0.075534191,0.085569343,0.311770739,0.088891798,0.083219603,0.095265046,0.115681765,0.292461599
DL-TYROSINE,1.35003994,1.258096511,1.376787338,1.528323769,1.263943439,1.689605059,1.494688352,1.095100157,0.687041717,0.743072173,1.360242878,0.951757012,0.879545873,0.675029622,0.637158901,1.415440748
DOA,8.850552586,10.99123546,5.839275649,9.58754113,4.284421828,5.397073578,8.800067055,9.906583295,4.884705719,11.58797969,3.878449646,5.391299267,5.039775585,10.76415464,10.96398327,5.833089034
DOG,64.76464495,83.82619944,43.50421994,47.93655505,89.38335183,48.41932694,51.26229188,26.21419801,43.52495568,37.03312576,37.32561884,38.1546385,35.89926798,74.20341883,40.12076361,51.07415057
DROMOSTANOLONE TETRAHYDROPYRANYL ETHER,0.844913439,0.867911724,0.617024289,0.615141195,1.141940183,0.534816455,0.492720495,0.279455504,0.686971092,0.670252977,0.905084263,1.059796346,0.895976197,0.436315802,0.58929666,0.761284417
Daidzein,0.371882411,0.555218678,0.418746679,0.447036492,0.535111751,0.473668737,0.508994144,0.453657734,0.402807995,0.524503006,0.456413685,0.788406894,0.582544375,0.459757841,0.682465286,0.717759102
Dambonitol,0.134281966,0.213290034,0.12863972,0.163114357,0.134503534,0.137893119,0.132198029,0.167573682,0.267762962,0.163021136,0.141608136,0.118975515,0.162809015,0.236628441,0.188114848,0.1569603
Decylubiquinone,0.792302578,0.920566312,0.622691886,0.900821824,0.835387864,1.007619413,1.054640643,1.159823589,0.79535979,1.101428961,1.015866035,1.13630719,0.834365115,0.982440686,1.104462974,0.908822842
Deoxycholic acid,395.5938315,894.492974,238.0045929,455.1342798,442.3365947,602.400774,494.1472578,385.6670722,460.1928754,429.9364496,700.6162743,753.4637995,554.6312617,643.1773859,651.7740924,836.2600647
Desmethylolanzapine,1.143710967,0.376702077,0.308950434,0.429691641,0.283804818,1.973145807,1.08457078,7.027404198,0.792452768,4.453113136,0.971341117,1.832232663,0.872817854,0.411841692,2.904072577,0.342726015
Di-n-Amyl phthalate,1.164075918,1.228048,1.318577136,0.774271898,0.73432047,1.314174651,1.34434348,1.943962663,0.896907755,1.712007921,1.644559163,2.825182024,1.296786305,1.245719951,2.708284273,1.099547349
Diacetin,1.544610449,2.970037269,2.151444269,3.938106254,1.833127435,2.995092811,3.062223541,3.586266808,3.345244257,1.867715433,4.706777875,3.809468106,1.102486108,3.355334414,4.738307013,1.623102165
Diaveridine,0.536985037,0.542264229,0.991850314,0.768260604,1.397572275,0.834329528,0.99526244,0.598155888,0.539152303,0.500635471,0.426516555,0.741099656,0.65068003,0.807539924,0.704760019,0.690518012
Dibutyl malate,0.86318077,0.703306972,1.014226631,0.841039435,0.958882727,0.670527973,0.620793697,0.642533699,0.625024983,0.672978139,0.983112107,0.606039301,0.667159556,1.096695648,0.461948348,0.856118011
Dibutyl sebacate,1.45309655,6.538560013,3.956656416,3.737707017,2.278979479,1.94533144,1.834063235,1.826697909,2.664226141,1.796047736,2.609846372,1.694602283,1.611865106,2.396646228,2.110100282,2.646353339
"Diethyl (2R,3R)-2-hydroxy-3-methylsuccinate",0.154764453,0.152291428,0.216715859,0.207967963,0.22675475,0.250183074,0.18059474,0.155198259,0.098708457,0.107963915,0.168111163,0.13969649,0.108309102,0.102176839,0.129237863,0.140522476
Diethyl malonate,3.270597133,3.640585825,3.832712248,3.980724401,3.274235815,3.624862088,3.691230827,3.188619822,2.668622896,3.118649182,3.676505166,2.756667847,2.877339055,3.001926485,3.542738251,3.790480026
Diethyl phthalate,0.082784825,0.116453881,0.097576251,0.108307698,0.095232493,0.086048552,0.090563242,0.106983227,0.081477343,0.098002286,0.107993147,0.090781844,0.089666634,0.104281226,0.111730045,0.104484228
Diethyl sebacate,0.706273586,1.922652827,2.194272631,2.93484644,0.790556179,0.898211107,0.904896209,1.001163507,1.690704302,0.981834721,1.549696759,1.524678481,2.078677293,0.95333474,3.26021815,1.901391171
Diethylpyrocarbonate,0.074851862,0.08884131,0.088109802,0.094295391,0.065966552,0.092472122,0.085033271,0.115539003,0.071387769,0.116285789,0.097636231,0.108097733,0.270218235,0.088431022,0.103574541,0.081372543
Diheptyl phthalate,6.805444077,2.894758272,13.99508452,4.737086899,2.843153418,3.40203716,3.521132268,2.408028596,6.139614715,0.972518432,5.599444437,0.409252565,0.335110331,3.029821882,0.61586109,0.312565534
Dihexyl phthalate,1.644010751,1.119832989,2.381049563,1.899974405,0.649158343,0.550727857,0.741485442,0.448056005,3.486977616,0.1707403,1.282076155,0.177515195,0.443617399,0.668268057,0.235595355,0.195851132
Dihydroartemisinin,0.161819189,0.097205183,0.181431531,0.143579976,0.129599573,0.154434714,0.115720088,0.126657777,0.065225201,0.214702481,0.158472548,0.18455872,0.168995926,0.18591027,0.144891668,0.159231204
Dihydroxycarbazepine,0.093211916,0.112432642,0.108036568,0.112434443,0.092089378,0.084776708,0.096286235,0.104112653,0.074437398,0.08974129,0.101762905,0.093356575,0.098452546,0.103088099,0.122066057,0.102186145
Docosahexaenoic Acid,1162.589852,825.170926,1001.27256,1059.193455,2127.729606,989.8666199,1504.158972,1878.129921,1234.61632,1760.014146,2052.821276,2402.812435,1699.352769,1934.832767,2704.529716,1148.932125
Docosapentaenoic acid,99.49336007,206.4499135,121.0869998,72.75063005,175.7726909,217.4160212,105.66029,156.0238682,31.12808773,148.1344562,88.7929401,165.188245,171.7893014,75.01275399,155.0512286,153.2115588
Docosatrienoic acid,2.593662105,5.339610493,2.391819077,5.268392816,4.048172539,3.36291878,4.282150483,2.998344259,5.425531164,4.086931428,3.697445385,5.251120838,4.676711862,4.141199981,2.905982294,5.042937624
Dodecanedicarboxylic acid,1.819945929,1.81750717,2.230929756,1.859508857,2.327770807,2.002424278,2.012268294,1.108942587,1.403321787,1.448403776,1.152003081,1.708333677,1.39378043,1.776713358,1.338977115,2.965932481
Dodecanedioic acid,0.308722679,0.365038388,0.400384084,0.310245439,0.26665416,0.284169267,0.386676546,0.604002234,0.343217768,0.474461891,0.17128821,0.404507079,0.401109276,0.459143685,0.4336891,0.411825581
Dodecenoic acid,4.654601084,3.965308745,7.715295501,9.730396277,6.428199969,4.783187312,3.907638278,3.905251029,7.138725524,4.467995119,4.505394512,4.882422921,3.524801887,6.792399161,4.528462464,5.523032481
Dodecyl sulfate,36.73083247,20.24753976,23.27284052,49.94830058,22.32643158,22.43178263,44.27686785,30.21683728,35.72535325,24.40686159,50.03626758,31.5291306,25.21922275,63.21549486,40.53866459,35.60820475
ELLIPTICINE,5.452078558,5.097799933,4.513936909,6.181495798,6.987556991,3.155950016,3.340274957,2.69331188,3.667249633,6.064306019,4.253545797,5.19898625,4.522058781,4.392031172,4.363302589,3.574865354
EPERVUDINE,1.631506173,1.080203251,1.201990303,1.483782945,1.43864567,0.89659226,0.982485918,0.991693579,1.180304,1.315402813,1.499311507,1.785776864,1.631976719,1.500502619,1.140497271,1.423212208
ETHYLENE GLYCOL DIOLEATE,0.884858052,1.822898346,0.800690704,1.11755883,0.943565051,0.877422973,1.028681372,0.84750075,1.027766352,1.849880376,1.357467309,0.903725691,0.651704493,1.183465371,1.613518566,0.743014221
Eglumetad,0.180301226,0.170922341,0.176807794,0.185800243,0.512018253,0.18563502,0.166626934,0.204094395,0.139623596,0.216772204,0.17509115,0.16846781,0.157087243,0.1790234,0.203603216,0.192010538
Eicosapentanoic acid,0.30025036,0.325663032,0.29666785,0.409230946,0.275327226,0.225582029,0.240380997,0.219425493,0.276874022,0.260171806,0.384116398,0.343355046,0.62115557,0.281930406,0.715334201,0.322624558
Emedastine,1.114481512,0.527074861,0.715906168,0.661455779,0.666827982,0.800098665,1.01046607,1.60234129,1.224034649,0.964520383,0.883412763,1.306632594,1.727904578,0.800538771,1.62905218,0.71934527
Epristeride,0.546361311,0.226889866,0.207808401,0.208235688,0.896593621,1.138205597,0.990672401,0.762371519,0.865885551,0.788188675,0.699618606,3.026787462,2.326238852,0.761615528,1.98566315,1.893813197
Equol,1.545587434,1.32538632,1.878164391,1.407791498,1.726711375,1.433012502,1.436962477,1.678131598,1.518322099,1.577180673,1.180900659,1.822973906,1.598516979,1.514354525,1.790652241,1.270299402
Erucic acid,48.03082656,78.61580355,136.2661798,60.92213987,46.771264,48.15755916,70.31141597,149.4589,9.540374114,59.82936572,586.415381,179.9298779,97.48525059,77.01754185,366.2260411,156.4841836
Ethyl butyrylacetate,47.24784171,26.04337889,65.47257029,37.54331254,34.54239608,34.51892737,38.62260466,42.7432285,27.73894767,37.41141592,39.94707971,34.39061797,45.38380354,30.99961894,36.9051994,32.45728334
Ethyl docosahexaenoate,7.209665981,6.928026616,10.59610452,3.456278537,6.178032469,10.48757928,9.001651616,7.918658103,6.978178891,5.933162099,6.307535824,10.95432213,8.516937936,7.571820053,10.30579392,7.391371448
Ethyl malate,5.845780908,9.131990402,10.44062255,12.0174369,8.766350717,6.026124589,9.083609799,8.082193407,4.608513344,5.725176361,9.390186543,5.737911863,5.291201694,8.56528768,7.142890998,12.70494003
Ethyl undecylenate,3.019836846,2.505309105,4.211676523,4.62066691,6.175597447,2.589016726,2.270781374,2.021953036,3.2525639,2.923834184,2.391334209,3.342821785,2.089251244,3.432753898,2.549935012,3.174621244
Ethyl vanillyl ether,0.071312079,0.14786457,0.07856398,0.130106612,0.088995123,0.066916783,0.118796085,0.136609612,0.06549172,0.075707421,0.098880833,0.110023667,0.072686512,0.090687969,0.161805392,0.075840785
Ethylene brassylate,0.086990625,0.111976381,0.09828279,0.103892726,0.088052662,0.086156302,0.087902505,0.099981712,0.077630601,0.09859093,0.09395751,0.088785293,0.088785513,0.137550362,0.106826823,0.093616079
Ethylparaben,0.08100456,0.099788437,0.084365034,0.091324656,0.06358761,0.074545085,0.080854693,0.093288429,0.075218264,0.082628662,0.103809321,0.076026423,0.077408581,0.100557274,0.114261204,0.083959766
Etilevodopa,0.07962909,0.123927808,0.094281786,0.098326167,0.070103259,0.078029634,0.090384954,0.1025719,0.079924353,0.088557162,0.112743472,0.088980556,0.083559202,0.109510237,0.122809546,0.095150096
Etretinate,0.321532427,0.340315687,0.321213483,0.475729045,0.397610184,0.265255412,0.279372184,0.314045412,0.416522133,0.369128467,0.362919974,0.31663507,0.3062702,0.449617779,0.413592985,0.333664951
Ferulic acid,0.199236877,0.271567475,0.240397205,0.275840071,0.168471851,0.207264656,0.225795402,0.244050124,0.150410908,0.166793808,0.232193563,0.164793481,0.162213639,0.218731974,0.345872146,0.249735034
Flavokawain A,0.50591756,0.508774219,0.436474651,0.436821045,0.443213069,0.600652619,0.601702963,0.751306041,0.465964604,0.658394633,0.603668315,0.618753796,0.432956485,0.625194639,0.74879721,0.487651361
GIBBERELLIN A8-CATABOLITE,0.073041133,0.10303768,0.088263362,0.093240338,0.062080441,0.073635075,0.082217857,0.096291688,0.07311544,0.088838441,0.100916851,0.08696897,0.098178333,0.116170181,0.123199388,0.086808242
Genipin,0.082332795,0.104729539,0.094000982,0.092979971,0.081993623,0.079320599,0.086563612,0.100928532,0.097464509,0.096042567,0.098964759,0.085755064,0.096221537,0.159908037,0.156014062,0.091526825
Gingerdione,0.145104253,0.194119523,0.152134799,0.17535006,0.142544863,0.136100764,0.14570663,0.158264425,0.135394513,0.163685705,0.19592591,0.168049734,14.53912477,0.817312249,1.08918564,0.165476524
Ginkgoic acid,7.269443886,8.674125775,4.492443572,5.575260337,20.98645274,23.68593649,9.777428403,9.092689531,11.78500443,27.95931348,8.364476896,6.313076782,4.829678315,11.09590897,4.474804335,4.239618202
Ginkgoneolic acid,2.86140672,2.426730123,4.854287218,4.115777367,0.821542578,0.891843002,0.584932815,0.860440622,1.084912307,1.13850139,1.66007116,0.870861652,0.751993348,0.908220917,0.872851058,0.713802274
Ginkgotoxin,0.926322965,0.702756701,0.686125182,0.991692762,0.926277287,0.200490378,1.134843239,1.307878837,1.37945747,1.372064665,1.004874876,0.80756074,0.539643278,0.651957834,0.647686013,0.682608608
Glucoheptonic Acid,36.78332184,57.12398028,45.12632535,40.0794519,5.600326305,24.32470557,17.82013377,12.42227186,4.128445715,4.833132978,31.67726603,12.54194776,3.963049872,3.477505785,6.330660153,7.932695714
Glutaurine,2.148181805,0.728843971,1.090157476,0.379562769,0.444920734,0.222548237,0.335067859,0.323407032,0.473898144,1.685689192,7.255907134,0.513006449,0.359633802,1.287119924,0.365426473,0.394039605
Gly-DL-Phe,0.771533586,0.30909562,0.461251744,0.669397361,0.325888558,0.526346222,0.97704712,1.229811206,0.233014494,0.241412869,0.892417087,0.478044903,0.35068007,0.102247168,0.188607882,0.434408419
Gly-Leu,15.99681515,10.76971731,10.53711852,14.74258339,15.39395943,16.69335763,16.80471904,21.83547904,4.570936152,4.613624722,13.42166174,14.71925617,1.454593846,3.664287274,8.55778618,11.9195092
Gly-Lys,3.392779343,1.920493098,5.347531578,3.066018915,3.529949066,1.629334602,2.701724188,2.096423715,1.358499154,1.07558439,3.938592869,2.078622987,1.884062734,2.073382253,1.4170788,4.934920747
Glycerol 3-phosphate,2.523184343,0.546082097,1.364929324,1.334358713,0.420137334,1.92965936,2.431950774,4.307574227,1.721826585,2.651772012,0.824569227,2.315762135,1.787501008,0.502628488,2.490565399,0.922657972
Glycerophospho-N-palmitoyl ethanolamine,0.552766661,1.081750803,0.702815475,0.686307939,0.320741109,0.480677571,0.416189776,0.635601348,1.94683353,0.289791583,0.550731069,0.427573471,0.365243428,0.457138778,0.371787934,0.395966817
Glycitein,0.713982491,0.592633845,0.221183767,0.469070061,0.18448258,0.159526785,0.177536483,0.949834103,0.5674306,0.172734982,0.235463828,0.185494305,0.320993319,0.577336592,0.253499923,0.615578393
Glycochenodeoxycholic acid,0.635693934,2.843938682,0.697737062,0.647381691,1.578075611,0.708635685,1.47444922,0.523977602,0.534914424,0.339233736,1.506185155,1.263177092,0.634683922,0.597129925,0.574969168,1.776418728
Glycol distearate,10.00569564,6.186830734,3.345391716,3.180186038,3.366289085,4.30431936,8.946368263,27.93909395,2.788337172,40.99827658,30.11193814,4.631683762,6.625771011,17.5423092,22.93482727,6.180495718
Glycol oleate,4.558254752,7.032051553,5.866620264,7.760251544,5.506589904,5.844696475,4.467557104,7.192797964,6.252158445,6.897667907,4.741106027,6.833335503,4.703989985,6.210809994,6.494450671,4.790107791
Glycol stearate,3.540260394,4.751890517,2.099466508,4.801187369,2.714593618,1.900962174,1.35832009,1.131272372,1.334639546,3.232834629,0.985260996,1.405241397,1.315427088,1.031341402,1.028021832,1.386998403
Guanosine,17.21328163,3.382043467,11.33942454,23.3669922,2.493244142,19.07846555,11.46432227,22.38040704,4.260784833,16.6392344,9.496691744,16.35241615,14.5681168,2.958889706,14.74953534,4.03158432
HC Yellow No. 4,1.19003059,0.717103303,1.927520523,1.377173117,0.842970918,0.7940713,1.386359308,1.232353233,6.901733155,0.901981082,1.596604274,0.96158516,1.010289778,1.27318083,0.876548851,1.161826497
Helenalin,4.089029784,2.698238897,3.639458544,2.958243231,2.91975877,7.084635846,5.82212783,6.885813044,4.687976733,7.909750536,5.619751582,8.570901846,5.601131026,4.09576078,5.335636229,2.36684598
Hendecanedioic acid,0.629509103,0.769439606,0.765875489,0.469629419,0.618123054,0.431807509,0.217612453,1.016489744,1.086063801,0.65379399,0.458323079,0.504429681,0.372014591,0.37322711,1.236860147,0.488368251
Hept-2-ulose,2.153239316,1.171082924,4.133510371,2.699169856,1.354677743,1.751596654,2.46301982,3.259978733,3.337240275,2.625879041,2.996010168,3.367177366,2.070859747,3.305870327,3.445241459,2.293825406
Hex-2-ulose,20.273668,18.43232612,22.53246223,11.93311631,20.20500188,21.97511022,27.87188146,11.12721482,18.38102282,19.76676818,23.21920867,19.96959446,8.807964046,9.368828206,27.9399486,18.31613636
Hexadecanedioic acid,26.71860006,31.74692218,25.6489897,29.82076485,20.23980336,30.28113832,25.73949043,44.2012198,30.60341842,33.06123746,27.00871123,27.89234571,22.0818731,25.66515389,29.06876019,17.19659003
Hexitol,2.107828239,2.554011709,1.413369413,1.62877063,3.578316988,1.610700629,1.363284885,2.70444156,7.650142977,7.146928258,3.076413618,2.877545126,8.177075636,12.88781442,2.630378924,2.839520351
Hippuric acid,1.167451426,0.808631431,1.695003737,1.051269656,0.96245949,1.058602036,1.186076625,1.754551245,0.988282899,1.237964382,1.375888306,0.919445073,2.25386963,3.519359705,1.414535666,1.921291468
Homaline,0.837207812,0.968078286,0.623171806,0.901162856,0.814519867,0.837090611,0.885854187,0.957718268,0.731180329,0.927832794,0.953604829,1.080448194,0.830513569,1.05461275,1.172203561,0.976031423
Homo-Î³-linoleic acid,10.38950631,25.9865465,17.66709523,19.098414,7.382738628,19.14821107,11.69477973,44.83174056,13.82135022,19.25935361,26.63013287,9.785595881,14.05433689,21.05190142,22.08837057,6.000566467
Homovanillic acid,0.584627808,0.699817763,0.571467748,0.620557431,0.718037068,0.602321052,0.656598765,0.584628457,0.608778545,0.677441418,0.634829524,0.629646609,0.614808112,0.805720196,0.648866783,0.655358823
Homovanillic acid sulfate,0.085631789,0.097604247,0.089301345,0.088845105,0.066858643,0.080022801,0.08618321,0.117101483,1.145166385,0.252576188,1.670738327,0.076903348,0.084675772,2.005483147,0.284580934,0.086137987
Hopantenic acid,0.228949958,0.109389827,0.080893089,0.091312222,0.150168597,0.159926047,0.162509264,0.20215217,0.108477549,0.095386738,0.120591554,0.205493412,0.134216067,0.089011913,0.157066922,0.11467241
Hostmaniane,0.073166356,0.098324894,0.08079781,0.088918964,0.075002083,0.069505418,0.07067527,0.088561529,0.07187749,0.081283434,0.09812677,0.074335287,0.080759403,0.106159052,0.115887264,0.089473401
Hydroconiferyl Alcohol,1.822289491,1.454244995,2.217336818,1.334804524,1.91623407,1.558089856,2.44503627,3.121828597,1.764575142,1.929235114,2.052119648,1.78636345,1.968981107,2.305364349,1.715325688,1.971341438
Hydroxycarteolol,1.731834929,1.595579434,1.527081703,2.464177585,1.964555034,0.932326755,0.833989497,0.460463614,0.966323663,1.332406484,0.717850373,0.669745776,0.934017682,1.194475298,1.252682359,1.48756153
Hydroxyibuprofen,4.651996945,3.077808526,4.045737615,5.314104016,1.422628518,1.732936833,2.132836466,1.569214463,3.619563166,0.568873201,2.957029073,0.659060823,0.575941422,2.040084405,0.717601588,0.684658905
Hydroxyzine,1.68441775,1.224113599,1.813361788,1.627724522,2.915883324,2.594598066,2.28972443,3.87167262,1.527187358,2.035736628,1.29666502,2.492528042,2.416062825,1.844103955,1.337238705,1.564692326
Ibrutinib,1.934064571,2.487532289,1.698039532,2.688377131,1.942080772,2.16089779,2.210257667,2.440238346,1.758424869,2.224435333,2.237051466,3.255678141,2.382589858,2.260168412,2.705791698,2.745050407
Ibuprofen,0.563746668,0.775826261,0.602785869,0.658249413,0.577332707,0.668834513,0.625143715,2.92604617,0.510393604,1.420227614,0.604361016,0.701074584,0.855961486,0.693168755,1.343413213,0.684008369
Idebenone,3.544901574,3.520142213,2.921785051,3.485859023,4.929480374,3.767473208,2.886073812,3.718091948,3.618925645,4.661610914,3.249411239,4.766443917,5.980281533,3.972917838,3.315669961,4.055723942
Indole-3-carboxilic acid-O-sulphate,0.08369532,0.108368186,0.10020376,0.100640472,0.08515876,0.077194625,0.088493348,0.377802837,3.307857945,0.164017459,0.102146628,0.144871821,0.600725381,7.687282168,0.491143992,0.089394318
Indoleacrylic acid,0.111184389,0.130102579,0.240784856,0.123559661,0.105709304,0.101406771,0.104024966,0.119365637,0.096658852,0.111968202,0.15830136,0.105970416,0.108827787,0.129965749,0.135164073,0.119465106
Integerrenine,0.381080859,0.376811611,0.479592,0.392902198,0.489631169,0.374060712,0.519988591,0.296025152,0.139081534,0.149981006,0.179493082,0.13723747,0.41993518,0.46594612,0.35776422,0.226856367
Isofraxidin,0.062339316,0.094361967,0.072200218,0.076976718,0.054881818,0.060842845,0.070759771,0.091765561,0.058730337,0.067240696,0.088263609,0.063008347,0.062218729,0.085732404,0.0936212,0.074490264
Isomucronulatol,0.076494101,0.097905378,0.084912645,0.085782048,0.073444171,0.07375162,0.073607383,0.087048287,0.066194756,0.081960267,0.093666352,0.076517222,0.07545055,0.090695238,0.09982156,0.080116352
Isopropyl-b-D-thioglucopyranoside,1.71383218,7.321521766,6.304052146,8.06701619,7.930611494,6.263370849,6.010771432,5.542108076,5.443301296,7.21089453,4.894476517,5.880059438,6.195801043,6.474238381,6.212581758,6.299020514
Juvenile hormone III,0.779957919,1.701813577,0.422632668,3.791208366,2.237187013,1.952454782,0.936623058,0.854241561,0.566185479,1.030845913,0.972214362,0.651854406,0.395455898,0.960066953,0.60012984,1.203355125
Juvenile hormone III bisepoxide,0.626370468,0.736491087,0.52998637,0.613753034,0.541836302,0.627911476,0.62421778,0.81135739,0.527727233,0.706733032,0.724818209,0.662905114,0.610870868,0.757101636,0.820177279,0.696622776
Karwinaphthol B,0.372161631,0.543545858,0.372362729,0.426124285,0.421859117,0.401987077,0.442405906,0.401286358,0.378491616,0.444346976,0.410453917,0.701327046,0.569887884,0.511948177,0.67384448,0.709743259
Kynurenic acid,0.384261941,0.372086771,0.393572698,0.536595633,0.441094498,0.372572204,0.499679355,0.408056841,0.30649975,0.321920363,0.350624718,0.366881758,0.439335404,0.377339248,0.388848501,0.437255484
L-(+)-Leucine,0.835687309,0.915169744,0.661824638,1.254077164,1.216758328,1.719733192,1.238946807,0.526417004,0.329277913,0.293154384,0.971391758,0.429051378,0.382702423,0.332325924,0.306283656,1.249637235
"L-365,260",0.330500202,0.493435236,0.372149523,0.397291312,0.475565761,0.420959983,0.45235446,0.403175758,0.357984459,0.466137533,0.405625033,0.70067481,0.517720193,0.408597058,0.606522138,0.63788854
L-Alanyl-L-glutamine,0.158455798,0.229623716,0.186990193,0.174729281,0.249161627,0.184930278,0.163112235,0.206726886,0.247694632,0.188025355,0.619335196,0.163428857,0.431488787,0.452227789,0.198806409,0.234631237
L-Homocysteic acid,0.289865884,0.136658075,0.483249875,0.287750697,0.149623506,0.096186199,0.242149664,0.374642538,0.188570824,0.177894025,0.411521276,0.331673599,0.190809083,0.287209217,0.14567886,0.24588163
L-Palmitoylcarnitine,1.436009357,3.193515765,1.449507614,1.182672543,1.686249758,1.182167893,0.825850084,0.367160141,0.45095509,0.600793549,1.705471997,1.29393846,1.048693467,0.939353844,1.07203852,2.093730504
L-Phenylalanine,33.52640104,4.752858351,2.912757498,48.37121955,34.30176247,51.74668208,3.456518171,2.686657207,1.314923161,0.881849841,168.1187977,2.139650449,54.9947288,3.863951968,0.897051259,3.377647263
"L-Proline, 4-hydroxy-5-oxo-4-(tetrahydro-2,3,4-trihydroxy-2-furanyl)-",0.262254264,0.235018881,0.350503869,0.278566119,0.215795112,0.215209194,0.233861725,0.312741936,0.256178072,0.270440195,0.349334864,0.263517604,0.601220586,0.283376475,0.353375689,0.250801545
L-Tyrosine,87.18436344,97.81534858,87.53901046,109.8243939,87.17963537,110.341049,103.3680897,73.83032653,34.83507084,31.91097712,112.5887046,52.57586067,38.99003818,32.40324326,43.7970266,100.7686499
L-dihydroanticapsin,0.069851546,0.095416265,0.097099774,0.084890481,0.063767873,0.084224104,0.089171186,0.118886058,0.063952128,0.077600879,0.104078076,0.091192589,0.108922693,0.093914953,0.101153178,0.115673732
L-γ-Glutamyl-L-leucine,3.137345806,14.80687492,2.636597718,17.89402351,6.730323813,11.96632811,5.936161198,3.770575307,2.037115239,1.424613419,12.98287234,3.887112762,2.80539865,1.715242379,2.152041579,18.81539552
L-γ-Glutamyl-L-valine,2.992585415,2.496664223,3.759306875,3.044036134,2.995945961,2.761425015,2.439886814,3.743915361,1.984627094,2.047145953,2.754570214,2.237657011,2.569897989,2.718873392,1.825785687,2.760497819
LAT-B,0.847495369,0.214756882,0.245852164,0.168092448,0.13673049,0.359553092,0.25435336,0.771005207,0.107736638,0.866204191,0.49755777,1.66282987,0.126142487,0.203697995,0.153490457,0.175856027
LATIFOLICININ C ACID,7.887935694,4.043184093,4.455100619,4.59705419,4.332701323,3.371165835,4.005410815,3.306382792,10.42295117,8.960568447,6.016883844,4.80274209,6.789206266,18.49643258,5.199672624,4.091196979
LINALYL BUTYRATE,0.361847765,0.603117741,0.364898499,0.452034862,0.529438713,0.383690439,0.435637669,0.467376089,0.406020095,0.528782242,0.558903676,0.709903684,0.564495348,0.559465284,0.75864055,0.68617961
Labdanolic acid,6.283996321,7.187576261,2.8455574,9.054530905,6.163820682,6.930864112,5.539945382,5.651723099,4.930795347,5.979741602,3.816293833,3.513263286,4.002515564,4.707853302,3.971795627,5.619984783
Lauric acid,123.3339398,156.1234934,149.3426586,160.0785749,142.043082,106.9346977,83.71444488,88.504116,140.1799104,97.68469828,92.23976142,102.4004992,84.63100981,124.5767657,106.4325114,108.7731708
Leu-Leu,0.565995216,0.291826912,0.49043903,0.426056278,0.080921752,0.112382966,0.305519453,0.243265449,0.07518209,0.091401806,0.242166984,0.169429056,0.106359744,0.100194196,0.116158293,0.10821206
Leu-Val,8.54084307,9.422030319,5.379966977,9.66993247,4.057743228,5.661219067,9.803500219,9.680708541,0.695847915,1.524222054,5.76565881,3.310371719,1.649094869,0.593035705,0.87169099,2.575670937
Leu-pro,10.59005456,8.073528362,8.090070759,18.85539354,9.308822291,12.50577377,17.5826628,13.4669901,7.742108879,7.7191487,15.88024326,10.73822127,10.49364727,5.022308332,7.290423258,11.23253836
Leucylasparagine,3.154202135,1.809019542,1.596144885,2.712488737,1.294814766,2.769283706,3.663803739,4.112375384,0.714137348,1.07879747,2.282192416,2.254821622,1.386187222,0.647011311,1.101857943,1.852089486
Leukotriene B4,0.193985232,0.256418128,0.223516005,0.235051079,0.305883406,0.184137804,0.204896488,0.202025111,0.168324123,0.193375931,0.185792759,0.24372148,0.225085568,0.218505205,0.219915426,0.208094418
Levulinic acid,0.883855821,1.013944065,1.043787724,1.03941736,0.900628839,1.019656946,1,0.830231416,0.532026337,0.590022993,1.023948006,0.676672543,0.659367287,0.619672947,0.832553463,0.988774896
Licopyranocoumarin,0.112706207,0.172868748,0.137061197,0.142566209,0.113741617,0.124284404,0.138775044,0.141901925,0.110233214,0.1329001,0.154359564,0.132863132,0.116465849,0.152586441,0.160422246,0.140107576
Limaprost,0.137676746,0.178252282,0.123123245,0.13360825,0.132915148,0.1601011,0.153962232,0.179978228,0.153014533,0.182821781,0.179342764,0.186523781,0.142141219,0.180740737,0.207217186,0.177321846
Linalyl isovalerate,0.391031328,0.548573025,0.605258627,0.520024068,0.428071738,0.497993082,0.50936839,0.506700158,0.405240556,0.498636894,0.500665514,0.750292402,0.549083475,0.520870649,0.616468637,0.632614888
Linogliride,0.083881827,0.10868452,0.092791028,0.100017356,0.072004155,0.077344193,0.084290167,0.096671123,0.072588753,0.085748085,0.105054322,0.076479577,0.078763311,0.103636211,0.114171473,0.090398517
Linoleic acid,1242.142025,1715.627304,1801.227587,2098.316171,752.9250434,1789.715569,1316.997118,2257.057532,994.5479281,1873.648391,2150.463707,904.9197057,826.3812632,593.5616856,1728.649898,1388.807846
Lisinopril,0.127109861,0.164479796,0.151713176,0.144457439,0.134701405,0.1169099,0.142582225,0.141742207,0.109749008,0.129015578,0.13244511,0.132886403,0.138484526,0.138981366,0.153739599,0.133273816
Lithocholic Acid,1190.540342,2090.324673,1074.28672,1259.951576,2494.825882,1911.663228,1713.924123,1100.512704,1559.740785,1655.133183,1281.823898,1663.540483,2115.568387,1457.616619,1412.525029,1752.461892
Loganetin,0.112097914,0.102555361,0.10197736,0.091707696,0.083327375,0.079941114,0.109550792,0.12792674,0.125350955,0.094821892,0.093083914,0.085412328,0.0930478,0.279466246,0.138153452,0.089205227
Lotaustralin,1.390204824,1.508181017,1.641759544,1.634885458,1.416586876,1.603804571,1.572886427,1.305859725,0.828144885,0.928039158,1.61055392,1.064329059,1.009516751,0.82438644,1.054691386,1.455851141
Lovastatin,2.216075345,2.690344848,1.857341235,2.5945162,2.278945701,2.410047348,2.529982834,2.620904516,2.683869501,2.636654734,2.60144903,12.92662274,7.063814128,2.477803606,13.44806503,4.969930446
METHYL OLEATE,30.16910682,49.53972287,27.56731818,29.96555004,33.90467726,34.38425695,30.38836759,74.67983835,28.27578144,54.75883095,51.39550961,27.75929396,18.77439545,41.50308736,60.04880754,19.40909201
MONO(ETHYLHEXYL) PHTHALATE,0.476930449,0.591311136,0.545833635,0.589590899,0.601749733,0.469772629,0.486829387,0.483211266,0.717577787,0.702821471,0.538367207,0.521028603,29.43510891,1.932047666,3.06360237,0.510297413
MYRISTOYL-GLY-OH,41.83935161,40.73058034,31.73498373,34.38776093,31.10918572,34.75300805,35.49987307,36.20828721,44.13796162,40.99776215,38.16305744,37.31537784,28.44446595,42.58226822,45.85683902,44.53847367
Margaric acid,10.33629087,18.06187549,4.756676687,14.76662138,11.85981852,8.824893558,15.57643154,11.73031404,17.21414398,13.8793822,16.66338658,11.83972176,16.30710896,18.89499397,11.81115207,9.299431084
Medroxyprogesterone 17-acetate,2.255490821,1.764242743,1.88956977,1.185379714,1.508264806,1.091119223,1.407791323,1.055251948,1.722657208,1.068217535,0.785927629,1.006971098,1.081330298,0.880783227,0.529370605,0.903458029
Menbutone,1.937678922,2.666627189,2.1693881,2.262498538,1.984376106,1.966058538,2.14870946,2.314168172,1.754296717,2.218758488,2.077276315,2.409694852,2.112902053,2.382521374,2.43984917,2.351035799
Methacrifos,1,0.288843071,0.93745321,0.46501418,0.484703164,0.623915124,1.006926386,1.059917581,1.180504172,1.082294075,0.816956125,0.972950731,1.214663431,0.759955713,0.796229684,0.930357634
Methoxyindoleacetic acid,0.481378604,0.148116584,0.473504853,0.1719579,0.145841315,0.159893503,0.217393272,0.271861541,0.982578587,0.408817953,0.655890456,0.391142492,0.907040317,0.495301713,0.270728833,0.211723079
"Methyl (2E,4Z)-2,4-hexadecadienoate",4.536077356,6.263011025,8.898202739,7.444667942,4.398484045,3.305999209,3.294111382,4.901431658,2.556204863,2.931557136,5.30101303,3.074673048,1.243224528,4.111009328,2.064351345,5.223003454
"Methyl (2E,6Z)-2,6-dodecadienoate",0.189631606,0.248626288,0.226418983,0.260970815,0.178811432,0.16792477,0.17602605,0.206280484,0.169263976,0.183339478,0.206930119,0.188904069,0.182861958,0.20961504,0.243728569,0.189921911
"Methyl (2R,3S)-3-hydroxy-8-methyl-8-azabicyclo[3.2.1]octane-2-carboxylate",0.517661763,1.173783419,0.402296555,0.333204169,7.051242768,0.829398304,0.761432774,2.569584214,3.521871045,4.962845234,0.605943535,3.817308209,14.29736985,6.164347493,1.37742696,1.423197681
"Methyl 2,3-dihydro-3-hydroxy-2-oxo-1H-indole-3-acetate",0.166502188,0.144950864,0.620629813,0.407123521,0.078782935,0.07669287,0.088836525,0.228856118,0.731911043,0.204083996,0.287531466,0.169247393,0.473852719,0.475795473,0.194735762,0.151267838
"Methyl 5-{(3aS,5R,6R,6aS)-5-hydroxy-6-[(1E,3R)-3-hydroxy-1-octen-1-yl]-1,3a,4,5,6,6a-hexahydro-2-pentalenyl}pentanoate",0.235607987,0.3069869,0.276828937,0.29364629,0.265501989,0.228311572,0.239529941,0.283908997,0.232019898,0.271294279,0.298951478,0.278986982,0.276841055,0.252074388,0.360376495,0.284278859
Methyl 9-oxononanoate,4.376761131,2.379061519,3.956109093,4.112966187,5.363043845,4.252213082,4.373464893,6.137161784,3.767122276,4.017261634,4.91140794,4.921441605,5.920353369,3.584368934,4.104590396,4.059868594
Methylphenobarbital,0.318380272,0.091458439,0.088598127,0.078566905,0.073252998,0.130895986,0.162222586,0.418480458,0.227738524,0.159025854,0.327037266,0.294453679,0.283672753,0.125155611,0.349337844,0.184739621
Myristic acid,485.787062,889.0805174,640.6848792,787.60348,319.510135,359.2265415,276.5186635,493.0906082,390.8330182,519.6963768,528.6243658,134.3981905,128.691085,510.9613956,301.2569265,300.7269286
Myristoleic acid,416.0007957,333.3207211,555.9358328,591.3726413,341.2562513,277.2008319,293.1852225,332.3980883,325.111643,249.596635,275.2489635,300.7007258,279.500543,422.4997299,333.6213759,493.8619681
Myristyl sulfate,14.5482961,10.82782296,9.027888484,18.27618702,10.64133157,9.502798392,18.67397351,13.08881835,18.5171512,10.57128227,20.81441724,13.74871061,11.0925795,25.50749162,16.1090466,12.72488361
Myrmicacin,0.984018971,1.015168868,1.175197816,0.697441543,1.214909054,0.948640994,1.239539254,1.433156489,1.320627547,1.120783551,0.849894724,0.721604508,0.813010062,0.813674126,0.710443161,0.933553625
Myxalamid C,0.26744363,0.441922227,0.292491337,0.21325424,0.518995386,0.281905845,0.153985011,0.202194385,0.272124179,0.282699291,0.194801245,0.17076199,0.28318555,0.175944466,0.214989811,0.246591352
N(6)-Methyladenosine,57.71135452,33.23382161,52.92269336,64.92488333,42.53694313,53.80883448,46.29214063,27.58576358,14.1368061,23.98294763,54.00872343,26.07975821,17.26062129,10.8750503,34.95619099,18.76526053
N(α)-γ-L-glutamylhistamine,0.484628408,0.240120477,0.17950679,0.324156655,0.485741996,0.307496388,0.387740453,0.617741921,0.548548418,0.462727959,0.209741528,0.149004664,0.129803158,0.70559759,0.184793435,0.147742084
"N,N-Bis(2-hydroxyethyl)dodecanamide",0.963247914,1.700326936,0.890051743,1.035559211,0.878108605,1.001723149,1.098262713,1.205903307,0.974598112,1.199430995,1.627385136,1.114480026,1.08006518,1.414052906,1.701189824,1.382773545
"N,N-diacetyllegionaminic acid",0.198356157,0.200449946,0.221116984,0.218727424,0.160469769,0.23002664,0.204185119,0.255241786,0.174614183,0.222551253,0.239481276,0.210686946,0.196454334,0.202411838,0.254627515,0.213528016
"N-(2,3,4-Trimethoxybenzoyl)glycine",0.210570008,0.300993638,0.315553173,0.655782307,0.700412468,0.581045229,0.174041487,0.147748096,0.255532372,0.593699993,0.133076598,0.334628805,0.391112677,0.495408162,0.273149006,0.186250112
"N-(2,6,10,14-Tetramethylpentadecanoyl)glycine",15.54777108,28.19046008,11.32698027,17.48166436,11.23880945,9.737594347,6.329055,6.286932396,13.26960188,11.04107764,14.26348235,36.28202407,21.56124386,8.905661484,14.58331663,11.12225864
N-(2-OXOOXOLAN-3-YL)HEXANAMIDE,0.285759147,0.62771952,0.184942341,0.322301416,3.579864166,0.422639524,0.371265694,1.074493878,1.543960085,2.940185759,0.302948534,1.716210117,5.726945776,3.28794799,0.584845395,0.696624117
"N-(3,5-Dimethoxybenzoyl)glycine",0.327489999,0.243551359,0.486700522,0.314458156,0.223208522,0.193222441,0.320668378,0.240003057,0.218247566,0.205750463,0.351024929,0.218386115,0.214119638,0.247218093,0.238906136,0.198576151
N-(tert-Butoxycarbonyl)-L-leucine,0.183538118,0.543543426,0.149735573,0.129373503,0.26733956,0.147205151,0.499904926,0.275422118,0.130326167,0.070581995,0.092681199,0.109261372,0.155741606,0.189732418,0.13380671,0.15803409
N-Acetyl-6-oxo-L-norleucine,4.337863517,2.249621455,5.787803606,2.91784158,3.641546723,2.434576262,2.579953145,3.8577681,2.209906417,1.978760036,2.165310927,2.085734273,2.825277322,3.849318752,2.435716679,2.915673728
N-Acetyl-D-quinovosamine,0.426362898,0.461657988,0.491369074,0.428497665,0.360026329,0.479614851,0.484123918,0.563765245,0.897720126,0.434444136,0.456616461,0.404149955,0.364435746,0.397046639,0.492689175,0.387133904
N-Acetyl-DL-alloisoleucine,0.417390537,0.126322263,0.118909645,0.324421526,0.196308529,0.168100061,0.268590134,0.519419102,2.236656998,0.331373736,0.162365743,0.171504446,0.48510355,0.973858488,0.192406504,0.334614555
N-Acetyl-L-aspartic acid,3.918907938,0.747888603,5.434218529,1.395414671,0.845922116,0.679354899,1.815329069,1.185056435,1.774674548,1.480459567,0.84991547,2.329647846,3.27657999,0.995783648,2.207376636,1.012991469
N-Acetyl-L-glutamic acid,0.180247225,0.229406646,0.212705775,0.198758697,0.161704502,0.210362573,0.185544032,0.235156731,0.157108634,0.187986734,0.250813742,0.185904197,0.176933504,0.183932643,0.231381288,0.266898591
N-Acetyl-L-histidine,2.388830589,2.533494339,2.26578633,1.549200369,2.530934692,0.788801962,1.231179491,0.951826731,1.045775258,0.530050664,1.316052941,0.895298095,1.157301383,2.030928844,1.478641182,2.826003862
N-Acetyl-L-leucine,161.0179381,140.9397353,155.071726,167.5991743,153.8583242,190.6227135,175.7169331,100.4271085,114.7106381,96.67310359,141.5371929,139.7104934,71.61532421,106.3266056,96.38783898,121.9239744
N-Acetyl-L-phenylalanine,0.686797359,0.361129332,0.376075768,0.468485282,0.277687798,0.463766251,0.509847921,1.103100606,1.781696069,0.525551951,0.681362609,0.624678032,0.572570544,0.82160644,0.530329265,0.662033413
N-Acetylglucosaminitol,1.298505459,1.361754245,1.147784706,1.351883249,1.527609553,1.377477561,1.704553079,0.893959806,0.299469731,1.423314213,0.706274521,2.161162999,1.868962143,1.406350452,0.783393741,0.958160321
N-Acetylleucylleucine,0.092138353,0.123120143,0.105641495,0.144693258,0.092011297,0.09239647,0.092215769,0.104934052,0.082929186,0.102680312,0.112501539,0.090162079,0.0945249,0.109935048,0.126312666,0.105296223
N-Acetylneuraminic acid,24.87352174,4.598290159,23.95746773,19.66098086,4.728580963,21.28139396,15.65755499,5.401567387,2.216257844,4.402883943,27.83441226,13.3182363,8.214260336,2.590615046,15.80838317,6.090583032
N-Acetylnorvaline,86.69977499,76.12759692,85.2656384,90.351314,77.36901023,95.94488398,92.68911546,57.32954629,60.52598266,50.44633874,71.86309994,71.41150941,41.94396424,57.71602437,51.69908829,62.74036214
N-Arachidonoyl taurine,42.73072948,52.92683223,52.21598047,26.66246596,7.794255119,15.75946771,18.07817047,28.32965655,5.694214893,18.13002962,46.24632673,14.86822928,5.722741844,13.5219134,13.22502483,37.19861336
N-Arachidonylglycine,0.73255869,0.853125875,0.415450768,0.599936379,3.210913553,1.375160374,1.579051518,0.826402577,0.749904363,0.594477,1.005653118,0.7338938,0.625467402,1.601452775,0.709819779,2.689639017
N-Docosanoylglycine,3.342314484,7.91739735,4.060554343,3.478131737,2.957950203,4.178272331,2.097263831,2.370110689,7.793137417,2.372833965,4.362018501,5.765734717,6.896050797,3.966013923,2.5239213,1.690645721
N-Heptadecanoylglycine,5.813846934,7.664050712,4.042549854,5.920728584,5.360529264,4.859345507,4.511217882,3.061796801,8.024656561,3.92533543,5.248771727,7.085166888,6.20677996,3.456436716,3.802175479,2.474055197
N-Malonylanthranilic acid,1.560688394,1.514913552,1.701014803,1.707472714,2.058696611,1.971695573,2.236763119,5.027508903,2.94095192,2.550389005,1.766032968,1.412135405,2.230798904,1.767592426,1.527226871,1.870373677
N-Methylanhalonine,0.096784754,0.129309201,0.129686502,0.123322093,0.125908627,0.099689649,0.101153267,0.104666814,0.160320064,0.107516774,0.120886717,0.115003132,0.135620988,0.121757655,0.117777733,0.109655152
N-Nonanoylglycine,0.623799726,0.936978189,0.651930677,0.695143317,0.857844441,0.800120079,0.856908204,0.841994434,0.678140368,0.883017879,0.847068867,1.327308662,0.986918762,0.859471808,1.175171748,1.196168566
N-OLEOYL-4-AMINOBUTYRIC ACID,1.41943741,1.148950048,0.782281334,1.743983592,2.371963871,0.935423771,0.917085253,0.765146926,0.930957842,1.03691428,1.299961243,0.914059317,1.003851356,0.949424372,1.187344492,0.94359141
N-Palmitoyl-L-tyrosine,0.713627335,0.965551648,0.908156192,1.196675565,1.634432018,0.498574784,0.545648075,0.23089375,0.889278503,1.377115774,0.362100112,0.72832985,1.448924743,0.404147896,0.638020988,1.051536784
N-Pentadecanoylglycine,4.721683622,6.88890173,5.425882103,5.657619502,4.046686274,7.700392626,10.80748516,12.24453958,7.374432535,11.10833408,12.64301301,8.159330391,11.94000306,9.004720557,12.70660555,6.241856575
N-Stearoyltyrosine,5.352054379,10.43766115,3.324560059,5.907330871,5.966455872,5.32115616,4.510615763,3.861570599,10.86676104,5.210944958,7.433369048,9.152722747,7.066222402,6.591299699,6.080825949,2.750802315
N-Succinyl-L-diaminopimelic acid,0.616334709,0.760220315,1.182632764,1.1077732,0.754763056,0.798051882,0.930158031,0.402295636,0.260088435,0.358896242,0.504357984,0.330114748,0.312482687,0.286409022,0.403184234,1.087046063
N-Tridecanoylglycine,2.244848417,4.291210423,3.194766194,4.499882527,2.112524683,1.650655826,1.871800121,2.113983141,2.084928893,2.141085905,2.655003374,1.416068708,1.809192503,2.405679595,1.868187828,1.195235813
N-Undecanoylglycine,9.539110758,13.08332946,7.046052367,9.897034196,2.848880679,5.895424938,3.642179399,13.02518103,3.40321948,4.481862384,7.606080284,5.769260471,8.976765306,3.918935256,6.37872867,9.598582973
"N-[(10Z)-3-sec-Butyl-7-isobutyl-5,8-dioxo-2-oxa-6,9-diazabicyclo[10.2.2]hexadeca-1(14),10,12,15-tetraen-4-yl]-1-methylprolinamide",52.97189981,25.54259989,27.93674694,42.40480628,46.07695082,32.08617871,32.73882126,25.20812486,20.13652051,20.15928898,19.90227888,25.16261129,23.35680722,21.91345831,22.70074757,28.11853372
"N-[(10Z)-7-Isobutyl-3-isopropyl-5,8-dioxo-2-oxa-6,9-diazabicyclo[10.2.2]hexadeca-1(14),10,12,15-tetraen-4-yl]-1-methylprolinamide",11.48993431,13.44569512,14.04324455,16.7981568,22.31640031,17.16898006,13.81114209,9.227490617,12.29633879,17.64295628,10.14997826,14.00831491,18.816427,13.71075421,11.26554936,13.69137088
"N-[(2S,3S,4R,8E)-1,3,4-Trihydroxy-8-octadecen-2-yl]icosanamide",0.377652629,1.611170928,0.859563159,0.860544822,1.41516718,1.592904831,1.127154748,1.532975784,4.031614344,1.590031759,1.105594926,1.48437406,1.89121617,3.110754411,1.538433996,1.286405852
N-[(5E)-2-Hydroxy-5-octenoyl]glycine,0.091365682,0.228284233,0.106470852,0.112916835,2.153675475,0.22997426,0.152002991,0.480121142,0.448186074,0.660010692,0.180479582,0.752043342,2.334381967,0.880368411,0.127893071,0.252603475
N-[(5E)-5-Heptenoyl]glycine,1.232467221,1.276558793,1.127044823,1.187304476,0.740464701,0.709355306,0.590930509,0.588511413,1.470619272,1.866892914,0.697973898,0.992540303,0.746836096,0.607274131,0.871792021,0.99474505
N-[2-Hydroxy-4-(sulfooxy)phenyl]acetamide,0.194823053,0.237843479,0.222427538,0.259022476,0.228646831,0.223505897,0.252632736,0.243846096,0.137537997,0.230960916,0.234500405,0.160184383,0.147070699,0.150214486,0.196385258,0.207836617
N-acetyl-L-2-aminoadipic acid,13.04591694,14.01966194,16.84000025,16.30748965,13.25033611,9.918575636,13.20340385,9.530774346,8.352547211,9.087568514,10.64751565,10.51975887,8.040357585,11.81864494,11.19031908,9.143847526
N-lauroylglycine,0.092992493,0.139485089,0.106532362,0.114051901,0.087784339,0.091993519,0.097323327,0.118758209,0.092172343,0.104542898,0.125164189,0.098012166,0.099095616,0.120361387,0.153115018,0.113867298
N.pi.-Methyl-L-histidine,0.312345722,0.351703828,0.306293858,0.360921455,0.600890524,0.324864817,0.341714455,0.420760398,0.401750958,0.328363148,0.382335487,0.291846045,0.636204897,0.390568806,0.364991415,0.371399975
N2-Dimethylguanosine,6.98503499,4.27336035,10.47227154,8.779160769,3.305783394,6.849233912,8.383688249,5.530339664,2.862934537,3.09325052,5.830458041,4.046951046,3.332962903,1.326404646,3.903197965,6.618951775
N2-Succinyl-L-glutamic acid 5-semialdehyde,0.853118134,0.52489642,1.266334346,0.816743584,0.40685963,0.551348392,0.883480475,0.523405118,0.348973626,0.405634153,0.91740949,0.578605477,0.622621948,0.521906314,0.614272333,0.50765249
N4-(β-N-Acetyl-D-glucosaminyl)-L-asparagine,3.615858086,1.229990001,4.717698887,2.474605507,1.684491474,0.885217495,1.361399808,0.55473047,2.808357689,1.791105944,1.042196091,2.411311471,2.828338061,2.678950644,1.645102416,1.366513349
N6-Me-dAdo,0.104567768,0.130120875,0.19075356,0.104561847,0.1537084,0.255420645,0.19448737,0.117353784,0.086463632,0.097430296,0.135877415,0.086458623,0.095072313,0.110848388,0.126453317,0.267404641
NERIIFOLIN,0.792384095,0.487539543,1.192694506,0.845779715,0.911395792,0.526705702,0.51213422,0.693275251,0.950462503,1.206109573,0.557329166,0.624448114,1,0.892258529,0.559632741,0.661088063
NP-000924,1.921304913,1.909647968,3.374890617,2.289142706,8.375787708,3.000492949,4.054812394,4.653502442,1.336520243,2.423337293,3.587585914,3.44041262,2.169793919,1.362623769,1.916302452,2.21463305
NP-001134,0.729187986,0.73175281,0.86113306,0.857527476,0.743025857,0.841224979,1.166764347,1.368375882,0.429456789,0.486773598,0.844765137,0.558260156,0.578951972,0.740927844,0.541925967,0.736569117
NP-008993,4.862443399,0.897409117,6.317337186,3.257219011,5.600470642,5.891580059,1.47739202,0.283683872,6.247959697,0.266501375,0.157759604,9.123734066,5.374936101,8.168064562,5.544874369,5.459976337
NP-011548,32.19232993,39.43233507,43.87463157,38.46487029,31.45228046,35.8216095,32.66379762,57.01552421,36.63629606,37.50611225,26.22800867,42.99901392,38.69696453,24.96415677,36.80661649,37.24364572
NP-017061,1.08916284,0.887514866,1.072238412,1.115816484,0.91336483,0.826454729,0.927282091,1,1.231572466,1.584145217,0.899646678,1.269971501,1.325086302,0.877381282,1.345680915,1.07944185
NP-018716,9.472733807,7.447329286,10.32254867,11.26530679,11.66917127,8.771458971,14.441748,16.98320065,16.53858395,12.11725662,7.792091225,8.142878259,12.15394568,12.02301451,10.76152362,11.36493364
NP-020916,0.062622007,0.074325754,0.073713765,0.070637622,0.055188444,0.066054794,0.071139901,0.096661379,0.059723903,0.07171233,0.081683695,0.063479842,0.063502377,0.073982502,0.08665176,0.067125894
NP-021050,0.404423665,0.402647673,0.307974035,0.546641729,0.521851883,0.549233851,0.4712928,1.060737047,0.424818919,0.637055013,0.33690668,0.459657272,0.282067795,0.312671266,0.37704582,0.335362988
Nebramycin V′,2.102181355,1.583957237,2.09080076,1.926036459,0.379748224,2.021677669,3.328613343,0.712025289,0.300197318,1.031784794,1.33487598,0.952056559,0.649355671,1.571816491,0.722567279,0.508381123
Niclosamide,0.188394426,0.339669174,0.199467563,0.240614063,0.17846778,0.156365104,0.167183746,0.297201241,0.279366574,0.243066106,0.250340485,0.232105895,0.165108064,0.198346244,0.288019187,0.200458206
Nifenazone,0.558383579,0.46164106,0.460271634,0.343747236,0.659661489,0.558635537,0.710872416,0.604033537,0.622340048,0.902271641,0.587836989,0.724825823,0.625440364,0.875514296,0.520873634,0.438290538
Nonoxynol,2.854275064,4.34214248,2.9635726,3.942693634,3.217936557,3.036545145,3.081911999,3.152039938,2.469957196,2.486928555,2.888195169,2.831482532,2.587282878,2.830937672,2.900033255,3.846277358
Norethindrone,0.817500967,1.583628553,1.235901782,1.182458273,1.514737159,1.032775848,1.12100927,1.019733258,1.978837296,1.504295594,1.361936224,1.176914421,1.712174694,1.855095956,1.26091246,1.27100754
N~2~-Acetyl-L-ornithine,3.649952017,5.210646068,6.265450164,4.333009868,5.974844336,5.294412261,4.984260926,7.503726232,3.08201489,3.518398257,3.351647065,3.95060536,2.144046981,3.69502286,4.118400815,3.177991913
"O-(4,8-dimethylnonanoyl)carnitine",8.636367676,11.04520025,9.107300977,9.119658527,4.704160327,6.392918874,4.902114228,5.229268494,4.881419844,3.347584009,3.560986739,5.998673594,4.995193173,4.378863508,5.814910572,5.837857475
O-heptadecanoylcarnitine,1.939627106,3.869411009,2.989407394,2.037230128,3.7071274,1.640425402,1.288708567,0.249799872,0.843718772,1.045751049,2.772264998,1.630211073,1.442675799,1.717150199,1.275928169,3.110569884
O-propenoyl-D-carnitine,0.357108633,0.102797003,0.317099853,0.228738224,0.390864776,0.074815678,0.08273244,0.335249867,0.416936233,0.444152041,0.299756722,0.241849748,0.414974032,0.227547616,0.108691659,0.36170168
OLEOYL TYROSINE,13.83747514,22.94763265,19.01492057,24.30670015,11.49807697,6.683977621,7.748684175,5.376662307,8.65007632,9.814193098,12.22617338,8.329431971,6.556116892,13.03656249,10.08736888,12.75930806
ORNOPROSTIL,6.417667692,6.597316429,10.26986421,8.522199448,8.671420573,4.235521045,5.522025336,4.047739986,4.609815801,3.625089768,4.649169259,4.165984704,5.404733705,6.271232207,3.883029134,5.685573185
Octacosyl (2E)-3-(3-hydroxy-4-methoxyphenyl)acrylate,5.684784645,4.209328947,9.218076359,6.250620028,5.420889383,6.506243501,7.144067705,8.988012723,5.135518955,7.181267291,4.908493476,7.314906277,7.262675896,7.793792349,10.1475344,9.839963283
Octyl gallate,67.25539036,49.44163318,97.08122106,54.42823446,82.8968454,72.77159738,87.17822878,59.31353836,69.9411684,95.35430626,62.66180052,79.47140432,58.66127681,87.1224192,50.673203,43.17849715
Oleanolic acid,0.173444785,0.318488961,0.191651257,0.224242063,0.192840567,0.180507055,0.158055449,0.179500731,0.159771452,0.208730617,0.230394623,0.188773339,0.197420438,0.185405325,0.242546352,0.19795466
Oleic Acid,57.73989877,118.7091962,58.16732178,62.98399821,41.47642801,56.96716061,85.86072505,90.08430545,47.58229497,72.96274189,58.40556294,53.8569847,81.11864063,57.3716379,102.2152308,59.41820163
Oleic acid alkyne,249.3898149,308.6228246,620.3298616,338.9260589,141.6258399,226.9991333,161.2843195,444.9093465,272.4337969,111.0532027,76.28920973,141.2385439,225.3941257,131.4636776,149.7007694,183.6882655
Ormetoprim,0.090250099,0.091013571,0.108746333,0.110683561,0.075867322,0.065042139,0.080892108,0.08505481,0.064583143,0.078471329,0.16116841,0.079955059,0.086721291,0.102613558,0.108822483,0.079966578
Ostruthin,0.694634909,1.198837128,0.127014071,0.23034712,0.768673054,0.890983864,0.79444731,0.562866681,0.737690796,0.772696301,0.715814415,0.932429789,0.754299052,0.965013514,0.503200368,0.804581454
Otonecine,2.391512812,1.939787233,3.480170412,3.465598856,3.002853707,3.696638955,3.85137531,3.268042023,2.14804513,1.555795184,2.598447601,1.937729907,2.429650728,2.525434878,1.65930337,2.600617554
Oxaceprol,3.206227577,3.678128657,3.815528024,3.770534204,3.26707247,3.698852394,3.627545919,3.011702586,2.101572543,2.140335502,3.71441841,2.454660723,2.547516771,2.228338636,2.913958245,3.523778153
Oxetacaine,13.86200275,32.80376326,16.08137105,18.82243575,43.47918647,21.57878592,28.04813727,20.42381195,57.3139601,29.37262369,24.62663508,15.35942603,32.05667781,43.53542478,14.92406859,12.66056303
Oxylubimin,8.159719731,12.81391824,10.02105544,9.799609793,15.419408,9.811350241,9.083275775,5.553588145,7.303503658,8.668718868,8.525535838,11.50747157,11.06423518,11.03184923,10.50392212,14.10682135
PALGLY,8.039862805,12.89838546,6.079788306,9.61670484,9.249025654,6.351232396,6.452748381,5.882482144,13.12565989,7.119915394,11.40910406,9.949553462,9.45000591,7.328073693,6.251167969,3.938044935
PIVOPRIL,0.393823007,0.395499607,0.418979726,0.385714945,0.681962068,0.405137295,0.412629185,0.4066512,0.314637639,0.39189802,0.386878469,0.412308206,0.347813574,0.428140265,0.380055948,0.370125606
PSICOFURANINE,0.430408041,0.448539119,0.529321575,0.456164893,0.32255684,0.376205965,0.352747167,0.457572061,0.325936412,0.393679222,0.463066776,0.402154086,0.392547355,0.455558716,0.523403747,0.373502143
Palmitic Acid,285.8301065,564.1917346,167.2812808,325.5201941,131.6695821,224.9010303,280.1300161,522.6248403,427.1254019,466.3990797,278.9440469,231.8889594,240.1451039,902.7731369,562.2041501,134.1253671
Palmitoleic acid,396.6103276,648.714487,578.4378338,551.734714,507.2116403,328.8347203,431.2467587,331.9661316,314.3518017,359.5920003,402.2612638,279.9644196,304.0686241,394.9520918,392.1529636,410.5564229
"Pantothenamide, D-",15.07080492,8.687072215,9.142558674,14.62112492,6.379024125,13.77250831,16.2155999,20.52043388,2.828245485,4.502227093,12.55123393,11.00379033,6.63008407,2.545801583,4.750655959,8.522923096
Paprazine,0.310820251,0.300972049,0.318351499,0.434039315,0.356790742,0.301364704,0.404178625,0.330067374,0.247920284,0.260393647,0.28361191,0.296761839,0.355367853,0.305220652,0.31453021,0.353685456
Pefurazoate,1.821988089,1.229885869,1.486837089,1.316404901,0.486749981,1.13853302,0.503332749,0.279138837,0.405170095,0.190303398,0.505896957,0.313362345,0.230093143,0.231655336,0.150104606,0.125585509
Pentadecanoic acid,278.5716565,628.9131966,131.844281,375.2400934,395.8124203,426.2158317,115.7449133,198.7147597,337.4330256,339.096439,412.6458985,369.2293554,418.3656734,428.0660914,332.4848532,431.7500261
Pentostatin,1.406098119,1.585345216,1.308080348,1.319350144,1.120553741,1.244341368,1.082113304,1.334291652,1.840675366,1.105784893,1.432911158,1.077449287,1.05680607,2.236384621,1.335137674,1.475822412
Pentoxifylline,0.6711028,0.76987749,0.792537479,0.789219105,0.683838383,0.774215223,0.759289902,0.63038633,0.399710835,0.447998501,0.777473381,0.513790629,0.500650923,0.397961536,0.517090964,0.721866583
Petromyzonol,0.512977977,0.933860884,0.411556028,0.674196284,1.382519684,1.378877481,1.125503984,0.410784225,0.87294581,1.087383549,0.460574872,1,1.342375952,0.561323196,0.567442716,1.311815212
Pfaffic acid,0.627503993,0.35825423,0.167592488,0.283665828,0.21042829,0.10564063,0.145084687,0.148925315,0.265945861,0.208228975,0.181002573,0.183244351,0.383946149,0.172742354,0.155642003,0.142905649
Phaseic acid,0.132431209,0.20155848,0.144945653,0.220853045,0.179331832,0.130110181,0.139737203,0.148092364,0.299844701,0.685262828,0.199945465,0.165396835,0.192272971,0.334019614,0.174891877,0.159700472
Phenobarbital,0.283431655,0.418199895,0.306311672,0.117201119,2.81073122,0.369917197,0.322459612,1.320103378,3.902709848,2.886870478,0.264646662,2.047194158,5.925119331,1.845156869,0.430445152,0.310098339
Phenprocoumon,0.02049769,0.027223375,0.088146306,0.030373001,0.081228908,0.025471363,0.117630111,0.035952524,0.096581678,0.077285396,0.100238868,0.022265152,0.022177416,0.058032387,0.170001958,0.025307311
Phenylacetylglycine,3.529126075,5.877126256,2.606232214,0.810463181,19.44637311,4.784025991,4.69494274,18.03284566,29.52040244,19.95464639,2.708883386,27.3073042,47.28832728,120.7957137,16.41910822,11.63943534
Phloionolic acid,0.462280206,0.810369115,0.504928326,0.603471904,0.650970332,0.465162372,0.569963626,0.574661354,0.499221212,0.666739854,0.68719892,0.878450552,0.697234725,0.743046761,1.002972628,0.843690794
Phloretin,0.375198076,0.521315311,0.393176714,0.419739064,0.502436175,0.444745062,0.47791339,0.455958497,0.409041638,0.492475233,0.428543657,0.740264335,0.546972417,0.477544656,0.66829266,0.673930515
Picotamide,0.675728825,0.691200189,0.713135158,0.740379986,0.649992783,0.67832544,0.759622654,0.689845644,0.615914227,0.759039214,0.544307585,0.823117083,0.629134425,0.754980415,0.649846477,0.749350237
Pinocembrin,0.785802073,0.913013458,0.406177602,0.893430966,0.828533863,0.999352325,1.045987766,1.150307731,0.788834202,1.092392206,1.007086253,1.126984274,0.827519505,1.060683042,1.095401326,0.901366339
Pinolenic acid,121.6789067,102.2891814,51.11210832,90.61355749,116.9366654,166.2901972,81.61408602,246.1309561,42.64205489,85.43975652,141.2986472,121.2964656,136.4022478,85.61076142,146.583622,150.7819407
Pivagabine,0.108960431,0.121519871,0.224518193,0.104251566,0.081211091,0.130659279,0.093186858,0.32185517,0.550767137,0.224044488,0.102298817,0.116045792,0.160014356,0.123624044,0.307536232,0.099201566
Precocene II,0.1178752,0.156874026,0.143607209,0.137232876,0.108154402,0.109278155,0.101093963,0.132578659,0.166108945,0.134418788,0.161051453,0.136342735,0.163078289,0.157352038,0.167296102,0.14188302
Pregnanetriol,2.416884551,4.188977929,4.157549166,2.949287775,3.374534482,2.244797899,2.028230867,1.193374146,1.312412061,1.525299435,2.486071449,1.897838784,1.899087706,2.82301889,2.384803773,3.106639445
Pro-Hyp,1.921555576,0.567586923,0.841783918,0.985586937,1.016868541,2.612413082,0.749900298,2.704321649,1.516849808,1.478509468,1.824429892,0.561645105,1.735604452,0.26330104,1.41215926,1.947217417
Probucol,0.401306544,0.552104667,0.450639492,0.490512861,0.602517868,0.411779886,0.398790442,0.427844353,0.353248822,0.448588357,0.453817364,0.61157363,0.516749044,0.457260124,0.694473003,0.585211257
Promegestone,39.46006044,12.61728356,33.31552875,22.58323833,43.13273856,53.00401543,41.53667754,51.43547144,30.59869231,35.22694232,47.5709129,89.1288057,65.17718531,37.28839808,95.44395233,82.23871663
Propapyriogenin A2,0.205565768,0.256474183,0.361948193,0.227800068,0.395673732,0.195619286,0.192282373,1.27169167,0.235159772,0.180804912,0.211097332,0.460230756,0.194461054,0.210053142,0.243487737,0.194469482
Propetamphos,5.805404291,2.930349948,4.985028751,4.983451165,4.311612541,10.33171319,7.864291511,7.865153222,3.616163562,3.939831548,4.028865512,5.532884259,3.988999504,2.405427806,3.202029674,3.970760216
Propylparaben,0.103655114,0.132473416,0.117671468,0.12051699,0.098301967,0.100807919,0.105460632,0.114542102,0.108760465,0.117573126,0.13293094,0.098991317,0.100461992,0.139673802,0.139313097,0.108016788
Prostaglandin F3?,1.219713041,1.878534277,0.910203573,1.033697646,2.113682334,1.802956873,1.277157316,1.339990684,1.17446146,2.269526413,1.297401562,1.815135848,2.016276206,1.245097409,1.54924794,1.541730074
Pseudouridine,1.388104414,1.319360861,3.238018717,1.624372783,0.062018513,0.069455723,0.148119924,1.282055572,1.634601673,1.678318113,0.086228709,0.066284174,0.067501376,3.429207443,1.308993564,1.837471373
"Pyrene-1,6-diol",17.37058751,22.80550115,14.90824175,21.32532807,22.99856188,21.75350889,14.58927615,17.77550085,23.10749401,26.86503217,21.12783355,31.04868524,20.95093501,17.96223483,24.28620122,18.01757035
"Pyrimidine, 2-[[2-(dimethylamino)ethyl](p-methoxybenzyl)amino]-",0.074669023,0.180407835,0.083488391,0.115323029,0.076788493,0.077178501,0.076722803,0.090444781,0.073563413,0.114731763,0.126228422,0.112689004,0.092679507,0.117368879,0.118267319,0.090908133
Quillaic Acid,0.338397267,0.37069529,0.434814192,0.381890924,0.390508821,0.170723663,0.259280974,0.137753252,0.28687523,0.210956893,0.378679969,0.452251765,0.274653236,0.192514945,0.247675622,1.108205358
Resolvin E1,2.865147438,3.41996214,2.824865918,3.355228801,4.245718273,3.620024267,3.141099492,2.709314057,2.866769783,4.732699879,2.57670371,5.056276744,4.934767945,3.025456361,2.831821287,2.820234198
Rhapontigenin,0.1300242,0.184050974,0.132369131,0.143511647,0.313384887,0.149298737,0.175260205,0.29396613,1.322657212,0.365333652,0.181874524,0.244444299,0.286858378,1.395432603,1.428866933,0.541476175
Rhynchophylline,36.94959737,59.70371073,35.8139861,47.21962409,34.30164752,39.10373944,36.24283359,32.51455165,1.097768047,4.130816393,4.079475376,49.15825272,53.78066712,7.325781368,54.87853777,53.84466307
Rimexolone,14.65030564,12.10445066,21.63079449,12.76807371,13.83178837,9.034732714,11.21858176,14.45671094,33.424866,29.30984433,26.14058276,6.294529152,6.211980353,21.8030176,11.26427602,9.039258786
Ruscopine,0.287331107,6.78832319,0.327747838,0.312410951,0.233275698,0.225376507,0.21185457,0.2962086,0.398653613,0.274821147,0.285377876,0.250161102,0.414858184,0.257123945,0.314953509,0.266172792
Ruxolitinib,4.291022033,4.871224632,3.69275779,4.231241622,5.813573656,4.685366378,6.159406065,2.284625193,3.541205459,4.32472446,3.779270427,2.609408636,2.3025655,3.903420706,2.712891261,4.144769346
S-(3-oxo-3-carboxy-n-propyl)cysteine,3.705599566,5.122841532,6.411663167,7.716314283,6.044882322,4.066616368,3.522793619,2.751926932,2.665495463,1.944986954,3.209087316,3.06799395,2.210844583,3.442823765,2.804801025,4.905586901
S-Sulfocysteine,3.639761672,1.467154416,1.612128512,2.215057516,0.584909626,1.675507922,1.809397534,10.29202521,1.762094301,3.146253231,3.359625832,2.130088789,2.450720611,2.261697663,3.341362034,1.27981825
SZB3TH928Y,0.302719972,0.365234176,0.328572615,0.388292217,0.278147002,0.311675241,0.289211218,0.347421115,0.244436026,0.298780152,0.413844641,0.282852047,0.281177021,0.28150718,0.350769814,0.394316615
Sarcostin,0.096519042,0.149653373,0.118243658,0.124209029,0.096997852,0.09048421,0.094288776,0.115803478,0.082793764,0.106832141,0.126590035,0.106285533,0.103580657,0.118182109,0.150444044,0.116300278
Scoparone,0.073624927,0.104842607,0.086724725,0.089950421,0.062472071,0.069087079,0.082274788,0.084383055,0.067615798,0.078162822,0.102087811,0.075277322,0.075043937,0.10041978,0.106095944,0.078300511
Sebacic acid,0.07322361,0.161512241,0.147174693,0.093973524,0.063052773,0.0767031,0.139607368,0.085494828,0.136388258,0.153645842,0.099350487,0.155731894,0.137051076,0.217268164,0.109759013,0.196674828
Secnidazole,0.113123515,0.122801262,0.117235984,0.120540431,0.091828053,0.125117882,0.116517205,0.147696734,0.08932502,0.103783297,0.120645504,0.104399994,0.093876057,0.11165956,0.130388776,0.108311297
Ser-Leu,1.677028465,0.428705112,0.067723454,0.443437446,0.054069501,0.063360088,1.367108455,1.5263303,0.167603103,0.309599411,0.470276885,0.058403627,0.055317398,0.14769341,0.235082028,0.339437819
Sinapyl alcohol,0.139396489,3.703803991,0.509975387,0.316838045,0.152303438,0.101401077,0.333028313,0.146220598,0.817002391,0.373913239,0.870599435,0.974191346,0.119713114,0.889174721,0.121916701,0.091674152
Soyasaponin II,0.651106116,0.358647219,0.171840455,0.377437743,0.795063294,0.992202017,0.985671244,1.074787674,0.689955866,0.897311555,0.563856213,1.014855719,0.441491956,0.722189214,0.336695531,0.507889018
Stearic acid,250.5734634,462.9552416,394.7677366,170.3633047,227.8967682,476.7188232,254.3865678,605.4143565,157.3928365,1792.968371,3102.893282,596.7224269,206.4994971,3134.286317,1123.295172,494.1941436
Stearidonic acid,4.676189075,4.808884919,5.806336814,6.553077447,3.459107764,3.793787183,5.921688776,5.53211159,1.733990608,2.434748079,2.090480634,2.49461055,4.569186549,4.992014835,3.693154611,6.448389022
Stearoylglycine,0.827933921,1.682151892,0.55951408,1.163906027,1.363409252,0.542908682,0.32546408,0.201836611,0.555077564,0.641364915,1.002544056,0.728865627,0.710878816,0.614544459,0.48985943,1.10112894
Sterculic acid,1.998643391,4.422341727,4.489183867,5.708967188,1.601984539,2.724896683,2.083491751,4.679192337,1.936055205,2.00144069,3.331039833,1.437419053,1.545696721,2.499165577,2.479749635,1.775905252
Stiripentol,171.9657395,334.3587088,150.6749513,265.8800796,158.1867717,154.195022,103.301035,171.0113412,173.1771765,165.5543646,152.6795795,160.56915,244.7514842,179.2568281,203.6104507,202.4935559
Suberic acid,6.066449714,5.099117013,7.660433608,5.649999791,6.584604423,4.867368715,5.060152202,4.736770915,3.95729143,4.680830104,6.686393087,3.935964757,5.607688841,5.426127245,4.073149906,6.220104208
Succinyl proline,2.433580584,2.918363462,3.26740165,2.725778864,2.134270008,2.49613155,2.481769572,2.060443066,1.320366775,1.577825734,2.541203004,1.657051516,1.801413806,1.716503689,2.066205852,2.453911449
Succinylacetone,3.441427872,3.947946355,4.294554806,4.279768518,3.401708668,3.937018237,3.893653003,3.339890363,11.76639229,6.298288873,5.428242998,2.63472808,2.634463794,15.56330043,3.451558455,3.849946341
Sudan IV,3.313902744,4.940857763,0.78269139,2.33403864,1.731119455,1.816238791,1.901144454,2.709669654,2.004995646,3.056218637,7.990381937,3.430830837,2.166873493,3.366524937,5.638448632,3.541247761
Sulbactam,0.074547621,0.115706838,0.095122925,0.095621574,0.067608183,0.076874512,0.087092226,0.098131214,0.090667868,0.089437203,0.103784209,0.080859449,0.08084959,0.110920513,0.121874617,0.097500618
Sulfazamet,1.013055434,1.606169074,0.701617952,1.729933945,1.138018657,1.152908299,0.873907894,1.032390614,0.849390761,1.082605263,0.592389227,0.773367285,1.354220644,1.18922043,0.992945617,1.317267176
Sulfuric acid,52.11815801,17.57737577,226.7304679,31.62107378,18.39218404,11.22249805,20.83041767,51.94593677,15.33290232,55.92044661,26.66057545,71.74828007,125.7758668,102.4243989,40.81282274,22.8114363
THIODIPROPIONIC ACID,3.651661308,1.227508104,4.811007079,1.777558044,2.113130603,2.579756516,3.685541262,3.998378355,1.980365847,1.806593261,6.270968446,1.310199106,2.999679513,3.266855583,1.77415343,2.740957154
TOQUIZINE,7.879293361,2.435008542,4.233677593,4.192831553,5.529813771,8.67439397,5.242800562,10.06135225,3.487823652,8.699327722,8.020452674,13.03070837,11.21064532,14.58111014,14.25323599,11.28623377
Taurochenodeoxycholic Acid (sodium salt),3.879437314,4.142009559,2.42643793,2.729589156,4.654797893,6.651041229,4.819153087,7.528505291,5.941180689,5.787818117,3.858672551,19.48366824,9.19458743,4.734981725,5.547756508,7.256252089
Taurochenodeoxycholic acid,0.700087009,1,0.591331007,0.675982791,0.677404614,0.790669496,0.816408861,0.916812545,0.64551695,0.847835574,1.936479482,4.081579023,0.682763286,0.855181079,0.908146925,0.778607199
Taurodeoxycholic Acid (sodium salt),8.148171436,7.573794565,4.950588099,4.801628755,5.137501975,8.768385157,5.893784865,10.18396006,7.031272573,9.538405663,10.17856432,33.60611636,9.228655527,9.140433553,7.390457276,9.515160991
Tauropine,1.598479781,2.260856705,3.188599289,2.670345448,1.973948039,1.57187072,2.221199214,1.763897245,3.261220182,1.348679686,2.943015037,0.789485305,1.441957288,2.391067057,1.204679854,2.152061598
Tegaserod,0.06703106,0.088249594,0.075870806,0.084711899,0.058070291,0.064569247,0.071270556,0.07829552,0.066459951,0.070075847,0.090656464,0.06910753,0.062749491,0.078655853,0.09449682,0.081562863
Tenatoprazole,0.324120048,0.254006798,0.225629989,0.150516609,0.399521719,0.410908847,0.317911424,0.215491458,0.140810349,0.218463937,0.300128724,0.252500093,0.154907204,0.276302463,0.157802591,0.132940851
"Tetrahydro-2,5-furan-diacetic acid",7.781241259,2.737230434,8.869280488,6.409632069,3.077042881,3.335536141,7.088646492,6.545443043,5.037154947,2.83704853,8.323840944,5.938167123,8.222741838,6.305646455,6.958072435,8.847443888
Tetrahydro-2-furanylmethyl hydrogen sulfate,0.126273528,0.147411135,0.145570015,0.137154,0.119928496,0.142378195,0.158004854,0.155486844,0.10025933,0.117801499,0.130707908,0.124155021,0.10711016,0.123364336,0.133470042,0.127295073
Thapsic acid,0.411977136,0.554078755,0.652838385,0.549709501,0.535089569,0.524510144,0.577233404,0.655265348,0.415665116,0.692409086,0.637812982,0.754071502,0.721997634,0.820304282,1.068956089,0.628127257
Thymidine,57.51793426,49.01913958,115.0630883,96.60429499,63.76981575,71.3095346,102.1676497,64.5149397,45.28168809,44.20477085,72.70770464,50.58553764,40.02410798,42.43604654,63.04585563,82.25384522
Tiglylcarnitine,1.903998353,0.496086564,0.419947945,0.324316906,2.184576103,1.565673723,0.668175677,2.610070984,2.330388961,3.501923268,7.03132114,1.890814298,4.023660617,2.353663402,1.401766438,0.64911028
Tofacitinib,1.137244147,2.082508948,1,1.607685011,1.643945894,1.497193523,1.16860413,0.769080181,1.015935002,1.208928686,1.295643057,1.631311089,0.849806055,0.981168948,1.081793541,1.096345569
Tonapofylline,0.070118572,0.089003906,0.081774913,0.077907308,0.059476578,0.066132919,0.072996514,0.0801916,0.06806941,0.06618134,0.097282081,0.064727994,0.064269094,0.100516005,0.098905944,0.078243661
Tozadenant,1.305639832,1.321299236,1.205783933,1.781090317,1.767211568,1.375301524,0.951610186,1.447537716,1.348622722,4.218992981,1.296492446,1.705491491,1.7341549,1.816096966,1.300571951,1.316477498
Traumatic Acid,0.242210049,0.260019632,0.157753958,0.255638077,0.183932323,0.161651732,0.131841466,0.231985813,0.350928926,0.328295949,0.218525132,0.283100169,0.3071027,0.398601233,0.297531634,0.220241767
Traumatin,0.220409756,0.31548007,0.242942216,0.273524589,0.254122477,0.228742948,0.20599299,0.418683327,0.17060938,0.217638093,0.241886858,0.199039453,0.29495882,0.232104463,0.371130198,0.231131874
Tretinoin,0.995730575,0.709659511,0.405819485,0.782963928,0.88658433,0.48193843,0.701130924,0.608319571,0.964911752,1,0.513116038,1.183528304,1.055809377,0.670564191,2.207773984,0.634849654
Triacetin,0.824942721,0.946359979,0.954086344,0.952162343,0.785421529,0.911183841,0.933345351,0.774892632,0.496564308,0.575398153,0.955697111,0.623184902,0.615417392,0.489188054,0.777059904,0.922868452
Tributyl phosphate,0.161904483,0.303662766,0.131962334,0.133429484,0.18863855,0.172457234,0.166979363,0.202136848,0.195273582,0.183662907,0.201294771,0.19951883,0.198577917,0.270310084,0.234935327,0.202007727
Tridecylic acid,18.26087618,29.86867873,20.34248795,26.20451028,35.58562252,35.627018,26.25958022,27.6003854,23.53014581,30.7645751,27.35264014,22.29044399,33.52781716,34.27602583,31.6506963,25.85043952
Triethyl citrate,0.233079882,0.174249175,0.252161436,0.162505692,0.175409518,0.086075487,0.123380055,0.087713436,0.314356001,0.290220115,0.298425674,0.375541597,0.10319002,0.419931698,0.11477749,0.088616575
Trihydroxycoprostanic acid,0.577157421,0.931543891,0.727829464,0.700517356,0.61963013,0.772210086,0.782347792,0.832734635,0.697830219,0.850032737,0.799060366,0.82214084,0.663745135,0.792556101,1.097290536,0.80997363
Tripropionin,4.749876241,2.855468057,5.813505678,4.13088837,7.922152277,5.112929307,8.284514209,6.684476884,3.755662359,3.97478108,4.53625995,4.337441152,5.284202115,4.562256062,3.529726687,4.056437325
Triundecanoin,0.245204935,0.280156721,0.242279212,0.334205918,0.224851002,0.177122138,0.196311527,0.184356614,0.226114221,0.212474052,0.302906943,0.233204416,0.260919301,0.50893779,0.252325191,0.234226274
Trolox,10.09943313,6.992043629,13.2215016,6.360134077,20.72394659,6.906648674,5.589447379,0.388664617,10.0584166,3.901911504,7.382912123,15.36952082,11.31969283,16.12416769,9.078805716,13.47015677
Tuftsin,0.825906231,0.697352051,0.387920528,0.988763105,0.538434585,1.344562701,1.419423132,1.162270987,2.271222611,0.665191383,1.78120188,1.000874175,0.74854369,2.24562667,2.081045421,1.25456207
Typhasterol,13.46328061,48.56496422,13.61856397,27.14128197,28.00849645,17.76572653,14.70425161,18.8847904,24.64588328,18.7236477,29.59908162,31.96375564,13.49724452,19.589109,31.98548241,19.92977701
"UROBILIN, (−)-",6.511055054,4.275017296,1.659866609,3.824582794,3.657286103,4.566648952,5.278606406,0.40977721,6.423917707,4.506538958,3.722396505,9.381387353,9.27645883,4.097115353,3.520142144,6.619878382
Ubiquinone Q4,0.202687715,0.255645778,0.204748333,0.163507074,0.270805768,0.218764831,0.24547822,0.316697127,0.286846148,0.325829697,0.222359021,0.269272963,0.286322299,0.281840605,0.312280993,0.224713843
Undecanoic acid,1.904490888,2.103359204,1.75451636,2.925009079,2.617942914,1.935542268,2.056941842,2.038547843,3.43738509,2.127024263,1.825745528,2.670104592,1.776220218,2.464620434,1.921168232,2.076212343
Uracil,0.951500605,0.852916098,0.816242489,1.911540841,0.63463231,0.881629484,0.754156965,0.793540562,0.570772043,0.713959619,0.77221752,0.529583154,0.616656582,0.476257774,0.627875993,0.745691474
Urothion,5.150464216,5.822684694,5.929203661,5.509035288,4.219607223,4.53672861,4.400489506,3.817736822,5.189601798,4.272725511,4.825630611,5.512313482,3.771259182,7.364909338,4.903717933,5.74679212
Val-Ser,2.960202275,2.709016274,2.864997147,2.444333997,2.440109886,4.125676864,3.09988216,7.349343779,1.218239378,2.239618282,4.176176946,3.418155866,2.027662672,1.781657626,1.709835624,1.676144943
Valyl-4-hydroxyproline,4.150783441,4.571995713,9.847254806,30.51674715,5.677893698,38.05075603,11.02902355,28.80664485,6.617495423,26.61601733,9.344725569,30.47238079,13.65065172,6.312021903,20.32601811,3.853622974
Valylvaline,2.686125817,1.574556028,1.372704401,1.981469615,0.826760813,1.356131603,2.417202569,2.709999228,0.368832562,0.380788936,1.405424735,1.360836963,0.710711079,0.254599661,0.269374137,0.806253974
Varanic acid,12.61122408,20.55770069,15.10320583,10.17181867,31.75015893,32.00411465,23.87427142,13.13462716,20.00627339,23.35466007,22.62205756,25.7207468,28.52073911,20.41044764,25.42930537,27.81242588
Vitamin C,0.506784718,0.484699413,0.580369071,0.540235243,0.363924557,0.436477832,0.397986776,0.516255398,0.359353143,0.488940064,0.500871402,0.418877169,0.402270149,0.417298622,0.601749281,0.421403564
Volkenin,1.710933062,1.148579603,3.660679881,2.255598835,2.031652061,2.071348786,2.227290367,0.998193758,0.670116882,0.574114109,1.43476618,0.622622917,0.549394424,0.694214447,0.609171809,1.916556041
Vorinostat,0.086473126,0.118365563,0.104253134,0.110564851,0.245577968,0.292283702,0.259440869,0.129449153,0.078653234,0.099898239,0.105219785,0.096367578,0.098300729,0.120857949,0.125229142,0.096194317
Xanbon,0.094502069,0.11895029,0.107875057,0.100196458,0.084323608,0.081146932,0.08847127,0.09422798,0.077123986,0.088924859,0.100819698,0.097897763,0.086558118,0.105452355,0.11717836,0.092337073
Xanthine,0.467082034,0.613825575,1.198092283,1.126016796,0.955224528,1.77023546,0.740753317,0.438743706,0.28115439,0.311803275,0.541115085,0.352846888,0.348448929,0.276977959,0.439970814,0.624499601
Xanthosine,0.069871822,0.099513375,0.085315658,0.300924811,0.064185218,0.342350716,0.075739032,0.083431695,0.066740906,0.10784828,0.095552579,0.092966612,0.069335031,0.095287139,0.100786279,0.083917092
Xanthurenic acid,1.945085205,1.131070035,1.349580414,2.385284447,4.211980544,2.557745067,5.2947561,2.131156838,0.50613381,1.49689779,4.802334773,1.147358215,2.931271752,2.920323057,1.257455692,0.940653441
Yangonin,0.585820686,0.67739488,0.436052948,0.630572045,0.569945216,0.585738676,0.635715202,0.704286637,0.511629915,0.660266225,0.759143174,0.656146532,0.580667212,0.757788683,0.820227767,0.682959941
Z-Maleylacetic acid,0.570037542,0.426143304,0.635544156,0.505104466,0.391286187,0.389608917,0.514914158,0.567073085,0.464509786,0.490370295,0.633424483,0.477818044,0.494031981,0.513826747,0.640751427,0.516003921
Zidovudine,0.205407818,0.11758756,0.096151049,0.110055321,0.074052119,0.098569593,0.089818979,0.104684816,0.077327622,0.09156718,0.132569122,0.150948965,0.094162433,0.102107223,0.123662265,0.096626114
"[3-(3,4-methylenedioxyphenyl)-2-(mercaptomethyl)-1-oxoprolyl]alanine",0.104124068,0.248685357,0.154479174,0.179547524,0.142940048,0.077063141,0.082832749,0.140889073,0.059491176,0.128203259,0.294936851,0.071699353,0.172269194,0.305402771,0.105864561,0.113539407
acalyphin,0.133774608,0.189421559,0.138266941,0.175942221,0.127237987,0.148456779,0.139928361,0.161572554,0.104148943,0.115221563,0.168255305,0.11066682,0.105505881,0.135459317,0.160610343,0.161767383
acetylserine,1.926045026,0.512247853,3.550739075,1.092949294,1.005479687,0.889062998,1.879256118,0.811071142,0.694598841,0.775054448,1.498857596,0.905589081,0.640866711,0.544331614,0.869968795,0.744062486
adrenaline,0.81048704,0.510773718,0.531465334,0.795817881,0.668104145,1.063128192,1.025496879,1.655622574,0.94577169,1.25320984,0.93149358,0.697048705,0.538530795,0.566197486,0.701567341,0.602908219
algestone acetonide,23.26115187,20.90222029,30.59371466,15.96027676,20.95017764,12.16183484,15.63199175,26.16859363,73.96155732,64.90624535,50.08814551,16.79944771,25.34862939,28.93978527,15.58728393,15.3661207
"all-cis-4,7,10,13,16-Docosapentaenoic acid",284.0487211,286.5458983,178.6691918,388.7037061,329.905306,308.2481684,347.3656016,253.9913019,188.7303444,278.2249109,408.6252415,163.6761393,374.3876304,204.5394944,399.8137327,368.5595501
amiloxate,1.866139057,0.637035342,1.814036679,1.266693999,0.417039694,0.758137626,0.738178632,0.587211939,1.438668438,0.471575566,1.164899143,0.460045722,0.286860006,0.657408358,0.418875084,0.309030296
anticapsin,3.02868833,3.03934135,3.57672329,3.561747464,3.086164044,3.49403491,3.426676906,2.84493482,1.779528766,1.692029889,2.875261433,2.318738177,2.096242798,1.796001242,1.972176666,3.051128093
artecanin,6.000635664,3.462088613,8.189540444,3.873426702,9.394648645,7.501380499,10.05603376,5.105099684,6.628933382,8.083595235,5.153391586,8.166858117,4.821485353,8.670602826,3.381119555,3.36445629
astromicin,2.339639408,0.946168645,0.668874315,0.646349385,0.815154898,2.854848072,2.284231344,9.252358691,1.15494949,1.656485715,2.853260616,1.919569083,0.944660782,0.939946807,2.124394769,1.151201245
bentazone [JMAF],5.459422774,7.044470448,4.819511389,5.611502983,6.693453128,4.190834666,3.761486979,4.900916334,5.912869982,4.851331885,5.551945913,6.294349562,4.787702933,7.12242683,6.859994679,6.006417717
benzodepa,14.08766132,5.65543352,11.69717589,32.26688889,4.387876793,3.597892062,11.36191137,21.92148029,3.365790523,14.4091795,10.92694018,16.94108127,13.85710416,2.828474743,16.94682738,6.81746012
bunaprolast,0.101900329,0.142231739,0.236558939,0.168019633,0.128728447,0.10907238,0.112819971,0.11992455,0.330849197,0.135360575,0.128552432,0.11295704,0.104900469,0.211766277,0.197286839,0.153363207
callystatin A,3.543735165,6.627661621,3.827935481,4.414600605,3.529741984,3.817761627,3.823300279,4.762001438,3.646011106,4.435156199,5.703689235,4.255990595,4.190809966,5.684165779,7.175927274,5.459572609
carglumic acid,1.667645881,2.160029978,2.229247822,2.518464892,7.96900645,1.531283784,1.852035027,0.950480601,1.060428748,0.521834683,2.260483808,0.83481666,1.53177675,4.084973974,0.855888745,2.052762511
cartazolate,0.171963971,0.122744234,0.235664054,0.182154334,0.087049429,0.161677597,0.089521731,0.101592286,0.229853347,0.091508938,0.108963397,0.19677581,0.127325472,0.157992951,0.132329939,0.281511008
cinnamodial,0.101222705,0.141722833,0.109772672,0.118008041,0.113565551,0.112990566,0.112023991,0.134774498,0.121873187,0.139108191,0.123968524,0.152083966,0.100723088,0.11390378,0.14126602,0.112320529
cis-2-Carboxycyclohexyl-acetic acid,0.525543711,0.163981805,0.537048929,0.18062997,0.73368352,0.524990266,0.569676875,0.229178809,0.34263721,0.313607552,0.513189341,0.248270303,0.434523913,0.413861894,0.381113456,0.233809724
cis-5-Tetradecenoylcarnitine,0.327407617,0.643101145,0.432611526,0.513502812,0.307616915,0.344696738,0.371266081,0.47995117,0.313543011,0.453860607,0.499296175,0.355494953,0.328791985,0.504394585,0.568707707,0.404470478
cis-Cycothiamine,0.133760842,0.185138188,0.152202638,0.156477144,0.108177327,0.123004034,0.139353017,0.159291074,0.16258956,0.143105126,0.177868571,0.132345877,0.132633115,0.177479767,0.19500702,0.156025912
cis-trihomoaconitic acid,0.273432954,0.509946876,0.2941796,0.324372138,0.291430164,0.313689149,0.343092792,0.38852132,0.165399058,0.326110346,0.329119873,0.224817794,0.176849756,0.222967025,0.278121618,0.291697411
coenzyme Q2,0.097650765,0.132373477,0.102905613,0.114291965,0.128849458,0.126789489,0.131771079,0.148692866,0.148376044,0.152580971,0.12597974,0.17789511,0.0998994,0.117787207,0.142159521,0.106014507
dacisteine,0.059936465,0.095640492,0.069840604,0.077174329,0.057818423,0.060711258,0.065761814,0.083520708,0.056194725,0.065390276,0.084058348,0.062368383,0.060312067,0.077638457,0.095666786,0.069400291
decanoylcarnitine,1.120337678,1.51237647,0.955725112,1.320430741,1.038720054,1.814522818,1.747662243,2.069797751,1.232154743,1.073385569,0.945831222,2.708276036,2.195249369,0.806580808,2.324864971,2.124455994
deoxyuridine,0.115857629,0.190746559,0.168582495,0.16177885,0.144218185,0.125936648,0.135598075,0.144894406,0.105482976,0.124079234,0.164245518,0.120704088,0.121991447,0.148850527,0.185656585,0.152373529
diacetylphloroglucinol,0.077771652,0.106471188,0.090823824,0.095643736,0.065996919,0.075183922,0.085176933,0.097363698,0.078267053,0.08747034,0.108718847,0.080893949,0.076769217,0.108481198,0.119194404,0.095367929
diethylmaleate,3.278042232,6.579322663,6.094690334,8.271980606,1.887161933,3.177688866,5.199450324,5.406233049,3.092923315,3.167505811,10.77968889,3.543732864,3.392439471,6.05019968,4.365455374,2.62079027
dihydroxyphenylalanine,0.356612599,0.401009164,0.418635267,0.392660004,0.326560514,0.401498833,0.397696493,0.463542196,0.301463522,0.396505256,0.445996216,0.369924688,0.346158525,0.350383995,0.507470559,0.425503927
dilauroyl peroxide,6.159425323,9.370190938,6.395285566,9.655911277,6.970251488,6.552757754,6.650657831,6.801991461,7.095619119,20.52383695,14.80960431,6.874227614,6.224790474,6.359622734,9.835270172,8.300131425
enviroxime,4.14640093,1.866154247,6.191771753,2.736933216,2.949001399,4.551634572,7.184818687,5.835287676,3.733163525,5.663100422,4.31161125,4.9847129,3.570404099,4.656519574,3.33884468,2.840775489
ethiofencarb sulfone,0.076902096,0.098495121,0.085365541,0.084696732,0.073835898,0.074144986,0.07399998,0.084205964,0.066547817,0.082397416,0.090278613,0.07692534,0.075852978,0.088219092,0.101361566,0.080331514
fenoxaprop-ethyl,1.770782276,1.362771094,2.313687012,1.757300367,1.606680515,2.725527304,2.265583426,1.493927092,1.093401883,1.376737793,2.177868284,1.005948016,0.735539962,1.06209298,0.726535643,2.248743566
forchlorfenuron,2.050864919,2.292987794,2.421964732,2.411823908,2.089784382,2.365972606,2.320361387,1.92643692,1.228514737,1.30900884,2.292922978,1.570124841,1.503726179,1.21615549,1.767425173,2.215166325
frescolat ML,0.511710852,0.469579173,0.226199005,0.271964525,0.284879801,0.282863683,0.283905911,0.285885123,0.30153736,0.289076142,0.367481287,0.844115963,0.82124543,0.569670444,0.413235614,0.383539303
gemeprost,0.676326831,0.757421824,0.71244518,0.745837828,0.708455051,0.638430838,0.916326647,0.645365068,0.526576127,0.677399526,0.732594116,0.782720578,0.609023115,0.792058388,0.742846736,0.675936591
gibberellin A7,0.625550857,0.471017259,0.485094426,0.473254931,0.569994975,0.424739634,0.491841665,0.481414988,0.368562935,0.385561777,0.596857499,0.62520537,0.410968044,0.48018359,0.438559313,0.409961307
gitogenin,6.63123735,7.553241004,3.520683492,7.236548022,4.575605019,6.087162651,6.767450256,5.292875242,4.51510406,1.637939285,3.398055665,4.598288411,7.269149853,3.05448594,4.140754658,9.502137644
grosheimin,0.099153478,0.134511238,0.117364763,0.119097084,0.108366497,0.118169316,0.149550823,0.136056911,0.127810971,0.176511026,0.115888853,0.102808193,0.110898486,0.123311147,0.138047957,0.110123478
guaiacol sulfate,0.089862519,0.126767276,0.10859043,0.117714811,0.081135272,0.094266727,0.10125745,0.119471879,1.905580143,0.796844952,0.204176852,0.106997938,0.32043174,0.341232372,0.151572229,0.111380591
guaietolin,0.066423583,0.136946029,0.089114989,0.081313196,0.063047093,0.06643044,0.145755229,0.151481841,0.061238004,0.13089221,0.157132042,0.119040253,0.145792738,0.193308447,0.184355917,0.131544469
"hexahydro-2-oxo-1h-thieno(3,4-d)imidazole-4-pentanoic acid",0.807608572,0.14024794,0.124595079,0.141719442,0.545940358,0.111842528,0.121554246,0.176203726,0.370437173,0.503893776,0.225579919,0.311542491,0.965464951,0.265093845,0.150336811,0.1372783
his-gln,0.819403414,1.578110598,1.123749008,0.878906476,0.306118089,0.746500561,0.417157446,0.43425241,0.302272807,0.411275895,0.721596319,0.352341923,0.338372794,0.391154306,0.506166282,0.354467021
his-tyr,9.676854806,3.454845299,9.264349982,4.904657866,3.431447161,1.790008743,5.05184813,2.400830241,2.727406932,1.998272575,5.727951435,2.94202963,2.240784555,3.089820075,1.10113122,4.319406501
hydrobenzoin,3.082063309,2.318561416,4.775724602,3.021105133,3.770549807,3.096775335,3.361429664,2.912329276,1.913299712,3.130855181,3.569805502,3.534130397,2.777120408,2.30476874,4.025948394,2.477899116
hydroprene,0.695230024,0.178756253,0.423191698,0.301481867,0.187069006,0.870013861,1.420108304,0.917693224,0.329242097,0.819901945,0.301532558,0.794913806,0.262652679,0.549140731,1.047305763,0.474434725
ipomeanine,0.06391135,0.090158475,0.072648419,0.081585753,0.164750819,0.064431051,0.065495538,0.084255698,0.183238644,0.072043474,0.087789486,0.06917496,0.072693855,0.097867974,0.105669471,0.069237012
linderane,0.270181546,0.172637867,0.184034384,0.251263842,0.235300218,0.463915341,0.320320375,0.555257041,0.535891433,0.517835029,0.347829071,0.436217348,0.532003543,0.509567981,0.519580211,0.277562895
lys-gln,0.745019475,4.511854688,0.869321678,0.478015425,2.258059017,1.274443751,3.884946918,1.064302561,1.399448399,1.088957142,1.139185706,0.756627399,1.498875832,2.132257938,0.665375158,1.22630715
marrubin,0.130711643,0.163321852,0.142811062,0.162389926,0.161423606,0.137793235,0.148101695,0.150411497,0.139299334,0.160456283,0.147129141,0.160567782,0.16487513,0.152476184,0.170279101,0.157057751
mavorixafor,1.041868661,0.610066926,0.6625215,0.703274449,0.853563027,0.998976702,1.492351754,1.334944894,0.687814255,1.006771072,0.765624671,1.216274345,0.844299993,0.974565473,0.799870493,1.764919766
mebutamate,10.65642099,7.378315122,6.313693542,11.76292804,4.296158867,10.0741138,12.9859583,12.90914926,2.195506224,4.15789997,8.979454152,7.128476725,5.062004105,1.517533232,3.431727679,6.356788957
menadiol dibutyrate,0.490449825,0.417027463,0.548449002,0.434958408,0.734727008,0.559685532,0.450520648,0.448713147,0.404791238,0.514943599,0.384645357,0.499764255,0.358289947,0.566506018,0.424575422,0.383498243
methyl 3-hydroxypalmitate,9.420895422,15.33653601,17.83864553,8.704740771,14.7070643,7.351719546,5.985394722,1.876229635,2.824387108,2.537708107,7.194127595,5.740860077,5.324477345,8.18107625,6.100108314,11.79101159
methyl farnesoate,120.2430261,94.07049947,122.2751635,117.3016197,102.0492246,97.27885615,77.24316711,83.98477591,91.75564223,85.70287901,74.01049283,140.1109117,138.8218121,67.21264515,143.4094044,131.0982995
methyl indole-3-acetate,1.527189476,0.597741458,1.181104655,1.17970424,0.67428776,1.309765466,1.160627843,2.023250272,1.148868001,1.245920407,1.832903365,0.974433005,1.340328185,0.606903359,1.651981967,1.275274503
methyl α-D-mannoside,1.793330734,4.859049657,1.828925092,1.877086886,1.336423546,1.604393456,1.628226089,1.852011974,1.578316293,1.857887257,1.935420131,2.267091679,1.40517029,1.906093041,2.039916228,1.763970087
mitomycin C,1.173641045,0.541338933,2.081906796,1.264842675,2.387656603,1.028830968,2.110773586,1.698042406,1.284908306,0.896109474,0.961754316,0.970602392,1.666735861,0.565197782,0.324738668,0.759495337
n-Propyl GalIate,0.26840221,0.346229299,0.336759364,0.340129193,0.244568836,0.268388332,0.319146368,0.485551484,3.468830255,0.723141155,0.619747474,0.499609564,0.306586575,1.72541922,0.415837928,0.337854273
nialamide,1.10521426,0.487592102,1.204032255,0.492853147,1.173977752,1.058210651,1.2784426,1.001523264,1.094835133,1.557733587,0.866320415,1.076391034,0.713591499,1.169126914,0.51193867,0.449690816
nitecapone,0.692620493,0.325853431,0.47112286,0.334846261,0.460900819,0.241861268,0.30398673,0.26275611,0.24820761,0.135632278,0.403994473,0.132717229,0.147174043,0.293865909,0.105348933,0.224118574
octadecenedioic acid,0.694206242,2.444428868,0.818778416,0.960970372,1.236581427,0.777968047,0.542682236,0.498613546,0.863965686,0.428301749,0.974694837,0.726651264,0.270662,0.822084405,0.410556151,0.70999675
octinoxate,0.423800756,0.53110497,0.482694868,0.478926717,0.429035313,0.353149542,0.395886955,0.380366052,0.290332555,0.353549602,0.423432059,0.350183073,0.318510574,0.386395725,0.420457121,0.402265553
oleoylglycine,24.4656506,34.16784743,40.70894478,51.22223813,43.18835927,16.85896544,19.55282168,15.40170505,24.58317751,32.65691951,30.57968662,16.67718214,18.34214443,30.60055895,19.03951663,29.81248461
oxeladin,0.152315181,0.187623899,0.138661501,0.142268812,0.209361492,0.348874871,0.356299565,0.501188409,0.359821352,0.347352988,0.271229755,0.373242062,0.156654993,0.179606893,0.196956486,0.176964532
p-Cresylsulfate,25.12628067,42.37003617,6.723708438,23.0462778,127.1416163,33.76791906,41.06340528,50.04795728,100.4697618,100.0810237,43.17742113,110.447876,204.3695417,129.137137,24.27297593,66.05769294
p-dimethylinamyl benzoate,0.661520132,1.110776918,0.776848435,0.758300098,0.797728675,0.613155164,0.649066964,0.570559971,0.772807211,0.558439134,0.683187301,0.445105443,0.420684752,0.676151308,0.625367365,0.515643105
p-sulfobenzoic acid,0.22916893,0.240657363,0.16971867,0.125645981,0.958534849,0.217202529,0.202200923,0.778464133,2.68688708,2.320133016,0.631192325,0.450551025,2.233646957,2.014409365,0.581524289,0.303574891
paracetamol sulfate,0.245534527,0.312547553,0.309904612,0.406115536,0.258631215,0.208282572,0.235036295,0.241571348,0.24561255,0.281401668,0.254491613,0.20716028,0.244659909,0.245345405,0.259291537,0.251604099
pentahomomethionine,0.127166868,0.158988604,0.205038677,0.160437116,0.640686135,0.115594011,0.15337084,0.199687552,0.169387158,0.28882792,0.139435195,0.201384216,0.595822309,0.182978148,0.156957774,0.143629039
pentamidine,0.211912853,0.171847489,0.255096867,0.160709431,0.144557933,0.125986155,0.143205459,0.149258865,0.222829369,0.145506681,0.28949357,0.136268368,0.281294331,0.161467374,0.176071958,0.153966367
polypodine B,0.678813331,0.544394216,1.391021249,0.75514403,0.403274947,0.349653622,0.782068074,0.735738162,0.894786651,0.255393849,0.407267843,0.312271033,0.293755472,0.584475935,0.382924148,0.450931349
prifelone,0.249919694,0.262546066,0.242493539,0.28238984,0.249273897,0.270880727,0.275423659,0.265844343,0.156592173,0.185882801,0.258940126,0.203679594,0.175558868,0.182459134,0.233309182,0.257183986
prohydrojasmon,0.353704704,0.235636588,0.175330187,0.268595078,0.366834106,0.480104346,0.531190306,0.649370811,0.435963089,0.551491789,0.364120007,0.487167665,0.286991745,0.350075631,0.370489088,0.271614818
propionylcarnitine,0.308313728,0.64713128,0.163656046,0.109771402,2.857608546,0.477483181,0.418913156,1.308551318,1.303858509,1.802109484,0.333291073,1.743550541,5.11134965,6.463126868,1.392828933,2.923859796
pseudouridine,0.450051331,0.646460802,0.493219058,0.611411759,0.465271463,0.535446698,0.477360855,0.509814694,0.370090106,0.419768352,0.645595818,0.421766554,0.398479992,0.481256166,0.582683115,0.577338028
shrimp shell,159.9872846,137.0985331,163.6792714,233.3476061,97.39145861,144.4689697,126.4771584,133.622353,47.07518844,72.72996829,192.6103217,73.49043493,53.53703496,33.714652,99.03078995,69.65936982
spiramycin III,6.411965656,1.031571473,6.352056808,1.311712474,0.72703166,8.054213149,6.452739111,1.313238258,6.587833821,7.80852907,2.493517974,10.49725132,0.331948021,7.117835806,0.376133047,0.608661812
spiromesifen,0.241005178,0.352899101,0.28502378,0.361099859,0.198912517,0.228448877,0.266740576,0.298736374,0.203393751,0.260619216,0.371599995,0.254465611,0.246667496,0.279279826,0.339563441,0.257862194
suberylglycine,2.916132172,5.202458585,2.451797514,3.737413073,3.931002727,3.993304067,3.32979913,3.364782583,3.76521496,6.433383867,4.150212456,4.637645902,5.242382098,2.30153151,4.387494999,4.301476031
sulukast,816.8114984,763.8687212,110.6580682,851.2655874,1322.508571,1085.883015,1211.882562,736.2525982,787.9401701,1032.277302,660.8038349,756.5310151,616.4448385,834.7038635,11.98577813,681.16157
taleranol,0.497755808,0.568114493,0.551590078,0.51520356,0.516418577,0.402886697,0.405282888,0.447628732,0.487080694,0.621187286,0.517505245,0.508931177,0.483206897,0.575988744,0.476641756,0.441027549
tenivastatin,34.95837189,40.41574639,24.0301546,35.89378279,46.6462108,37.71864028,30.20892189,61.69460248,67.95152954,73.23552968,45.08311866,49.61876163,43.43905165,50.01998639,52.89173083,41.25247663
tetrahydrocortisol,20.97611067,26.74469319,41.25381511,25.32842955,38.48730997,29.3693588,31.04860858,24.6777639,18.06152603,23.49189891,19.44366306,37.95663245,19.43305406,22.51609468,26.76990904,15.91739805
thr-pro,5.181331316,5.18921318,6.102016976,4.627432163,4.127062839,4.651655777,5.26868548,4.231667473,2.655496689,2.993910211,4.210412194,4.401274036,4.884359675,4.396043541,4.427745819,4.036500644
tilisolol,5.091286738,5.870335199,2.445823132,4.920189618,11.53403583,5.831860205,7.248026844,5.739938835,12.02529971,15.58350413,7.833039656,8.078518595,6.778315059,14.18850991,7.977520312,8.843624198
toxoflavin,2.068906064,1.195594475,0.996711399,1.885287384,1.027550187,1.52848882,1.802520578,1.468138732,0.77378172,1.851042447,2.100322922,2.150429275,1.444549786,1.354178044,1.896062999,1.696855929
trans-10-Heptadecenoic acid,31.4168756,36.23348474,65.79861892,41.12923716,36.50523384,31.04741137,26.76030096,34.55968421,40.78052556,20.06190677,44.56708816,41.3424539,40.88174439,33.39257713,24.6840031,45.03202967
trans-2-Dodecenoylcarnitine,2.167871701,3.943601752,3.436516304,1.827312233,4.197029018,1.033566098,2.585808202,0.995019934,1.647799374,2.457805801,2.685140668,2.037423923,1.23158919,2.772478197,1.544845947,2.147278747
tridec-2-enal,2.384750709,3.434218908,2.740617433,3.440736805,2.315071052,2.799568602,2.401445457,0.741512853,1.505049348,2.68474963,1.484348489,3.221962777,2.877520128,1.458189935,4.070637929,2.378185937
trithionic acid,6.7155824,2.292605844,6.177429945,5.697697468,1.039359226,2.509712888,2.208097315,14.04819696,5.112640483,5.274114768,5.882265745,6.919948637,8.287568022,4.485938748,4.510501507,1.946911686
tyr-ser,0.59414249,0.681589958,0.687154661,0.685768952,0.579964052,0.656255304,0.672216527,0.63414981,0.357636896,0.414414823,0.688314772,0.448831925,0.443237588,0.352324351,0.559656197,0.664670826
tyramine sulfate,0.884981466,1.347286017,0.95281595,0.925165367,1.435671933,1.080374086,0.742324231,0.587249903,0.314941918,1.068219477,0.48666836,0.520641832,0.804773903,0.994559847,0.659422187,0.50146581
urobilin,5.006903169,3.120733361,0.887671471,3.042083763,5.120297317,4.695772343,3.742131633,0.547128105,1.141234888,1.40156413,0.395832622,7.909699973,6.374802525,1.466699629,1.345638386,3.781406043
urobilinogen,13.34189751,11.90686686,9.705636976,15.98740173,20.6461406,7.116272214,10.20626786,4.515529515,13.51729582,20.5686249,7.568697196,9.419364469,10.06605305,17.68101358,10.96029223,9.516815285
viprostol,2.491587587,1.976423723,2.961102988,2.387867177,0.954049,0.699586722,0.898293524,0.307581933,1.954608984,0.372765974,2.02093504,0.25576637,0.300144967,1.621420825,0.217043085,0.186355796
zinniol,0.161189438,0.113713999,0.101471566,0.186945536,0.203592276,0.200207329,0.111697333,0.170772339,0.165640029,0.155829401,0.205495406,0.093828598,0.190035061,0.117105052,0.115912458,0.157016798
Δ2-trans-Hexadecenoic acid,37.32030138,86.55432217,234.8183398,290.7157,119.963921,97.22303841,26.36595318,17.01157156,6.782588977,53.65514584,21.83166846,31.04573704,133.89865,97.22494295,59.74189972,24.41727258
α-Cyano-3-hydroxycinnamic acid,0.768003629,0.881040441,0.906972315,0.9031748,0.782578109,0.8860045,0.868924106,0.721408091,0.457425259,0.512685202,0.889733105,0.587977085,0.537799621,0.583662106,0.570773405,0.775777668
β-D-Glucopyranuronic acid,11.74197531,3.921316065,7.63630238,7.110967461,10.6479893,7.059042878,13.31708576,17.36032056,21.84495982,14.68893585,11.80242196,12.85271031,29.93823439,27.34399858,14.20185156,12.5662531
γ-Glu-Ala,0.868049757,0.33938841,1.314717727,0.914559786,0.470313112,0.608705682,1.161038488,1.389310234,0.388191584,0.511048059,1.231820348,0.639687522,0.890392508,0.49759446,0.647549681,0.581084097
γ-glutamyltyramine,0.729035748,0.369399867,0.153948068,0.453493889,0.15700938,0.455597723,0.710038936,1.193185096,0.103857531,0.222152379,0.386019777,0.697987139,0.403216148,0.133225834,0.241061025,0.321458478
